0 verbose cli /usr/local/bin/node /usr/local/bin/npm
1 info using npm@10.5.0
2 info using node@v20.12.2
3 timing npm:load:whichnode Completed in 1ms
4 timing config:load:defaults Completed in 1ms
5 timing config:load:file:/usr/local/lib/node_modules/npm/npmrc Completed in 1ms
6 timing config:load:builtin Completed in 2ms
7 timing config:load:cli Completed in 1ms
8 timing config:load:env Completed in 0ms
9 timing config:load:project Completed in 2ms
10 timing config:load:file:/root/.npmrc Completed in 9ms
11 timing config:load:user Completed in 10ms
12 timing config:load:file:/usr/local/etc/npmrc Completed in 0ms
13 timing config:load:global Completed in 0ms
14 timing config:load:setEnvs Completed in 1ms
15 timing config:load Completed in 17ms
16 timing npm:load:configload Completed in 17ms
17 timing config:load:flatten Completed in 2ms
18 timing npm:load:mkdirpcache Completed in 1ms
19 timing npm:load:mkdirplogs Completed in 3ms
20 verbose title npm install
21 verbose argv "install"
22 timing npm:load:setTitle Completed in 0ms
23 timing npm:load:display Completed in 1ms
24 verbose logfile logs-max:10 dir:/root/.npm/_logs/2026-03-18T12_30_20_351Z-
25 verbose logfile /root/.npm/_logs/2026-03-18T12_30_20_351Z-debug-0.log
26 timing npm:load:logFile Completed in 14ms
27 timing npm:load:timers Completed in 0ms
28 timing npm:load:configScope Completed in 0ms
29 timing npm:load Completed in 54ms
30 timing arborist:ctor Completed in 1ms
31 silly logfile done cleaning log files
32 timing idealTree:init Completed in 467ms
33 timing idealTree:userRequests Completed in 0ms
34 silly idealTree buildDeps
35 timing idealTree:#root Completed in 1ms
36 timing idealTree:buildDeps Completed in 2ms
37 timing idealTree:fixDepFlags Completed in 0ms
38 timing idealTree Completed in 480ms
39 timing reify:loadTrees Completed in 493ms
40 timing reify:diffTrees Completed in 8ms
41 silly reify moves {}
42 timing reify:retireShallow Completed in 2ms
43 http fetch GET 200 https://registry.npmjs.org/npm 724ms
44 timing reify:createSparse Completed in 1414ms
45 timing reify:loadBundles Completed in 0ms
46 silly audit bulk request {
46 silly audit   '@aashutoshrathi/word-wrap': [ '1.2.6' ],
46 silly audit   '@ampproject/remapping': [ '2.3.0' ],
46 silly audit   '@babel/code-frame': [ '7.24.2' ],
46 silly audit   '@babel/compat-data': [ '7.24.4' ],
46 silly audit   '@babel/core': [ '7.24.4' ],
46 silly audit   semver: [ '6.3.1', '7.6.0' ],
46 silly audit   '@babel/generator': [ '7.24.4' ],
46 silly audit   '@babel/helper-compilation-targets': [ '7.23.6' ],
46 silly audit   '@babel/helper-environment-visitor': [ '7.22.20' ],
46 silly audit   '@babel/helper-function-name': [ '7.23.0' ],
46 silly audit   '@babel/helper-hoist-variables': [ '7.22.5' ],
46 silly audit   '@babel/helper-module-imports': [ '7.24.3' ],
46 silly audit   '@babel/helper-module-transforms': [ '7.23.3' ],
46 silly audit   '@babel/helper-plugin-utils': [ '7.24.0' ],
46 silly audit   '@babel/helper-simple-access': [ '7.22.5' ],
46 silly audit   '@babel/helper-split-export-declaration': [ '7.22.6' ],
46 silly audit   '@babel/helper-string-parser': [ '7.24.1' ],
46 silly audit   '@babel/helper-validator-identifier': [ '7.22.20' ],
46 silly audit   '@babel/helper-validator-option': [ '7.23.5' ],
46 silly audit   '@babel/helpers': [ '7.24.4' ],
46 silly audit   '@babel/highlight': [ '7.24.2' ],
46 silly audit   'ansi-styles': [ '3.2.1', '4.3.0', '5.2.0', '6.1.0' ],
46 silly audit   chalk: [ '2.4.2', '5.0.1', '4.1.2', '5.3.0' ],
46 silly audit   'color-convert': [ '1.9.3', '2.0.1' ],
46 silly audit   'color-name': [ '1.1.3', '1.1.4' ],
46 silly audit   'has-flag': [ '3.0.0', '4.0.0' ],
46 silly audit   'supports-color': [ '5.5.0', '8.1.1', '7.2.0' ],
46 silly audit   '@babel/parser': [ '7.24.4' ],
46 silly audit   '@babel/plugin-syntax-async-generators': [ '7.8.4' ],
46 silly audit   '@babel/plugin-syntax-bigint': [ '7.8.3' ],
46 silly audit   '@babel/plugin-syntax-class-properties': [ '7.12.13' ],
46 silly audit   '@babel/plugin-syntax-import-meta': [ '7.10.4' ],
46 silly audit   '@babel/plugin-syntax-json-strings': [ '7.8.3' ],
46 silly audit   '@babel/plugin-syntax-jsx': [ '7.24.1' ],
46 silly audit   '@babel/plugin-syntax-logical-assignment-operators': [ '7.10.4' ],
46 silly audit   '@babel/plugin-syntax-nullish-coalescing-operator': [ '7.8.3' ],
46 silly audit   '@babel/plugin-syntax-numeric-separator': [ '7.10.4' ],
46 silly audit   '@babel/plugin-syntax-object-rest-spread': [ '7.8.3' ],
46 silly audit   '@babel/plugin-syntax-optional-catch-binding': [ '7.8.3' ],
46 silly audit   '@babel/plugin-syntax-optional-chaining': [ '7.8.3' ],
46 silly audit   '@babel/plugin-syntax-top-level-await': [ '7.14.5' ],
46 silly audit   '@babel/plugin-syntax-typescript': [ '7.24.1' ],
46 silly audit   '@babel/runtime': [ '7.24.4' ],
46 silly audit   '@babel/template': [ '7.24.0' ],
46 silly audit   '@babel/traverse': [ '7.24.1' ],
46 silly audit   globals: [ '11.12.0', '14.0.0', '13.24.0', '15.0.0' ],
46 silly audit   '@babel/types': [ '7.24.0' ],
46 silly audit   '@bcoe/v8-coverage': [ '0.2.3' ],
46 silly audit   '@colors/colors': [ '1.5.0' ],
46 silly audit   '@discoveryjs/json-ext': [ '0.5.7' ],
46 silly audit   '@eslint-community/eslint-utils': [ '4.4.0' ],
46 silly audit   '@eslint-community/regexpp': [ '4.10.0' ],
46 silly audit   '@eslint/eslintrc': [ '3.0.2', '2.1.4' ],
46 silly audit   '@eslint/js': [ '9.1.1', '8.57.0' ],
46 silly audit   '@fastify/accept-negotiator': [ '1.0.0' ],
46 silly audit   '@fastify/ajv-compiler': [ '3.5.0' ],
46 silly audit   ajv: [ '8.12.0', '6.12.6', '8.11.0' ],
46 silly audit   'json-schema-traverse': [ '1.0.0', '0.4.1' ],
46 silly audit   '@fastify/cookie': [ '9.3.1' ],
46 silly audit   'fastify-plugin': [ '4.5.1', '4.2.0', '2.3.4', '3.0.1' ],
46 silly audit   '@fastify/deepmerge': [ '1.3.0' ],
46 silly audit   '@fastify/error': [ '3.4.1' ],
46 silly audit   '@fastify/fast-json-stringify-compiler': [ '4.3.0' ],
46 silly audit   '@fastify/flash': [ '5.1.0' ],
46 silly audit   '@fastify/formbody': [ '7.4.0' ],
46 silly audit   '@fastify/merge-json-schemas': [ '0.1.1' ],
46 silly audit   '@fastify/secure-session': [ '7.5.1' ],
46 silly audit   '@fastify/send': [ '2.1.0' ],
46 silly audit   '@fastify/sensible': [ '5.5.0' ],
46 silly audit   '@fastify/static': [ '7.0.3' ],
46 silly audit   '@fastify/view': [ '9.0.0' ],
46 silly audit   '@gar/promisify': [ '1.1.3' ],
46 silly audit   '@humanwhocodes/config-array': [ '0.11.14' ],
46 silly audit   '@humanwhocodes/module-importer': [ '1.0.1' ],
46 silly audit   '@humanwhocodes/object-schema': [ '2.0.3' ],
46 silly audit   '@isaacs/cliui': [ '8.0.2' ],
46 silly audit   'ansi-regex': [ '6.0.1', '5.0.1' ],
46 silly audit   'emoji-regex': [ '9.2.2', '8.0.0' ],
46 silly audit   'string-width': [ '5.1.2', '4.2.3' ],
46 silly audit   'strip-ansi': [ '7.1.0', '7.0.1', '6.0.1' ],
46 silly audit   '@istanbuljs/load-nyc-config': [ '1.1.0' ],
46 silly audit   argparse: [ '1.0.10', '2.0.1' ],
46 silly audit   'find-up': [ '4.1.0', '5.0.0', '3.0.0' ],
46 silly audit   'js-yaml': [ '3.14.1', '4.1.0' ],
46 silly audit   'locate-path': [ '5.0.0', '6.0.0', '3.0.0' ],
46 silly audit   'p-limit': [ '2.3.0', '3.1.0' ],
46 silly audit   'p-locate': [ '4.1.0', '5.0.0', '3.0.0' ],
46 silly audit   '@istanbuljs/schema': [ '0.1.3' ],
46 silly audit   '@jest/console': [ '29.7.0' ],
46 silly audit   '@jest/core': [ '29.7.0' ],
46 silly audit   '@jest/environment': [ '29.7.0' ],
46 silly audit   '@jest/expect': [ '29.7.0' ],
46 silly audit   '@jest/expect-utils': [ '29.7.0' ],
46 silly audit   '@jest/fake-timers': [ '29.7.0' ],
46 silly audit   '@jest/globals': [ '29.7.0' ],
46 silly audit   '@jest/reporters': [ '29.7.0' ],
46 silly audit   glob: [ '7.2.3', '10.3.12', '8.1.0' ],
46 silly audit   '@jest/schemas': [ '29.6.3' ],
46 silly audit   '@jest/source-map': [ '29.6.3' ],
46 silly audit   '@jest/test-result': [ '29.7.0' ],
46 silly audit   '@jest/test-sequencer': [ '29.7.0' ],
46 silly audit   '@jest/transform': [ '29.7.0' ],
46 silly audit   '@jest/types': [ '29.6.3' ],
46 silly audit   '@jridgewell/gen-mapping': [ '0.3.5' ],
46 silly audit   '@jridgewell/resolve-uri': [ '3.1.2' ],
46 silly audit   '@jridgewell/set-array': [ '1.2.1' ],
46 silly audit   '@jridgewell/source-map': [ '0.3.6' ],
46 silly audit   '@jridgewell/sourcemap-codec': [ '1.4.15' ],
46 silly audit   '@jridgewell/trace-mapping': [ '0.3.25' ],
46 silly audit   '@lukeed/ms': [ '2.0.2' ],
46 silly audit   '@nodelib/fs.scandir': [ '2.1.5' ],
46 silly audit   '@nodelib/fs.stat': [ '2.0.5' ],
46 silly audit   '@nodelib/fs.walk': [ '1.2.8' ],
46 silly audit   '@npmcli/fs': [ '3.1.0', '2.1.2', '1.1.1' ],
46 silly audit   '@npmcli/git': [ '4.1.0' ],
46 silly audit   'lru-cache': [ '7.18.3', '5.1.1', '10.2.0', '6.0.0' ],
46 silly audit   which: [ '3.0.1', '2.0.2' ],
46 silly audit   '@npmcli/installed-package-contents': [ '2.0.2' ],
46 silly audit   '@npmcli/move-file': [ '2.0.1', '1.1.2' ],
46 silly audit   '@npmcli/node-gyp': [ '3.0.0' ],
46 silly audit   '@npmcli/promise-spawn': [ '6.0.2' ],
46 silly audit   '@npmcli/run-script': [ '6.0.2' ],
46 silly audit   '@one-ini/wasm': [ '0.1.1' ],
46 silly audit   '@pkgjs/parseargs': [ '0.11.0' ],
46 silly audit   '@pnpm/network.ca-file': [ '1.0.1' ],
46 silly audit   '@pnpm/npm-conf': [ '1.0.5' ],
46 silly audit   '@popperjs/core': [ '2.11.8' ],
46 silly audit   '@rails/ujs': [ '7.1.3-2' ],
46 silly audit   '@sigstore/bundle': [ '1.1.0' ],
46 silly audit   '@sigstore/protobuf-specs': [ '0.2.1' ],
46 silly audit   '@sigstore/sign': [ '1.0.0' ],
46 silly audit   '@sigstore/tuf': [ '1.0.3' ],
46 silly audit   '@sinclair/typebox': [ '0.27.8' ],
46 silly audit   '@sindresorhus/is': [ '5.3.0' ],
46 silly audit   '@sinonjs/commons': [ '3.0.1' ],
46 silly audit   '@sinonjs/fake-timers': [ '10.3.0' ],
46 silly audit   '@szmarczak/http-timer': [ '5.0.1' ],
46 silly audit   '@tootallnate/once': [ '2.0.0', '1.1.2' ],
46 silly audit   '@tufjs/canonical-json': [ '1.0.0' ],
46 silly audit   '@tufjs/models': [ '1.0.4' ],
46 silly audit   'brace-expansion': [ '2.0.1', '1.1.11' ],
46 silly audit   minimatch: [ '9.0.4', '9.0.1', '5.1.6', '3.1.2' ],
46 silly audit   '@types/babel__core': [ '7.20.5' ],
46 silly audit   '@types/babel__generator': [ '7.6.8' ],
46 silly audit   '@types/babel__template': [ '7.4.4' ],
46 silly audit   '@types/babel__traverse': [ '7.20.5' ],
46 silly audit   '@types/cacheable-request': [ '6.0.2' ],
46 silly audit   '@types/debug': [ '4.1.12' ],
46 silly audit   '@types/eslint': [ '8.4.6' ],
46 silly audit   '@types/eslint-scope': [ '3.7.4' ],
46 silly audit   '@types/estree': [ '1.0.5' ],
46 silly audit   '@types/graceful-fs': [ '4.1.9' ],
46 silly audit   '@types/http-cache-semantics': [ '4.0.1' ],
46 silly audit   '@types/istanbul-lib-coverage': [ '2.0.6' ],
46 silly audit   '@types/istanbul-lib-report': [ '3.0.3' ],
46 silly audit   '@types/istanbul-reports': [ '3.0.4' ],
46 silly audit   '@types/jest': [ '29.5.12' ],
46 silly audit   '@types/json-schema': [ '7.0.11' ],
46 silly audit   '@types/json5': [ '0.0.29' ],
46 silly audit   '@types/keyv': [ '3.1.4' ],
46 silly audit   '@types/ms': [ '0.7.34' ],
46 silly audit   '@types/node': [ '20.12.7' ],
46 silly audit   '@types/responselike': [ '1.0.0' ],
46 silly audit   '@types/semver-utils': [ '1.1.3' ],
46 silly audit   '@types/stack-trace': [ '0.0.29' ],
46 silly audit   '@types/stack-utils': [ '2.0.3' ],
46 silly audit   '@types/validator': [ '13.11.9' ],
46 silly audit   '@types/yargs': [ '17.0.32' ],
46 silly audit   '@types/yargs-parser': [ '21.0.3' ],
46 silly audit   '@ungap/structured-clone': [ '1.2.0' ],
46 silly audit   '@vscode/sqlite3': [ '5.1.2' ],
46 silly audit   '@webassemblyjs/ast': [ '1.12.1' ],
46 silly audit   '@webassemblyjs/floating-point-hex-parser': [ '1.11.6' ],
46 silly audit   '@webassemblyjs/helper-api-error': [ '1.11.6' ],
46 silly audit   '@webassemblyjs/helper-buffer': [ '1.12.1' ],
46 silly audit   '@webassemblyjs/helper-numbers': [ '1.11.6' ],
46 silly audit   '@webassemblyjs/helper-wasm-bytecode': [ '1.11.6' ],
46 silly audit   '@webassemblyjs/helper-wasm-section': [ '1.12.1' ],
46 silly audit   '@webassemblyjs/ieee754': [ '1.11.6' ],
46 silly audit   '@webassemblyjs/leb128': [ '1.11.6' ],
46 silly audit   '@webassemblyjs/utf8': [ '1.11.6' ],
46 silly audit   '@webassemblyjs/wasm-edit': [ '1.12.1' ],
46 silly audit   '@webassemblyjs/wasm-gen': [ '1.12.1' ],
46 silly audit   '@webassemblyjs/wasm-opt': [ '1.12.1' ],
46 silly audit   '@webassemblyjs/wasm-parser': [ '1.12.1' ],
46 silly audit   '@webassemblyjs/wast-printer': [ '1.12.1' ],
46 silly audit   '@webpack-cli/configtest': [ '2.1.1' ],
46 silly audit   '@webpack-cli/info': [ '2.0.2' ],
46 silly audit   '@webpack-cli/serve': [ '2.0.5' ],
46 silly audit   '@xtuc/ieee754': [ '1.2.0' ],
46 silly audit   '@xtuc/long': [ '4.2.2' ],
46 silly audit   abbrev: [ '1.1.1', '2.0.0' ],
46 silly audit   'abort-controller': [ '3.0.0' ],
46 silly audit   'abstract-logging': [ '2.0.1' ],
46 silly audit   acorn: [ '8.11.3', '7.4.1' ],
46 silly audit   'acorn-import-assertions': [ '1.9.0' ],
46 silly audit   'acorn-jsx': [ '5.3.2' ],
46 silly audit   'agent-base': [ '6.0.2' ],
46 silly audit   agentkeepalive: [ '4.2.1' ],
46 silly audit   depd: [ '1.1.2', '2.0.0' ],
46 silly audit   'aggregate-error': [ '3.1.0' ],
46 silly audit   'ajv-formats': [ '2.1.1', '3.0.1' ],
46 silly audit   'ajv-keywords': [ '3.5.2', '5.1.0' ],
46 silly audit   'ansi-align': [ '3.0.1' ],
46 silly audit   'ansi-escapes': [ '4.3.2' ],
46 silly audit   'type-fest': [ '0.21.3', '2.19.0', '1.4.0', '0.20.2' ],
46 silly audit   anymatch: [ '3.1.2' ],
46 silly audit   aproba: [ '2.0.0' ],
46 silly audit   archy: [ '1.0.0' ],
46 silly audit   'are-we-there-yet': [ '3.0.1' ],
46 silly audit   'array-buffer-byte-length': [ '1.0.1' ],
46 silly audit   'array-includes': [ '3.1.8' ],
46 silly audit   'array-union': [ '2.1.0' ],
46 silly audit   'array.prototype.findlastindex': [ '1.2.5' ],
46 silly audit   'array.prototype.flat': [ '1.3.2' ],
46 silly audit   'array.prototype.flatmap': [ '1.3.2' ],
46 silly audit   'arraybuffer.prototype.slice': [ '1.0.3' ],
46 silly audit   asap: [ '2.0.6' ],
46 silly audit   'assert-never': [ '1.2.1' ],
46 silly audit   'at-least-node': [ '1.0.0' ],
46 silly audit   'atomic-sleep': [ '1.0.0' ],
46 silly audit   'available-typed-arrays': [ '1.0.7' ],
46 silly audit   avvio: [ '8.3.0' ],
46 silly audit   'babel-jest': [ '29.7.0' ],
46 silly audit   'babel-plugin-istanbul': [ '6.1.1' ],
46 silly audit   'istanbul-lib-instrument': [ '5.2.1', '6.0.2' ],
46 silly audit   'babel-plugin-jest-hoist': [ '29.6.3' ],
46 silly audit   'babel-preset-current-node-syntax': [ '1.0.1' ],
46 silly audit   'babel-preset-jest': [ '29.6.3' ],
46 silly audit   'babel-walk': [ '3.0.0-canary-5' ],
46 silly audit   'balanced-match': [ '1.0.2' ],
46 silly audit   'base64-js': [ '1.5.1' ],
46 silly audit   'better-sqlite3': [ '8.7.0' ],
46 silly audit   'binary-extensions': [ '2.2.0' ],
46 silly audit   bindings: [ '1.5.0' ],
46 silly audit   bl: [ '4.1.0' ],
46 silly audit   bluebird: [ '3.7.2' ],
46 silly audit   bootstrap: [ '5.3.3' ],
46 silly audit   boxen: [ '7.0.0' ],
46 silly audit   camelcase: [ '7.0.0', '5.3.1', '6.3.0' ],
46 silly audit   braces: [ '3.0.2' ],
46 silly audit   browserslist: [ '4.23.0' ],
46 silly audit   bser: [ '2.1.1' ],
46 silly audit   buffer: [ '5.7.1', '6.0.3' ],
46 silly audit   'buffer-from': [ '1.1.2' ],
46 silly audit   builtins: [ '5.1.0' ],
46 silly audit   cacache: [ '17.1.4', '16.1.3', '15.3.0' ],
46 silly audit   'fs-minipass': [ '3.0.3', '2.1.0' ],
46 silly audit   minipass: [ '7.0.4', '5.0.0', '3.3.4' ],
46 silly audit   'unique-filename': [ '3.0.0', '2.0.1', '1.1.1' ],
46 silly audit   'unique-slug': [ '4.0.0', '3.0.0', '2.0.2' ],
46 silly audit   'cacheable-lookup': [ '6.1.0' ],
46 silly audit   'cacheable-request': [ '7.0.2' ],
46 silly audit   'get-stream': [ '5.2.0', '6.0.1' ],
46 silly audit   'lowercase-keys': [ '2.0.0', '3.0.0' ],
46 silly audit   'call-bind': [ '1.0.7' ],
46 silly audit   callsites: [ '3.1.0' ],
46 silly audit   'caniuse-lite': [ '1.0.30001612' ],
46 silly audit   'char-regex': [ '1.0.2' ],
46 silly audit   'character-parser': [ '2.2.0' ],
46 silly audit   chokidar: [ '3.5.3' ],
46 silly audit   'glob-parent': [ '5.1.2', '6.0.2' ],
46 silly audit   chownr: [ '2.0.0', '1.1.4' ],
46 silly audit   'chrome-trace-event': [ '1.0.3' ],
46 silly audit   'ci-info': [ '3.3.2' ],
46 silly audit   'cjs-module-lexer': [ '1.2.3' ],
46 silly audit   'clean-stack': [ '2.2.0' ],
46 silly audit   'cli-boxes': [ '3.0.0' ],
46 silly audit   'cli-color': [ '2.0.4' ],
46 silly audit   'cli-table3': [ '0.6.4' ],
46 silly audit   cliui: [ '8.0.1', '7.0.4' ],
46 silly audit   'wrap-ansi': [ '7.0.0', '8.1.0' ],
46 silly audit   'clone-deep': [ '4.0.1' ],
46 silly audit   'clone-response': [ '1.0.3' ],
46 silly audit   'close-with-grace': [ '1.1.0' ],
46 silly audit   co: [ '4.6.0' ],
46 silly audit   'collect-v8-coverage': [ '1.0.2' ],
46 silly audit   'color-support': [ '1.1.3' ],
46 silly audit   colorette: [ '2.0.19' ],
46 silly audit   commander: [ '10.0.1', '2.20.3' ],
46 silly audit   commist: [ '3.0.0' ],
46 silly audit   'concat-map': [ '0.0.1' ],
46 silly audit   concurrently: [ '8.2.2' ],
46 silly audit   'config-chain': [ '1.1.13' ],
46 silly audit   ini: [ '1.3.8', '2.0.0', '4.1.2' ],
46 silly audit   configstore: [ '6.0.0' ],
46 silly audit   'write-file-atomic': [ '3.0.3', '4.0.2' ],
46 silly audit   'confusing-browser-globals': [ '1.0.11' ],
46 silly audit   'console-control-strings': [ '1.1.0' ],
46 silly audit   constantinople: [ '4.0.1' ],
46 silly audit   'content-disposition': [ '0.5.4' ],
46 silly audit   'convert-source-map': [ '2.0.0' ],
46 silly audit   cookie: [ '0.6.0', '0.4.2' ],
46 silly audit   'cookie-signature': [ '1.2.1' ],
46 silly audit   'create-jest': [ '29.7.0' ],
46 silly audit   'cross-spawn': [ '7.0.3' ],
46 silly audit   'crypto-random-string': [ '4.0.0' ],
46 silly audit   'css-loader': [ '7.1.1' ],
46 silly audit   cssesc: [ '3.0.0' ],
46 silly audit   d: [ '1.0.2' ],
46 silly audit   'data-view-buffer': [ '1.0.1' ],
46 silly audit   'data-view-byte-length': [ '1.0.1' ],
46 silly audit   'data-view-byte-offset': [ '1.0.0' ],
46 silly audit   'date-fns': [ '2.30.0' ],
46 silly audit   dateformat: [ '4.6.3' ],
46 silly audit   'db-errors': [ '0.2.3' ],
46 silly audit   debug: [ '4.3.4', '3.2.7' ],
46 silly audit   ms: [ '2.1.2', '2.1.3' ],
46 silly audit   'decompress-response': [ '6.0.0' ],
46 silly audit   'mimic-response': [ '3.1.0', '1.0.1' ],
46 silly audit   dedent: [ '1.5.3' ],
46 silly audit   'deep-extend': [ '0.6.0' ],
46 silly audit   'deep-is': [ '0.1.4' ],
46 silly audit   deepmerge: [ '4.3.1' ],
46 silly audit   'defer-to-connect': [ '2.0.1' ],
46 silly audit   'define-data-property': [ '1.1.4' ],
46 silly audit   'define-properties': [ '1.2.1' ],
46 silly audit   delegates: [ '1.0.0' ],
46 silly audit   'detect-libc': [ '2.0.3' ],
46 silly audit   'detect-newline': [ '3.1.0' ],
46 silly audit   'diff-sequences': [ '29.6.3' ],
46 silly audit   'dir-glob': [ '3.0.1' ],
46 silly audit   doctrine: [ '3.0.0', '2.1.0' ],
46 silly audit   doctypes: [ '1.1.0' ],
46 silly audit   'dot-prop': [ '6.0.1' ],
46 silly audit   dotenv: [ '16.4.5' ],
46 silly audit   dottie: [ '2.0.6' ],
46 silly audit   eastasianwidth: [ '0.2.0' ],
46 silly audit   editorconfig: [ '1.0.4' ],
46 silly audit   'electron-to-chromium': [ '1.4.746' ],
46 silly audit   emittery: [ '0.13.1' ],
46 silly audit   encoding: [ '0.1.13' ],
46 silly audit   'end-of-stream': [ '1.4.4' ],
46 silly audit   'enhanced-resolve': [ '5.16.0' ],
46 silly audit   entities: [ '3.0.1' ],
46 silly audit   'env-paths': [ '2.2.1' ],
46 silly audit   envinfo: [ '7.12.0' ],
46 silly audit   'err-code': [ '2.0.3' ],
46 silly audit   'error-ex': [ '1.3.2' ],
46 silly audit   'es-abstract': [ '1.23.3' ],
46 silly audit   'es-define-property': [ '1.0.0' ],
46 silly audit   'es-errors': [ '1.3.0' ],
46 silly audit   'es-module-lexer': [ '1.5.0' ],
46 silly audit   'es-object-atoms': [ '1.0.0' ],
46 silly audit   'es-set-tostringtag': [ '2.0.3' ],
46 silly audit   'es-shim-unscopables': [ '1.0.2' ],
46 silly audit   'es-to-primitive': [ '1.2.1' ],
46 silly audit   'es5-ext': [ '0.10.64' ],
46 silly audit   'es6-iterator': [ '2.0.3' ],
46 silly audit   'es6-symbol': [ '3.1.4' ],
46 silly audit   'es6-weak-map': [ '2.0.3' ],
46 silly audit   escalade: [ '3.1.1' ],
46 silly audit   'escape-goat': [ '4.0.0' ],
46 silly audit   'escape-html': [ '1.0.3' ],
46 silly audit   'escape-string-regexp': [ '1.0.5', '4.0.0', '2.0.0' ],
46 silly audit   eslint: [ '8.57.0' ],
46 silly audit   'eslint-config-airbnb-base': [ '15.0.0' ],
46 silly audit   'eslint-import-resolver-node': [ '0.3.9' ],
46 silly audit   'eslint-module-utils': [ '2.8.1' ],
46 silly audit   'eslint-plugin-import': [ '2.29.1' ],
46 silly audit   'eslint-scope': [ '7.2.2', '5.1.1' ],
46 silly audit   'eslint-visitor-keys': [ '3.4.3', '4.0.0' ],
46 silly audit   espree: [ '9.6.1', '10.0.1' ],
46 silly audit   esm: [ '3.2.25' ],
46 silly audit   esniff: [ '2.0.1' ],
46 silly audit   esprima: [ '4.0.1' ],
46 silly audit   esquery: [ '1.5.0' ],
46 silly audit   esrecurse: [ '4.3.0' ],
46 silly audit   estraverse: [ '5.3.0', '4.3.0' ],
46 silly audit   esutils: [ '2.0.3' ],
46 silly audit   'event-emitter': [ '0.3.5' ],
46 silly audit   'event-target-shim': [ '5.0.1' ],
46 silly audit   events: [ '3.3.0' ],
46 silly audit   execa: [ '5.1.1' ],
46 silly audit   exit: [ '0.1.2' ],
46 silly audit   'expand-template': [ '2.0.3' ],
46 silly audit   expect: [ '29.7.0' ],
46 silly audit   'exponential-backoff': [ '3.1.1' ],
46 silly audit   ext: [ '1.7.0' ],
46 silly audit   'fast-content-type-parse': [ '1.1.0' ],
46 silly audit   'fast-copy': [ '3.0.2' ],
46 silly audit   'fast-decode-uri-component': [ '1.0.1' ],
46 silly audit   'fast-deep-equal': [ '3.1.3' ],
46 silly audit   'fast-glob': [ '3.2.11' ],
46 silly audit   'fast-json-stable-stringify': [ '2.1.0' ],
46 silly audit   'fast-json-stringify': [ '5.14.1' ],
46 silly audit   'fast-levenshtein': [ '2.0.6' ],
46 silly audit   'fast-memoize': [ '2.5.2' ],
46 silly audit   'fast-querystring': [ '1.0.0' ],
46 silly audit   'fast-redact': [ '3.5.0' ],
46 silly audit   'fast-safe-stringify': [ '2.1.1' ],
46 silly audit   'fast-uri': [ '2.3.0' ],
46 silly audit   'fastest-levenshtein': [ '1.0.16' ],
46 silly audit   fastify: [ '4.26.2' ],
46 silly audit   'fastify-cli': [ '6.1.1' ],
46 silly audit   'pino-pretty': [ '10.3.1', '11.0.0' ],
46 silly audit   'help-me': [ '5.0.0', '4.2.0' ],
46 silly audit   'readable-stream': [ '4.5.2', '3.6.2' ],
46 silly audit   'fastify-error-page': [ '4.0.0' ],
46 silly audit   'fastify-method-override': [ '1.5.10' ],
46 silly audit   'fastify-objectionjs': [ '2.0.1' ],
46 silly audit   knex: [ '2.5.1', '3.1.0' ],
46 silly audit   'pg-connection-string': [ '2.6.1', '2.6.2', '2.6.4' ],
46 silly audit   'fastify-reverse-routes': [ '3.0.0' ],
46 silly audit   fastq: [ '1.17.1' ],
46 silly audit   'fb-watchman': [ '2.0.2' ],
46 silly audit   'file-entry-cache': [ '6.0.1' ],
46 silly audit   'file-uri-to-path': [ '1.0.0' ],
46 silly audit   'fill-range': [ '7.0.1' ],
46 silly audit   'find-my-way': [ '8.1.0' ],
46 silly audit   'flat-cache': [ '3.2.0' ],
46 silly audit   flatted: [ '3.3.1' ],
46 silly audit   'for-each': [ '0.3.3' ],
46 silly audit   'foreground-child': [ '3.1.1' ],
46 silly audit   'signal-exit': [ '4.1.0', '3.0.7' ],
46 silly audit   'form-data-encoder': [ '2.1.0' ],
46 silly audit   forwarded: [ '0.2.0' ],
46 silly audit   'fp-and-or': [ '0.1.4' ],
46 silly audit   'fs-constants': [ '1.0.0' ],
46 silly audit   'fs-extra': [ '9.1.0' ],
46 silly audit   'fs.realpath': [ '1.0.0' ],
46 silly audit   fsevents: [ '2.3.2' ],
46 silly audit   'function-bind': [ '1.1.2' ],
46 silly audit   'function.prototype.name': [ '1.1.6' ],
46 silly audit   'functions-have-names': [ '1.2.3' ],
46 silly audit   gauge: [ '4.0.4' ],
46 silly audit   generify: [ '4.2.0' ],
46 silly audit   gensync: [ '1.0.0-beta.2' ],
46 silly audit   'get-caller-file': [ '2.0.5' ],
46 silly audit   'get-intrinsic': [ '1.2.4' ],
46 silly audit   'get-package-type': [ '0.1.0' ],
46 silly audit   'get-stdin': [ '8.0.0' ],
46 silly audit   'get-symbol-description': [ '1.0.2' ],
46 silly audit   getopts: [ '2.3.0' ],
46 silly audit   'github-from-package': [ '0.0.0' ],
46 silly audit   'glob-to-regexp': [ '0.4.1' ],
46 silly audit   'global-dirs': [ '3.0.0' ],
46 silly audit   globalthis: [ '1.0.3' ],
46 silly audit   globby: [ '11.1.0' ],
46 silly audit   gopd: [ '1.0.1' ],
46 silly audit   got: [ '12.3.1' ],
46 silly audit   'graceful-fs': [ '4.2.10', '4.2.11' ],
46 silly audit   graphemer: [ '1.4.0' ],
46 silly audit   'has-bigints': [ '1.0.2' ],
46 silly audit   'has-property-descriptors': [ '1.0.2' ],
46 silly audit   'has-proto': [ '1.0.3' ],
46 silly audit   'has-symbols': [ '1.0.3' ],
46 silly audit   'has-tostringtag': [ '1.0.2' ],
46 silly audit   'has-unicode': [ '2.0.1' ],
46 silly audit   'has-yarn': [ '3.0.0' ],
46 silly audit   hashlru: [ '2.3.0' ],
46 silly audit   hasown: [ '2.0.2' ],
46 silly audit   'hosted-git-info': [ '5.2.1', '6.1.1' ],
46 silly audit   'html-escaper': [ '2.0.2' ],
46 silly audit   'http-cache-semantics': [ '4.1.1' ],
46 silly audit   'http-errors': [ '2.0.0' ],
46 silly audit   'http-proxy-agent': [ '5.0.0', '4.0.1' ],
46 silly audit   'http2-wrapper': [ '2.1.11' ],
46 silly audit   'https-proxy-agent': [ '5.0.1' ],
46 silly audit   'human-signals': [ '2.1.0' ],
46 silly audit   'humanize-ms': [ '1.2.1' ],
46 silly audit   i18next: [ '23.11.2' ],
46 silly audit   'iconv-lite': [ '0.6.3' ],
46 silly audit   'icss-utils': [ '5.1.0' ],
46 silly audit   ieee754: [ '1.2.1' ],
46 silly audit   ignore: [ '5.2.0' ],
46 silly audit   'ignore-walk': [ '6.0.4' ],
46 silly audit   'import-fresh': [ '3.3.0' ],
46 silly audit   'resolve-from': [ '4.0.0', '5.0.0' ],
46 silly audit   'import-lazy': [ '4.0.0' ],
46 silly audit   'import-local': [ '3.1.0' ],
46 silly audit   imurmurhash: [ '0.1.4' ],
46 silly audit   'indent-string': [ '4.0.0' ],
46 silly audit   'infer-owner': [ '1.0.4' ],
46 silly audit   inflection: [ '1.13.4' ],
46 silly audit   inflight: [ '1.0.6' ],
46 silly audit   inherits: [ '2.0.4' ],
46 silly audit   'internal-slot': [ '1.0.7' ],
46 silly audit   interpret: [ '2.2.0', '3.1.1' ],
46 silly audit   ip: [ '2.0.0' ],
46 silly audit   'ipaddr.js': [ '1.9.1' ],
46 silly audit   'is-array-buffer': [ '3.0.4' ],
46 silly audit   'is-arrayish': [ '0.2.1' ],
46 silly audit   'is-bigint': [ '1.0.4' ],
46 silly audit   'is-binary-path': [ '2.1.0' ],
46 silly audit   'is-boolean-object': [ '1.1.2' ],
46 silly audit   'is-callable': [ '1.2.7' ],
46 silly audit   'is-ci': [ '3.0.1' ],
46 silly audit   'is-core-module': [ '2.13.1' ],
46 silly audit   'is-data-view': [ '1.0.1' ],
46 silly audit   'is-date-object': [ '1.0.5' ],
46 silly audit   'is-docker': [ '2.2.1' ],
46 silly audit   'is-expression': [ '4.0.0' ],
46 silly audit   'is-extglob': [ '2.1.1' ],
46 silly audit   'is-fullwidth-code-point': [ '3.0.0' ],
46 silly audit   'is-generator-fn': [ '2.1.0' ],
46 silly audit   'is-glob': [ '4.0.3' ],
46 silly audit   'is-installed-globally': [ '0.4.0' ],
46 silly audit   'is-lambda': [ '1.0.1' ],
46 silly audit   'is-negative-zero': [ '2.0.3' ],
46 silly audit   'is-npm': [ '6.0.0' ],
46 silly audit   'is-number': [ '7.0.0' ],
46 silly audit   'is-number-object': [ '1.0.7' ],
46 silly audit   'is-obj': [ '2.0.0' ],
46 silly audit   'is-path-inside': [ '3.0.3' ],
46 silly audit   'is-plain-object': [ '2.0.4' ],
46 silly audit   'is-promise': [ '2.2.2' ],
46 silly audit   'is-regex': [ '1.1.4' ],
46 silly audit   'is-shared-array-buffer': [ '1.0.3' ],
46 silly audit   'is-stream': [ '2.0.1' ],
46 silly audit   'is-string': [ '1.0.7' ],
46 silly audit   'is-symbol': [ '1.0.4' ],
46 silly audit   'is-typed-array': [ '1.1.13' ],
46 silly audit   'is-typedarray': [ '1.0.0' ],
46 silly audit   'is-weakref': [ '1.0.2' ],
46 silly audit   'is-yarn-global': [ '0.4.0' ],
46 silly audit   isarray: [ '2.0.5' ],
46 silly audit   isbinaryfile: [ '4.0.10' ],
46 silly audit   isexe: [ '2.0.0' ],
46 silly audit   isobject: [ '3.0.1' ],
46 silly audit   'istanbul-lib-coverage': [ '3.2.2' ],
46 silly audit   'istanbul-lib-report': [ '3.0.1' ],
46 silly audit   'istanbul-lib-source-maps': [ '4.0.1' ],
46 silly audit   'istanbul-reports': [ '3.1.7' ],
46 silly audit   jackspeak: [ '2.3.6' ],
46 silly audit   jest: [ '29.7.0' ],
46 silly audit   'jest-changed-files': [ '29.7.0' ],
46 silly audit   'jest-circus': [ '29.7.0' ],
46 silly audit   'jest-cli': [ '29.7.0' ],
46 silly audit   'jest-config': [ '29.7.0' ],
46 silly audit   'jest-diff': [ '29.7.0' ],
46 silly audit   'jest-docblock': [ '29.7.0' ],
46 silly audit   'jest-each': [ '29.7.0' ],
46 silly audit   'jest-environment-node': [ '29.7.0' ],
46 silly audit   'jest-get-type': [ '29.6.3' ],
46 silly audit   'jest-haste-map': [ '29.7.0' ],
46 silly audit   'jest-leak-detector': [ '29.7.0' ],
46 silly audit   'jest-matcher-utils': [ '29.7.0' ],
46 silly audit   'jest-message-util': [ '29.7.0' ],
46 silly audit   'jest-mock': [ '29.7.0' ],
46 silly audit   'jest-pnp-resolver': [ '1.2.3' ],
46 silly audit   'jest-regex-util': [ '29.6.3' ],
46 silly audit   'jest-resolve': [ '29.7.0' ],
46 silly audit   'jest-resolve-dependencies': [ '29.7.0' ],
46 silly audit   'jest-runner': [ '29.7.0' ],
46 silly audit   'jest-runtime': [ '29.7.0' ],
46 silly audit   'jest-snapshot': [ '29.7.0' ],
46 silly audit   'jest-util': [ '29.7.0' ],
46 silly audit   'jest-validate': [ '29.7.0' ],
46 silly audit   'jest-watcher': [ '29.7.0' ],
46 silly audit   'jest-worker': [ '29.7.0', '27.5.1' ],
46 silly audit   jju: [ '1.4.0' ],
46 silly audit   joycon: [ '3.1.1' ],
46 silly audit   jquery: [ '3.7.1' ],
46 silly audit   'js-beautify': [ '1.15.1' ],
46 silly audit   nopt: [ '7.2.0', '6.0.0', '5.0.0' ],
46 silly audit   'js-cookie': [ '3.0.5' ],
46 silly audit   'js-stringify': [ '1.0.2' ],
46 silly audit   'js-tokens': [ '4.0.0' ],
46 silly audit   jsesc: [ '2.5.2' ],
46 silly audit   'json-buffer': [ '3.0.1' ],
46 silly audit   'json-parse-even-better-errors': [ '2.3.1', '3.0.1' ],
46 silly audit   'json-parse-helpfulerror': [ '1.0.3' ],
46 silly audit   'json-schema-ref-resolver': [ '1.0.1' ],
46 silly audit   'json-stable-stringify-without-jsonify': [ '1.0.1' ],
46 silly audit   json5: [ '2.2.3', '1.0.2' ],
46 silly audit   jsonfile: [ '6.1.0' ],
46 silly audit   jsonlines: [ '0.1.1' ],
46 silly audit   jsonparse: [ '1.3.1' ],
46 silly audit   jstransformer: [ '1.0.0' ],
46 silly audit   'jstransformer-markdown-it': [ '3.0.0' ],
46 silly audit   keyv: [ '4.5.4' ],
46 silly audit   'kind-of': [ '6.0.3' ],
46 silly audit   kleur: [ '3.0.3', '4.1.5' ],
46 silly audit   'latest-version': [ '7.0.0' ],
46 silly audit   leven: [ '3.1.0' ],
46 silly audit   levn: [ '0.4.1' ],
46 silly audit   'light-my-request': [ '5.13.0' ],
46 silly audit   'lines-and-columns': [ '1.2.4' ],
46 silly audit   'linkify-it': [ '4.0.1' ],
46 silly audit   'loader-runner': [ '4.3.0' ],
46 silly audit   lodash: [ '4.17.21' ],
46 silly audit   'lodash.castarray': [ '4.4.0' ],
46 silly audit   'lodash.compact': [ '3.0.1' ],
46 silly audit   'lodash.isempty': [ '4.4.0' ],
46 silly audit   'lodash.merge': [ '4.6.2' ],
46 silly audit   yallist: [ '3.1.1', '4.0.0' ],
46 silly audit   'lru-queue': [ '0.1.0' ],
46 silly audit   'make-dir': [ '4.0.0' ],
46 silly audit   'make-fetch-happen': [ '11.1.1', '10.2.1', '9.1.0' ],
46 silly audit   'make-promises-safe': [ '5.1.0' ],
46 silly audit   makeerror: [ '1.0.12' ],
46 silly audit   'markdown-it': [ '13.0.2' ],
46 silly audit   mdurl: [ '1.0.1' ],
46 silly audit   'media-typer': [ '0.3.0' ],
46 silly audit   memoizee: [ '0.4.15' ],
46 silly audit   'merge-stream': [ '2.0.0' ],
46 silly audit   merge2: [ '1.4.1' ],
46 silly audit   micromatch: [ '4.0.5' ],
46 silly audit   mime: [ '3.0.0' ],
46 silly audit   'mime-db': [ '1.52.0' ],
46 silly audit   'mime-types': [ '2.1.35' ],
46 silly audit   'mimic-fn': [ '2.1.0' ],
46 silly audit   'mini-css-extract-plugin': [ '2.9.0' ],
46 silly audit   minimist: [ '1.2.6' ],
46 silly audit   'minipass-collect': [ '1.0.2' ],
46 silly audit   'minipass-fetch': [ '3.0.4', '2.1.2', '1.4.1' ],
46 silly audit   'minipass-flush': [ '1.0.5' ],
46 silly audit   'minipass-json-stream': [ '1.0.1' ],
46 silly audit   'minipass-pipeline': [ '1.2.4' ],
46 silly audit   'minipass-sized': [ '1.0.3' ],
46 silly audit   minizlib: [ '2.1.2' ],
46 silly audit   mkdirp: [ '1.0.4' ],
46 silly audit   'mkdirp-classic': [ '0.5.3' ],
46 silly audit   moment: [ '2.30.1' ],
46 silly audit   'moment-timezone': [ '0.5.45' ],
46 silly audit   mustache: [ '4.2.0' ],
46 silly audit   nanoid: [ '3.3.7' ],
46 silly audit   'napi-build-utils': [ '1.0.2' ],
46 silly audit   'natural-compare': [ '1.4.0' ],
46 silly audit   negotiator: [ '0.6.3' ],
46 silly audit   'neo-async': [ '2.6.2' ],
46 silly audit   'next-tick': [ '1.1.0' ],
46 silly audit   'node-abi': [ '3.60.0' ],
46 silly audit   'node-addon-api': [ '4.3.0', '7.1.0' ],
46 silly audit   'node-gyp': [ '9.4.1', '8.4.1' ],
46 silly audit   'node-gyp-build': [ '4.8.0' ],
46 silly audit   ssri: [ '9.0.1', '8.0.1', '10.0.5' ],
46 silly audit   'node-int64': [ '0.4.0' ],
46 silly audit   'node-releases': [ '2.0.14' ],
46 silly audit   'normalize-package-data': [ '5.0.0' ],
46 silly audit   'normalize-path': [ '3.0.0' ],
46 silly audit   'normalize-url': [ '6.1.0' ],
46 silly audit   'npm-bundled': [ '3.0.0' ],
46 silly audit   'npm-check-updates': [ '16.14.18' ],
46 silly audit   rimraf: [ '5.0.5', '3.0.2' ],
46 silly audit   'source-map-support': [ '0.5.21', '0.5.13' ],
46 silly audit   'strip-json-comments': [ '5.0.1', '2.0.1', '3.1.1' ],
46 silly audit   'npm-install-checks': [ '6.3.0' ],
46 silly audit   'npm-normalize-package-bin': [ '3.0.1' ],
46 silly audit   'npm-package-arg': [ '10.1.0' ],
46 silly audit   'npm-packlist': [ '7.0.4' ],
46 silly audit   'npm-pick-manifest': [ '8.0.2' ],
46 silly audit   'npm-registry-fetch': [ '14.0.5' ],
46 silly audit   'npm-run-path': [ '4.0.1' ],
46 silly audit   npmlog: [ '6.0.2' ],
46 silly audit   'object-assign': [ '4.1.1' ],
46 silly audit   'object-inspect': [ '1.13.1' ],
46 silly audit   'object-keys': [ '1.1.1' ],
46 silly audit   'object.assign': [ '4.1.5' ],
46 silly audit   'object.entries': [ '1.1.8' ],
46 silly audit   'object.fromentries': [ '2.0.8' ],
46 silly audit   'object.groupby': [ '1.0.3' ],
46 silly audit   'object.values': [ '1.2.0' ],
46 silly audit   objection: [ '3.1.4' ],
46 silly audit   'objection-unique': [ '1.2.2' ],
46 silly audit   'on-exit-leak-free': [ '2.1.2' ],
46 silly audit   once: [ '1.4.0' ],
46 silly audit   onetime: [ '5.1.2' ],
46 silly audit   optionator: [ '0.9.3' ],
46 silly audit   'p-cancelable': [ '3.0.0' ],
46 silly audit   'p-map': [ '4.0.0' ],
46 silly audit   'p-try': [ '2.2.0' ],
46 silly audit   'package-json': [ '8.1.0' ],
46 silly audit   pacote: [ '15.2.0' ],
46 silly audit   'parent-module': [ '1.0.1' ],
46 silly audit   'parse-github-url': [ '1.0.2' ],
46 silly audit   'parse-json': [ '5.2.0' ],
46 silly audit   'path-exists': [ '4.0.0', '3.0.0' ],
46 silly audit   'path-is-absolute': [ '1.0.1' ],
46 silly audit   'path-key': [ '3.1.1' ],
46 silly audit   'path-parse': [ '1.0.7' ],
46 silly audit   'path-scurry': [ '1.10.2' ],
46 silly audit   'path-to-regexp': [ '6.2.1' ],
46 silly audit   'path-type': [ '4.0.0' ],
46 silly audit   pg: [ '8.11.5' ],
46 silly audit   'pg-cloudflare': [ '1.1.1' ],
46 silly audit   'pg-int8': [ '1.0.1' ],
46 silly audit   'pg-pool': [ '3.6.2' ],
46 silly audit   'pg-protocol': [ '1.6.1' ],
46 silly audit   'pg-types': [ '2.2.0' ],
46 silly audit   pgpass: [ '1.0.5' ],
46 silly audit   split2: [ '4.2.0', '3.2.2' ],
46 silly audit   picocolors: [ '1.0.0' ],
46 silly audit   picomatch: [ '2.3.1' ],
46 silly audit   pino: [ '8.20.0' ],
46 silly audit   'pino-abstract-transport': [ '1.2.0' ],
46 silly audit   'pino-std-serializers': [ '6.2.2' ],
46 silly audit   pirates: [ '4.0.6' ],
46 silly audit   'pkg-dir': [ '4.2.0' ],
46 silly audit   'pkg-up': [ '3.1.0' ],
46 silly audit   'possible-typed-array-names': [ '1.0.0' ],
46 silly audit   postcss: [ '8.4.38' ],
46 silly audit   'postcss-modules-extract-imports': [ '3.1.0' ],
46 silly audit   'postcss-modules-local-by-default': [ '4.0.5' ],
46 silly audit   'postcss-modules-scope': [ '3.2.0' ],
46 silly audit   'postcss-modules-values': [ '4.0.0' ],
46 silly audit   'postcss-selector-parser': [ '6.0.16' ],
46 silly audit   'postcss-value-parser': [ '4.2.0' ],
46 silly audit   'postgres-array': [ '2.0.0' ],
46 silly audit   'postgres-bytea': [ '1.0.0' ],
46 silly audit   'postgres-date': [ '1.0.7' ],
46 silly audit   'postgres-interval': [ '1.2.0' ],
46 silly audit   'prebuild-install': [ '7.1.2' ],
46 silly audit   'prelude-ls': [ '1.2.1' ],
46 silly audit   'pretty-format': [ '29.7.0' ],
46 silly audit   'proc-log': [ '3.0.0' ],
46 silly audit   process: [ '0.11.10' ],
46 silly audit   'process-warning': [ '3.0.0' ],
46 silly audit   progress: [ '2.0.3' ],
46 silly audit   promise: [ '7.3.1' ],
46 silly audit   'promise-inflight': [ '1.0.1' ],
46 silly audit   'promise-retry': [ '2.0.1' ],
46 silly audit   prompts: [ '2.4.2' ],
46 silly audit   'prompts-ncu': [ '3.0.0' ],
46 silly audit   'proto-list': [ '1.2.4' ],
46 silly audit   'proxy-addr': [ '2.0.7' ],
46 silly audit   pug: [ '3.0.2' ],
46 silly audit   'pug-attrs': [ '3.0.0' ],
46 silly audit   'pug-code-gen': [ '3.0.2' ],
46 silly audit   'pug-error': [ '2.0.0' ],
46 silly audit   'pug-filters': [ '4.0.0' ],
46 silly audit   'pug-lexer': [ '5.0.1' ],
46 silly audit   'pug-linker': [ '4.0.0' ],
46 silly audit   'pug-load': [ '3.0.0' ],
46 silly audit   'pug-parser': [ '6.0.0' ],
46 silly audit   'pug-runtime': [ '3.0.1' ],
46 silly audit   'pug-strip-comments': [ '2.0.0' ],
46 silly audit   'pug-walk': [ '2.0.0' ],
46 silly audit   pump: [ '3.0.0' ],
46 silly audit   punycode: [ '2.1.1' ],
46 silly audit   pupa: [ '3.1.0' ],
46 silly audit   'pure-rand': [ '6.1.0' ],
46 silly audit   qs: [ '6.12.1' ],
46 silly audit   'queue-microtask': [ '1.2.3' ],
46 silly audit   'quick-format-unescaped': [ '4.0.4' ],
46 silly audit   'quick-lru': [ '5.1.1' ],
46 silly audit   randombytes: [ '2.1.0' ],
46 silly audit   rc: [ '1.2.8' ],
46 silly audit   'rc-config-loader': [ '4.1.3' ],
46 silly audit   'react-is': [ '18.2.0' ],
46 silly audit   'read-package-json': [ '6.0.4' ],
46 silly audit   'read-package-json-fast': [ '3.0.2' ],
46 silly audit   readdirp: [ '3.6.0' ],
46 silly audit   'real-require': [ '0.2.0' ],
46 silly audit   rechoir: [ '0.8.0' ],
46 silly audit   'regenerator-runtime': [ '0.14.1' ],
46 silly audit   'regexp.prototype.flags': [ '1.5.2' ],
46 silly audit   'registry-auth-token': [ '5.0.1' ],
46 silly audit   'registry-url': [ '6.0.1' ],
46 silly audit   'remote-git-tags': [ '3.0.0' ],
46 silly audit   'require-directory': [ '2.1.1' ],
46 silly audit   'require-from-string': [ '2.0.2' ],
46 silly audit   resolve: [ '1.22.8' ],
46 silly audit   'resolve-alpn': [ '1.2.1' ],
46 silly audit   'resolve-cwd': [ '3.0.0' ],
46 silly audit   'resolve.exports': [ '2.0.2' ],
46 silly audit   responselike: [ '2.0.1' ],
46 silly audit   ret: [ '0.2.2' ],
46 silly audit   retry: [ '0.12.0' ],
46 silly audit   'retry-as-promised': [ '7.0.4' ],
46 silly audit   reusify: [ '1.0.4' ],
46 silly audit   rfdc: [ '1.3.1' ],
46 silly audit   'run-parallel': [ '1.2.0' ],
46 silly audit   rxjs: [ '7.8.1' ],
46 silly audit   'safe-array-concat': [ '1.1.2' ],
46 silly audit   'safe-buffer': [ '5.2.1' ],
46 silly audit   'safe-regex-test': [ '1.0.3' ],
46 silly audit   'safe-regex2': [ '2.0.0' ],
46 silly audit   'safe-stable-stringify': [ '2.4.3' ],
46 silly audit   'safer-buffer': [ '2.1.2' ],
46 silly audit   'schema-utils': [ '4.0.0', '3.3.0' ],
46 silly audit   'secure-json-parse': [ '2.7.0' ],
46 silly audit   'semver-diff': [ '4.0.0' ],
46 silly audit   'semver-utils': [ '1.1.4' ],
46 silly audit   sequelize: [ '6.37.3' ],
46 silly audit   'sequelize-cli': [ '6.6.2' ],
46 silly audit   yargs: [ '16.2.0', '17.7.2' ],
46 silly audit   'yargs-parser': [ '20.2.9', '21.1.1' ],
46 silly audit   'sequelize-pool': [ '7.1.0' ],
46 silly audit   'serialize-javascript': [ '6.0.2' ],
46 silly audit   'set-blocking': [ '2.0.0' ],
46 silly audit   'set-cookie-parser': [ '2.6.0' ],
46 silly audit   'set-function-length': [ '1.2.2' ],
46 silly audit   'set-function-name': [ '2.0.2' ],
46 silly audit   setprototypeof: [ '1.2.0' ],
46 silly audit   'shallow-clone': [ '3.0.1' ],
46 silly audit   'shebang-command': [ '2.0.0' ],
46 silly audit   'shebang-regex': [ '3.0.0' ],
46 silly audit   'shell-quote': [ '1.8.1' ],
46 silly audit   'side-channel': [ '1.0.6' ],
46 silly audit   sigstore: [ '1.9.0' ],
46 silly audit   'simple-concat': [ '1.0.1' ],
46 silly audit   'simple-get': [ '4.0.1' ],
46 silly audit   sisteransi: [ '1.0.5' ],
46 silly audit   slash: [ '3.0.0' ],
46 silly audit   'smart-buffer': [ '4.2.0' ],
46 silly audit   socks: [ '2.7.0' ],
46 silly audit   'socks-proxy-agent': [ '7.0.0', '6.2.1' ],
46 silly audit   'sodium-native': [ '4.1.1' ],
46 silly audit   'sonic-boom': [ '3.8.1' ],
46 silly audit   'source-map': [ '0.6.1' ],
46 silly audit   'source-map-js': [ '1.2.0' ],
46 silly audit   'spawn-command': [ '0.0.2' ],
46 silly audit   'spawn-please': [ '2.0.2' ],
46 silly audit   'spdx-correct': [ '3.2.0' ],
46 silly audit   'spdx-exceptions': [ '2.5.0' ],
46 silly audit   'spdx-expression-parse': [ '3.0.1' ],
46 silly audit   'spdx-license-ids': [ '3.0.17' ],
46 silly audit   'sprintf-js': [ '1.0.3' ],
46 silly audit   sqlite3: [ '5.1.7' ],
46 silly audit   'stack-trace': [ '0.0.10' ],
46 silly audit   'stack-utils': [ '2.0.6' ],
46 silly audit   statuses: [ '2.0.1' ],
46 silly audit   string_decoder: [ '1.3.0' ],
46 silly audit   'string-length': [ '4.0.2' ],
46 silly audit   'string.prototype.trim': [ '1.2.9' ],
46 silly audit   'string.prototype.trimend': [ '1.0.8' ],
46 silly audit   'string.prototype.trimstart': [ '1.0.8' ],
46 silly audit   'strip-bom': [ '4.0.0', '3.0.0' ],
46 silly audit   'strip-final-newline': [ '2.0.0' ],
46 silly audit   'style-loader': [ '4.0.0' ],
46 silly audit   'supports-preserve-symlinks-flag': [ '1.0.0' ],
46 silly audit   tapable: [ '2.2.1' ],
46 silly audit   tar: [ '6.1.11' ],
46 silly audit   'tar-fs': [ '2.1.1' ],
46 silly audit   'tar-stream': [ '2.2.0' ],
46 silly audit   tarn: [ '3.0.2' ],
46 silly audit   terser: [ '5.30.4' ],
46 silly audit   'terser-webpack-plugin': [ '5.3.10' ],
46 silly audit   'test-exclude': [ '6.0.0' ],
46 silly audit   'text-table': [ '0.2.0' ],
46 silly audit   'thread-stream': [ '2.6.0' ],
46 silly audit   tildify: [ '2.0.0' ],
46 silly audit   'timers-ext': [ '0.1.7' ],
46 silly audit   tmpl: [ '1.0.5' ],
46 silly audit   'to-fast-properties': [ '2.0.0' ],
46 silly audit   'to-regex-range': [ '5.0.1' ],
46 silly audit   'toad-cache': [ '3.7.0' ],
46 silly audit   toidentifier: [ '1.0.1' ],
46 silly audit   'token-stream': [ '1.0.0' ],
46 silly audit   'toposort-class': [ '1.0.1' ],
46 silly audit   'tree-kill': [ '1.2.2' ],
46 silly audit   'tsconfig-paths': [ '3.15.0' ],
46 silly audit   tslib: [ '2.6.2' ],
46 silly audit   'tuf-js': [ '1.1.7' ],
46 silly audit   'tunnel-agent': [ '0.6.0' ],
46 silly audit   type: [ '2.7.2' ],
46 silly audit   'type-check': [ '0.4.0' ],
46 silly audit   'type-detect': [ '4.0.8' ],
46 silly audit   'type-is': [ '1.6.18' ],
46 silly audit   'typed-array-buffer': [ '1.0.2' ],
46 silly audit   'typed-array-byte-length': [ '1.0.1' ],
46 silly audit   'typed-array-byte-offset': [ '1.0.2' ],
46 silly audit   'typed-array-length': [ '1.0.6' ],
46 silly audit   'typedarray-to-buffer': [ '3.1.5' ],
46 silly audit   'uc.micro': [ '1.0.6' ],
46 silly audit   umzug: [ '2.3.0' ],
46 silly audit   'unbox-primitive': [ '1.0.2' ],
46 silly audit   'undici-types': [ '5.26.5' ],
46 silly audit   'unique-string': [ '3.0.0' ],
46 silly audit   universalify: [ '2.0.1' ],
46 silly audit   untildify: [ '4.0.0' ],
46 silly audit   'update-browserslist-db': [ '1.0.13' ],
46 silly audit   'update-notifier': [ '6.0.2' ],
46 silly audit   'uri-js': [ '4.4.1' ],
46 silly audit   'util-deprecate': [ '1.0.2' ],
46 silly audit   uuid: [ '8.3.2' ],
46 silly audit   'v8-to-istanbul': [ '9.2.0' ],
46 silly audit   'validate-npm-package-license': [ '3.0.4' ],
46 silly audit   'validate-npm-package-name': [ '5.0.0' ],
46 silly audit   validator: [ '13.11.0' ],
46 silly audit   vary: [ '1.1.2' ],
46 silly audit   'void-elements': [ '3.1.0' ],
46 silly audit   walker: [ '1.0.8' ],
46 silly audit   watchpack: [ '2.4.1' ],
46 silly audit   webpack: [ '5.91.0' ],
46 silly audit   'webpack-cli': [ '5.1.4' ],
46 silly audit   'webpack-merge': [ '5.8.0' ],
46 silly audit   'webpack-sources': [ '3.2.3' ],
46 silly audit   'which-boxed-primitive': [ '1.0.2' ],
46 silly audit   'which-typed-array': [ '1.1.15' ],
46 silly audit   'wide-align': [ '1.1.5' ],
46 silly audit   'widest-line': [ '4.0.1' ],
46 silly audit   wildcard: [ '2.0.0' ],
46 silly audit   with: [ '7.0.2' ],
46 silly audit   wkx: [ '0.5.0' ],
46 silly audit   wrappy: [ '1.0.2' ],
46 silly audit   'xdg-basedir': [ '5.1.0' ],
46 silly audit   xtend: [ '4.0.2' ],
46 silly audit   y18n: [ '5.0.8' ],
46 silly audit   'yocto-queue': [ '0.1.0' ],
46 silly audit   youch: [ '2.2.2' ]
46 silly audit }
47 verbose reify failed optional dependency /root/node_modules/fsevents
48 silly reify mark deleted [ '/root/node_modules/fsevents' ]
49 timing reifyNode:node_modules/fsevents Completed in 141ms
50 http fetch POST 200 https://registry.npmjs.org/-/npm/v1/security/advisories/bulk 1598ms
51 timing auditReport:getReport Completed in 1607ms
52 silly audit report {
52 silly audit report   '@babel/helpers': [
52 silly audit report     {
52 silly audit report       id: 1104001,
52 silly audit report       url: 'https://github.com/advisories/GHSA-968p-4wvh-cqc8',
52 silly audit report       title: 'Babel has inefficient RegExp complexity in generated code with .replace when transpiling named capturing groups',
52 silly audit report       severity: 'moderate',
52 silly audit report       vulnerable_versions: '<7.26.10',
52 silly audit report       cwe: [Array],
52 silly audit report       cvss: [Object]
52 silly audit report     }
52 silly audit report   ],
52 silly audit report   '@babel/runtime': [
52 silly audit report     {
52 silly audit report       id: 1104000,
52 silly audit report       url: 'https://github.com/advisories/GHSA-968p-4wvh-cqc8',
52 silly audit report       title: 'Babel has inefficient RegExp complexity in generated code with .replace when transpiling named capturing groups',
52 silly audit report       severity: 'moderate',
52 silly audit report       vulnerable_versions: '<7.26.10',
52 silly audit report       cwe: [Array],
52 silly audit report       cvss: [Object]
52 silly audit report     }
52 silly audit report   ],
52 silly audit report   ajv: [
52 silly audit report     {
52 silly audit report       id: 1113714,
52 silly audit report       url: 'https://github.com/advisories/GHSA-2g4f-4pwh-qvx6',
52 silly audit report       title: 'ajv has ReDoS when using `$data` option',
52 silly audit report       severity: 'moderate',
52 silly audit report       vulnerable_versions: '<6.14.0',
52 silly audit report       cwe: [Array],
52 silly audit report       cvss: [Object]
52 silly audit report     },
52 silly audit report     {
52 silly audit report       id: 1113715,
52 silly audit report       url: 'https://github.com/advisories/GHSA-2g4f-4pwh-qvx6',
52 silly audit report       title: 'ajv has ReDoS when using `$data` option',
52 silly audit report       severity: 'moderate',
52 silly audit report       vulnerable_versions: '>=7.0.0-alpha.0 <8.18.0',
52 silly audit report       cwe: [Array],
52 silly audit report       cvss: [Object]
52 silly audit report     }
52 silly audit report   ],
52 silly audit report   'js-yaml': [
52 silly audit report     {
52 silly audit report       id: 1112714,
52 silly audit report       url: 'https://github.com/advisories/GHSA-mh29-5h37-fv8m',
52 silly audit report       title: 'js-yaml has prototype pollution in merge (<<)',
52 silly audit report       severity: 'moderate',
52 silly audit report       vulnerable_versions: '<3.14.2',
52 silly audit report       cwe: [Array],
52 silly audit report       cvss: [Object]
52 silly audit report     },
52 silly audit report     {
52 silly audit report       id: 1112715,
52 silly audit report       url: 'https://github.com/advisories/GHSA-mh29-5h37-fv8m',
52 silly audit report       title: 'js-yaml has prototype pollution in merge (<<)',
52 silly audit report       severity: 'moderate',
52 silly audit report       vulnerable_versions: '>=4.0.0 <4.1.1',
52 silly audit report       cwe: [Array],
52 silly audit report       cvss: [Object]
52 silly audit report     }
52 silly audit report   ],
52 silly audit report   glob: [
52 silly audit report     {
52 silly audit report       id: 1109842,
52 silly audit report       url: 'https://github.com/advisories/GHSA-5j98-mcp5-4vw2',
52 silly audit report       title: 'glob CLI: Command injection via -c/--cmd executes matches with shell:true',
52 silly audit report       severity: 'high',
52 silly audit report       vulnerable_versions: '>=10.2.0 <10.5.0',
52 silly audit report       cwe: [Array],
52 silly audit report       cvss: [Object]
52 silly audit report     }
52 silly audit report   ],
52 silly audit report   '@tootallnate/once': [
52 silly audit report     {
52 silly audit report       id: 1113977,
52 silly audit report       url: 'https://github.com/advisories/GHSA-vpq2-c234-7xj6',
52 silly audit report       title: '@tootallnate/once vulnerable to Incorrect Control Flow Scoping',
52 silly audit report       severity: 'low',
52 silly audit report       vulnerable_versions: '<3.0.1',
52 silly audit report       cwe: [Array],
52 silly audit report       cvss: [Object]
52 silly audit report     }
52 silly audit report   ],
52 silly audit report   'brace-expansion': [
52 silly audit report     {
52 silly audit report       id: 1105443,
52 silly audit report       url: 'https://github.com/advisories/GHSA-v6h2-p8h4-qcjw',
52 silly audit report       title: 'brace-expansion Regular Expression Denial of Service vulnerability',
52 silly audit report       severity: 'low',
52 silly audit report       vulnerable_versions: '>=1.0.0 <=1.1.11',
52 silly audit report       cwe: [Array],
52 silly audit report       cvss: [Object]
52 silly audit report     },
52 silly audit report     {
52 silly audit report       id: 1105444,
52 silly audit report       url: 'https://github.com/advisories/GHSA-v6h2-p8h4-qcjw',
52 silly audit report       title: 'brace-expansion Regular Expression Denial of Service vulnerability',
52 silly audit report       severity: 'low',
52 silly audit report       vulnerable_versions: '>=2.0.0 <=2.0.1',
52 silly audit report       cwe: [Array],
52 silly audit report       cvss: [Object]
52 silly audit report     }
52 silly audit report   ],
52 silly audit report   minimatch: [
52 silly audit report     {
52 silly audit report       id: 1113459,
52 silly audit report       url: 'https://github.com/advisories/GHSA-3ppc-4f35-3m26',
52 silly audit report       title: 'minimatch has a ReDoS via repeated wildcards with non-matching literal in pattern',
52 silly audit report       severity: 'high',
52 silly audit report       vulnerable_versions: '<3.1.3',
52 silly audit report       cwe: [Array],
52 silly audit report       cvss: [Object]
52 silly audit report     },
52 silly audit report     {
52 silly audit report       id: 1113461,
52 silly audit report       url: 'https://github.com/advisories/GHSA-3ppc-4f35-3m26',
52 silly audit report       title: 'minimatch has a ReDoS via repeated wildcards with non-matching literal in pattern',
52 silly audit report       severity: 'high',
52 silly audit report       vulnerable_versions: '>=5.0.0 <5.1.7',
52 silly audit report       cwe: [Array],
52 silly audit report       cvss: [Object]
52 silly audit report     },
52 silly audit report     {
52 silly audit report       id: 1113465,
52 silly audit report       url: 'https://github.com/advisories/GHSA-3ppc-4f35-3m26',
52 silly audit report       title: 'minimatch has a ReDoS via repeated wildcards with non-matching literal in pattern',
52 silly audit report       severity: 'high',
52 silly audit report       vulnerable_versions: '>=9.0.0 <9.0.6',
52 silly audit report       cwe: [Array],
52 silly audit report       cvss: [Object]
52 silly audit report     },
52 silly audit report     {
52 silly audit report       id: 1113538,
52 silly audit report       url: 'https://github.com/advisories/GHSA-7r86-cg39-jmmj',
52 silly audit report       title: 'minimatch has ReDoS: matchOne() combinatorial backtracking via multiple non-adjacent GLOBSTAR segments',
52 silly audit report       severity: 'high',
52 silly audit report       vulnerable_versions: '<3.1.3',
52 silly audit report       cwe: [Array],
52 silly audit report       cvss: [Object]
52 silly audit report     },
52 silly audit report     {
52 silly audit report       id: 1113540,
52 silly audit report       url: 'https://github.com/advisories/GHSA-7r86-cg39-jmmj',
52 silly audit report       title: 'minimatch has ReDoS: matchOne() combinatorial backtracking via multiple non-adjacent GLOBSTAR segments',
52 silly audit report       severity: 'high',
52 silly audit report       vulnerable_versions: '>=5.0.0 <5.1.8',
52 silly audit report       cwe: [Array],
52 silly audit report       cvss: [Object]
52 silly audit report     },
52 silly audit report     {
52 silly audit report       id: 1113544,
52 silly audit report       url: 'https://github.com/advisories/GHSA-7r86-cg39-jmmj',
52 silly audit report       title: 'minimatch has ReDoS: matchOne() combinatorial backtracking via multiple non-adjacent GLOBSTAR segments',
52 silly audit report       severity: 'high',
52 silly audit report       vulnerable_versions: '>=9.0.0 <9.0.7',
52 silly audit report       cwe: [Array],
52 silly audit report       cvss: [Object]
52 silly audit report     },
52 silly audit report     {
52 silly audit report       id: 1113546,
52 silly audit report       url: 'https://github.com/advisories/GHSA-23c5-xmqv-rm74',
52 silly audit report       title: 'minimatch ReDoS: nested *() extglobs generate catastrophically backtracking regular expressions',
52 silly audit report       severity: 'high',
52 silly audit report       vulnerable_versions: '<3.1.4',
52 silly audit report       cwe: [Array],
52 silly audit report       cvss: [Object]
52 silly audit report     },
52 silly audit report     {
52 silly audit report       id: 1113548,
52 silly audit report       url: 'https://github.com/advisories/GHSA-23c5-xmqv-rm74',
52 silly audit report       title: 'minimatch ReDoS: nested *() extglobs generate catastrophically backtracking regular expressions',
52 silly audit report       severity: 'high',
52 silly audit report       vulnerable_versions: '>=5.0.0 <5.1.8',
52 silly audit report       cwe: [Array],
52 silly audit report       cvss: [Object]
52 silly audit report     },
52 silly audit report     {
52 silly audit report       id: 1113552,
52 silly audit report       url: 'https://github.com/advisories/GHSA-23c5-xmqv-rm74',
52 silly audit report       title: 'minimatch ReDoS: nested *() extglobs generate catastrophically backtracking regular expressions',
52 silly audit report       severity: 'high',
52 silly audit report       vulnerable_versions: '>=9.0.0 <9.0.7',
52 silly audit report       cwe: [Array],
52 silly audit report       cvss: [Object]
52 silly audit report     }
52 silly audit report   ],
52 silly audit report   braces: [
52 silly audit report     {
52 silly audit report       id: 1098094,
52 silly audit report       url: 'https://github.com/advisories/GHSA-grv7-fg5c-xmjg',
52 silly audit report       title: 'Uncontrolled resource consumption in braces',
52 silly audit report       severity: 'high',
52 silly audit report       vulnerable_versions: '<3.0.3',
52 silly audit report       cwe: [Array],
52 silly audit report       cvss: [Object]
52 silly audit report     }
52 silly audit report   ],
52 silly audit report   cookie: [
52 silly audit report     {
52 silly audit report       id: 1103907,
52 silly audit report       url: 'https://github.com/advisories/GHSA-pxg6-pf52-xh8x',
52 silly audit report       title: 'cookie accepts cookie name, path, and domain with out of bounds characters',
52 silly audit report       severity: 'low',
52 silly audit report       vulnerable_versions: '<0.7.0',
52 silly audit report       cwe: [Array],
52 silly audit report       cvss: [Object]
52 silly audit report     }
52 silly audit report   ],
52 silly audit report   'cross-spawn': [
52 silly audit report     {
52 silly audit report       id: 1104664,
52 silly audit report       url: 'https://github.com/advisories/GHSA-3xgq-45jj-v275',
52 silly audit report       title: 'Regular Expression Denial of Service (ReDoS) in cross-spawn',
52 silly audit report       severity: 'high',
52 silly audit report       vulnerable_versions: '>=7.0.0 <7.0.5',
52 silly audit report       cwe: [Array],
52 silly audit report       cvss: [Object]
52 silly audit report     }
52 silly audit report   ],
52 silly audit report   dottie: [
52 silly audit report     {
52 silly audit report       id: 1113536,
52 silly audit report       url: 'https://github.com/advisories/GHSA-r5mx-6wc6-7h9w',
52 silly audit report       title: 'dottie is vulnerable to Prototype Pollution bypass via non-first path segments in set() and transform()',
52 silly audit report       severity: 'moderate',
52 silly audit report       vulnerable_versions: '>=2.0.4 <=2.0.6',
52 silly audit report       cwe: [Array],
52 silly audit report       cvss: [Object]
52 silly audit report     }
52 silly audit report   ],
52 silly audit report   fastify: [
52 silly audit report     {
52 silly audit report       id: 1112876,
52 silly audit report       url: 'https://github.com/advisories/GHSA-mrq3-vjjr-p77c',
52 silly audit report       title: 'Fastify Vulnerable to DoS via Unbounded Memory Allocation in sendWebStream',
52 silly audit report       severity: 'low',
52 silly audit report       vulnerable_versions: '<=5.7.2',
52 silly audit report       cwe: [Array],
52 silly audit report       cvss: [Object]
52 silly audit report     },
52 silly audit report     {
52 silly audit report       id: 1112877,
52 silly audit report       url: 'https://github.com/advisories/GHSA-jx2c-rxcm-jvmq',
52 silly audit report       title: "Fastify's Content-Type header tab character allows body validation bypass",
52 silly audit report       severity: 'high',
52 silly audit report       vulnerable_versions: '<5.7.2',
52 silly audit report       cwe: [Array],
52 silly audit report       cvss: [Object]
52 silly audit report     }
52 silly audit report   ],
52 silly audit report   'find-my-way': [
52 silly audit report     {
52 silly audit report       id: 1099853,
52 silly audit report       url: 'https://github.com/advisories/GHSA-rrr8-f88r-h8q6',
52 silly audit report       title: 'find-my-way has a ReDoS vulnerability in multiparametric routes',
52 silly audit report       severity: 'high',
52 silly audit report       vulnerable_versions: '>=5.5.0 <8.2.2',
52 silly audit report       cwe: [Array],
52 silly audit report       cvss: [Object]
52 silly audit report     }
52 silly audit report   ],
52 silly audit report   flatted: [
52 silly audit report     {
52 silly audit report       id: 1114526,
52 silly audit report       url: 'https://github.com/advisories/GHSA-25h7-pfq9-p65f',
52 silly audit report       title: 'flatted vulnerable to unbounded recursion DoS in parse() revive phase',
52 silly audit report       severity: 'high',
52 silly audit report       vulnerable_versions: '<3.4.0',
52 silly audit report       cwe: [Array],
52 silly audit report       cvss: [Object]
52 silly audit report     }
52 silly audit report   ],
52 silly audit report   ip: [
52 silly audit report     {
52 silly audit report       id: 1101851,
52 silly audit report       url: 'https://github.com/advisories/GHSA-2p57-rm9w-gvfp',
52 silly audit report       title: 'ip SSRF improper categorization in isPublic',
52 silly audit report       severity: 'high',
52 silly audit report       vulnerable_versions: '<=2.0.1',
52 silly audit report       cwe: [Array],
52 silly audit report       cvss: [Object]
52 silly audit report     },
52 silly audit report     {
52 silly audit report       id: 1114832,
52 silly audit report       url: 'https://github.com/advisories/GHSA-78xj-cgh5-2h22',
52 silly audit report       title: 'NPM IP package incorrectly identifies some private IP addresses as public',
52 silly audit report       severity: 'low',
52 silly audit report       vulnerable_versions: '=2.0.0',
52 silly audit report       cwe: [Array],
52 silly audit report       cvss: [Object]
52 silly audit report     }
52 silly audit report   ],
52 silly audit report   lodash: [
52 silly audit report     {
52 silly audit report       id: 1112455,
52 silly audit report       url: 'https://github.com/advisories/GHSA-xxjr-mmjv-4gpg',
52 silly audit report       title: 'Lodash has Prototype Pollution Vulnerability in `_.unset` and `_.omit` functions',
52 silly audit report       severity: 'moderate',
52 silly audit report       vulnerable_versions: '>=4.0.0 <=4.17.22',
52 silly audit report       cwe: [Array],
52 silly audit report       cvss: [Object]
52 silly audit report     }
52 silly audit report   ],
52 silly audit report   'markdown-it': [
52 silly audit report     {
52 silly audit report       id: 1113190,
52 silly audit report       url: 'https://github.com/advisories/GHSA-38c4-r59v-3vqw',
52 silly audit report       title: 'markdown-it is has a Regular Expression Denial of Service (ReDoS)',
52 silly audit report       severity: 'moderate',
52 silly audit report       vulnerable_versions: '>=13.0.0 <14.1.1',
52 silly audit report       cwe: [Array],
52 silly audit report       cvss: [Object]
52 silly audit report     }
52 silly audit report   ],
52 silly audit report   micromatch: [
52 silly audit report     {
52 silly audit report       id: 1098681,
52 silly audit report       url: 'https://github.com/advisories/GHSA-952p-6rrq-rcjv',
52 silly audit report       title: 'Regular Expression Denial of Service (ReDoS) in micromatch',
52 silly audit report       severity: 'moderate',
52 silly audit report       vulnerable_versions: '<4.0.8',
52 silly audit report       cwe: [Array],
52 silly audit report       cvss: [Object]
52 silly audit report     }
52 silly audit report   ],
52 silly audit report   nanoid: [
52 silly audit report     {
52 silly audit report       id: 1109563,
52 silly audit report       url: 'https://github.com/advisories/GHSA-mwcw-c2x4-8c55',
52 silly audit report       title: 'Predictable results in nanoid generation when given non-integer values',
52 silly audit report       severity: 'moderate',
52 silly audit report       vulnerable_versions: '<3.3.8',
52 silly audit report       cwe: [Array],
52 silly audit report       cvss: [Object]
52 silly audit report     }
52 silly audit report   ],
52 silly audit report   'path-to-regexp': [
52 silly audit report     {
52 silly audit report       id: 1101846,
52 silly audit report       url: 'https://github.com/advisories/GHSA-9wv6-86v2-598j',
52 silly audit report       title: 'path-to-regexp outputs backtracking regular expressions',
52 silly audit report       severity: 'high',
52 silly audit report       vulnerable_versions: '>=4.0.0 <6.3.0',
52 silly audit report       cwe: [Array],
52 silly audit report       cvss: [Object]
52 silly audit report     }
52 silly audit report   ],
52 silly audit report   pug: [
52 silly audit report     {
52 silly audit report       id: 1104111,
52 silly audit report       url: 'https://github.com/advisories/GHSA-3965-hpx2-q597',
52 silly audit report       title: 'Pug allows JavaScript code execution if an application accepts untrusted input',
52 silly audit report       severity: 'moderate',
52 silly audit report       vulnerable_versions: '<=3.0.2',
52 silly audit report       cwe: [Array],
52 silly audit report       cvss: [Object]
52 silly audit report     }
52 silly audit report   ],
52 silly audit report   'pug-code-gen': [
52 silly audit report     {
52 silly audit report       id: 1104107,
52 silly audit report       url: 'https://github.com/advisories/GHSA-3965-hpx2-q597',
52 silly audit report       title: 'Pug allows JavaScript code execution if an application accepts untrusted input',
52 silly audit report       severity: 'moderate',
52 silly audit report       vulnerable_versions: '<=3.0.2',
52 silly audit report       cwe: [Array],
52 silly audit report       cvss: [Object]
52 silly audit report     }
52 silly audit report   ],
52 silly audit report   qs: [
52 silly audit report     {
52 silly audit report       id: 1113161,
52 silly audit report       url: 'https://github.com/advisories/GHSA-w7fw-mjwx-w883',
52 silly audit report       title: "qs's arrayLimit bypass in comma parsing allows denial of service",
52 silly audit report       severity: 'low',
52 silly audit report       vulnerable_versions: '>=6.7.0 <=6.14.1',
52 silly audit report       cwe: [Array],
52 silly audit report       cvss: [Object]
52 silly audit report     },
52 silly audit report     {
52 silly audit report       id: 1113719,
52 silly audit report       url: 'https://github.com/advisories/GHSA-6rw7-vpxm-498p',
52 silly audit report       title: "qs's arrayLimit bypass in its bracket notation allows DoS via memory exhaustion",
52 silly audit report       severity: 'moderate',
52 silly audit report       vulnerable_versions: '<6.14.1',
52 silly audit report       cwe: [Array],
52 silly audit report       cvss: [Object]
52 silly audit report     }
52 silly audit report   ],
52 silly audit report   sequelize: [
52 silly audit report     {
52 silly audit report       id: 1114318,
52 silly audit report       url: 'https://github.com/advisories/GHSA-6457-6jrx-69cr',
52 silly audit report       title: 'Sequelize v6 Vulnerable to SQL Injection via JSON Column Cast Type',
52 silly audit report       severity: 'high',
52 silly audit report       vulnerable_versions: '>=6.0.0-beta.1 <=6.37.7',
52 silly audit report       cwe: [Array],
52 silly audit report       cvss: [Object]
52 silly audit report     }
52 silly audit report   ],
52 silly audit report   'serialize-javascript': [
52 silly audit report     {
52 silly audit report       id: 1113686,
52 silly audit report       url: 'https://github.com/advisories/GHSA-5c6j-r48x-rmvq',
52 silly audit report       title: 'Serialize JavaScript is Vulnerable to RCE via RegExp.flags and Date.prototype.toISOString()',
52 silly audit report       severity: 'high',
52 silly audit report       vulnerable_versions: '<=7.0.2',
52 silly audit report       cwe: [Array],
52 silly audit report       cvss: [Object]
52 silly audit report     }
52 silly audit report   ],
52 silly audit report   tar: [
52 silly audit report     {
52 silly audit report       id: 1112659,
52 silly audit report       url: 'https://github.com/advisories/GHSA-34x7-hfp2-rc4v',
52 silly audit report       title: 'node-tar Vulnerable to Arbitrary File Creation/Overwrite via Hardlink Path Traversal',
52 silly audit report       severity: 'high',
52 silly audit report       vulnerable_versions: '<7.5.7',
52 silly audit report       cwe: [Array],
52 silly audit report       cvss: [Object]
52 silly audit report     },
52 silly audit report     {
52 silly audit report       id: 1113300,
52 silly audit report       url: 'https://github.com/advisories/GHSA-8qq5-rm4j-mr97',
52 silly audit report       title: 'node-tar is Vulnerable to Arbitrary File Overwrite and Symlink Poisoning via Insufficient Path Sanitization',
52 silly audit report       severity: 'high',
52 silly audit report       vulnerable_versions: '<=7.5.2',
52 silly audit report       cwe: [Array],
52 silly audit report       cvss: [Object]
52 silly audit report     },
52 silly audit report     {
52 silly audit report       id: 1113375,
52 silly audit report       url: 'https://github.com/advisories/GHSA-83g3-92jg-28cx',
52 silly audit report       title: 'Arbitrary File Read/Write via Hardlink Target Escape Through Symlink Chain in node-tar Extraction',
52 silly audit report       severity: 'high',
52 silly audit report       vulnerable_versions: '<7.5.8',
52 silly audit report       cwe: [Array],
52 silly audit report       cvss: [Object]
52 silly audit report     },
52 silly audit report     {
52 silly audit report       id: 1114200,
52 silly audit report       url: 'https://github.com/advisories/GHSA-qffp-2rhf-9h96',
52 silly audit report       title: 'tar has Hardlink Path Traversal via Drive-Relative Linkpath',
52 silly audit report       severity: 'high',
52 silly audit report       vulnerable_versions: '<=7.5.9',
52 silly audit report       cwe: [Array],
52 silly audit report       cvss: [Object]
52 silly audit report     },
52 silly audit report     {
52 silly audit report       id: 1114302,
52 silly audit report       url: 'https://github.com/advisories/GHSA-9ppj-qmqm-q256',
52 silly audit report       title: 'node-tar Symlink Path Traversal via Drive-Relative Linkpath',
52 silly audit report       severity: 'high',
52 silly audit report       vulnerable_versions: '<=7.5.10',
52 silly audit report       cwe: [Array],
52 silly audit report       cvss: [Object]
52 silly audit report     },
52 silly audit report     {
52 silly audit report       id: 1114680,
52 silly audit report       url: 'https://github.com/advisories/GHSA-r6q2-hw4h-h46w',
52 silly audit report       title: 'Race Condition in node-tar Path Reservations via Unicode Ligature Collisions on macOS APFS',
52 silly audit report       severity: 'high',
52 silly audit report       vulnerable_versions: '<=7.5.3',
52 silly audit report       cwe: [Array],
52 silly audit report       cvss: [Object]
52 silly audit report     },
52 silly audit report     {
52 silly audit report       id: 1097493,
52 silly audit report       url: 'https://github.com/advisories/GHSA-f5x3-32g6-xq36',
52 silly audit report       title: 'Denial of service while parsing a tar file due to lack of folders count validation',
52 silly audit report       severity: 'moderate',
52 silly audit report       vulnerable_versions: '<6.2.1',
52 silly audit report       cwe: [Array],
52 silly audit report       cvss: [Object]
52 silly audit report     }
52 silly audit report   ],
52 silly audit report   'tar-fs': [
52 silly audit report     {
52 silly audit report       id: 1109532,
52 silly audit report       url: 'https://github.com/advisories/GHSA-vj76-c3g6-qr5v',
52 silly audit report       title: 'tar-fs has a symlink validation bypass if destination directory is predictable with a specific tarball',
52 silly audit report       severity: 'high',
52 silly audit report       vulnerable_versions: '>=2.0.0 <2.1.4',
52 silly audit report       cwe: [Array],
52 silly audit report       cvss: [Object]
52 silly audit report     },
52 silly audit report     {
52 silly audit report       id: 1109543,
52 silly audit report       url: 'https://github.com/advisories/GHSA-8cj5-5rvv-wf4v',
52 silly audit report       title: 'tar-fs can extract outside the specified dir with a specific tarball',
52 silly audit report       severity: 'high',
52 silly audit report       vulnerable_versions: '>=2.0.0 <2.1.3',
52 silly audit report       cwe: [Array],
52 silly audit report       cvss: [Object]
52 silly audit report     },
52 silly audit report     {
52 silly audit report       id: 1109552,
52 silly audit report       url: 'https://github.com/advisories/GHSA-pq67-2wwv-3xjx',
52 silly audit report       title: 'tar-fs Vulnerable to Link Following and Path Traversal via Extracting a Crafted tar File',
52 silly audit report       severity: 'high',
52 silly audit report       vulnerable_versions: '>=2.0.0 <2.1.2',
52 silly audit report       cwe: [Array],
52 silly audit report       cvss: [Object]
52 silly audit report     }
52 silly audit report   ],
52 silly audit report   validator: [
52 silly audit report     {
52 silly audit report       id: 1109241,
52 silly audit report       url: 'https://github.com/advisories/GHSA-9965-vmph-33xx',
52 silly audit report       title: 'validator.js has a URL validation bypass vulnerability in its isURL function',
52 silly audit report       severity: 'moderate',
52 silly audit report       vulnerable_versions: '<13.15.20',
52 silly audit report       cwe: [Array],
52 silly audit report       cvss: [Object]
52 silly audit report     },
52 silly audit report     {
52 silly audit report       id: 1112713,
52 silly audit report       url: 'https://github.com/advisories/GHSA-vghf-hv5q-vc2g',
52 silly audit report       title: 'Validator is Vulnerable to Incomplete Filtering of One or More Instances of Special Elements',
52 silly audit report       severity: 'high',
52 silly audit report       vulnerable_versions: '<13.15.22',
52 silly audit report       cwe: [Array],
52 silly audit report       cvss: [Object]
52 silly audit report     }
52 silly audit report   ],
52 silly audit report   webpack: [
52 silly audit report     {
52 silly audit report       id: 1113041,
52 silly audit report       url: 'https://github.com/advisories/GHSA-8fgc-7cc6-rx7x',
52 silly audit report       title: 'webpack buildHttp: allowedUris allow-list bypass via URL userinfo (@) leading to build-time SSRF behavior',
52 silly audit report       severity: 'low',
52 silly audit report       vulnerable_versions: '>=5.49.0 <=5.104.0',
52 silly audit report       cwe: [Array],
52 silly audit report       cvss: [Object]
52 silly audit report     },
52 silly audit report     {
52 silly audit report       id: 1113042,
52 silly audit report       url: 'https://github.com/advisories/GHSA-38r7-794h-5758',
52 silly audit report       title: 'webpack buildHttp HttpUriPlugin allowedUris bypass via HTTP redirects → SSRF + cache persistence',
52 silly audit report       severity: 'low',
52 silly audit report       vulnerable_versions: '>=5.49.0 <5.104.0',
52 silly audit report       cwe: [Array],
52 silly audit report       cvss: [Object]
52 silly audit report     },
52 silly audit report     {
52 silly audit report       id: 1099351,
52 silly audit report       url: 'https://github.com/advisories/GHSA-4vvj-4cpr-p986',
52 silly audit report       title: "Webpack's AutoPublicPathRuntimeModule has a DOM Clobbering Gadget that leads to XSS",
52 silly audit report       severity: 'moderate',
52 silly audit report       vulnerable_versions: '>=5.0.0-alpha.0 <5.94.0',
52 silly audit report       cwe: [Array],
52 silly audit report       cvss: [Object]
52 silly audit report     }
52 silly audit report   ]
52 silly audit report }
53 timing metavuln:cache:get:security-advisory:@babel/helpers:+NsF1flAI8VENgJn0XVIWaC4lCe3b89AZgBOx219qXn/BdXH1EWl/yD49aHbhQimIG4kna8zgkunsmpiAVwNPQ== Completed in 280ms
54 timing metavuln:cache:get:security-advisory:@babel/runtime:xDaNmlS3J8LRk7IfDb7e9Gp3gcy/xDr1QZXCKC997SMkqKVemm2guY9vQpRI6omD11L5cfCI+STpoAdxUgnVsA== Completed in 280ms
55 timing metavuln:cache:get:security-advisory:ajv:u4HOZ0QFYFTDLqnZ5TPSC8VEvP+HMuGcZACJuTqG8bm/gunrgkQwsiiH2pbF9tNIl45RK0sW2ccPzEojb1k0xQ== Completed in 280ms
56 timing metavuln:cache:get:security-advisory:js-yaml:MQ5RokLIvrWmT8/NQU0dD+jQ+6pFslHlaXx1Z5q7mESITohR8AwLT525ddIc2KvKZYbB1p5yclW3kV4xeRYXEg== Completed in 280ms
57 timing metavuln:cache:get:security-advisory:glob:NTB2XjbDOgk4lkd8PZ3tUAm1F3E/ohGF6rl9/3LEO7Z0FDzSR5nWwzd3nUENA3NCNdyeR+35DOC12wPml2IV+g== Completed in 280ms
58 timing metavuln:cache:get:security-advisory:js-yaml:621IdjBdZEeVoUcjWGl1jXN0jFDGaf7dIQMeaPVKf5MxqYprJztiOC0OHOUPVoayh7Cq/fTC8L5CqEb98qlE7w== Completed in 281ms
59 timing metavuln:cache:get:security-advisory:@tootallnate/once:Bij+qufwr7God+MYI0JIFJYEDFT3IlGllIhDaMb6DB6UZOYpGBBfXc1Jq59Wdg/M2NdGRUO2+zYnIEZHW42YDw== Completed in 280ms
60 timing metavuln:cache:get:security-advisory:brace-expansion:mClmYqWawCNXseeTBHWiIwZH/2CmFUqPCmosJIeOhAgD9z1v3SayhHAwaWVo8wmeKU/JN9VP4zDBeXaqy3Ay2A== Completed in 280ms
61 timing metavuln:cache:get:security-advisory:brace-expansion:7IQMvcVTr+svbh5KCx4Kl6FQKJ1GciM03BnJAve/5WYJjUeRzKAIrStVpfachbl3T6a7o8nYlQEVG6Ih0TNXRg== Completed in 280ms
62 timing metavuln:cache:get:security-advisory:minimatch:V/3cIcyAQcG1bwuH0e0PI9Qt5WRtbvb/WOz2mBxAfNzXf+Dvs9G1X05eHjnPq2b0TJY4zXXpqhCAkRAipgk3iQ== Completed in 281ms
63 timing metavuln:cache:get:security-advisory:minimatch:/utMkAt3a6jSPsaWIJ1J7tAb7G+ccGxNsymbhFTVWOMIyhRZOJ9QR0zn1SNtejrdUO5fsO4RDJKDMI6C5/bkuw== Completed in 280ms
64 timing metavuln:cache:get:security-advisory:ajv:URErmxoyazZWR5lFcXpgTkGsbkrUBDlzD8W6txjBw2wZoOC7oHjHFfCrRr/VnGeJvbyUY9E2jxrL8p2XbwfP8g== Completed in 282ms
65 timing metavuln:cache:get:security-advisory:minimatch:B00WbbnnDNaFGA7l9BgrTioYpRMzU4+U8SUF8cn65LwArJAK0O380QwyP/UyxPr7i9XUjX9/AADC41/edu9OrA== Completed in 281ms
66 timing metavuln:cache:get:security-advisory:minimatch:txOieOIAfgHfBPiN09+pYAjPLRzgUOz3D3illtf9vTzeqs41QJZjfj5jVXCi/3ICpBX0YlJi/ghdWSjCJwNtwA== Completed in 281ms
67 timing metavuln:cache:get:security-advisory:minimatch:tJ9Z2VGWqiQfLaVKxc9K/6Rz1g70Mpl3An4UK+K1lyHdz27vYPzhMIkC4jRGAN2wpssY+8l13Ql259B6zkaX/Q== Completed in 281ms
68 timing metavuln:cache:get:security-advisory:minimatch:d1vHbFmApmPZ8D7tU5wibuYDk+ODEPdqBqmhQYykwFs/yMixetMkwY01zYVdWNOsg0NvkvSTlNgJ2ddzclruSA== Completed in 282ms
69 timing metavuln:cache:get:security-advisory:minimatch:IBqefxF0lKwSFXzwGHp5L8khqSaPYY99x0GHtXNH4YxtdIexeL4FFPzrnnBvkhgmGDEWHo3XAgpPYGyM1jidQQ== Completed in 282ms
70 timing metavuln:cache:get:security-advisory:minimatch:tdaAHfWGUw/nl/W8ALWVH+LvG2E3gvo3P2FI/fVPxm3aZteLxWMOEuk/9iDk5O0/cZN/GRXnabt/mW/bfUoL/g== Completed in 282ms
71 timing metavuln:cache:get:security-advisory:braces:JiXBFkEDkUnBQLw3PO6emUmmm2JXqgEbh+FhB3SNDS8k6Z0wM20irrfaOjjxYuMxZaKaDudvR037mtEoeqZzXw== Completed in 283ms
72 timing metavuln:cache:get:security-advisory:cookie:EFt7h/FZLeopARa06+F2CBY5ItUm007mP/cHgZjTJZX1MeIwg3JD7toSioRoDeE8wm5VdkimqlS+CnuPhZqbIg== Completed in 283ms
73 timing metavuln:cache:get:security-advisory:minimatch:kx7kRjUmjSYmgQBpfsU82Na4xORZqvqpRRSlOyPLadasPBl0YfFJCjIETC00BG7Gd2omQLizgz8/GnnE/hk+Jw== Completed in 283ms
74 timing metavuln:cache:get:security-advisory:cross-spawn:PBcc/5P1UEO/1Ba/jUNR65wOzs1wU0Y+m+OOSfB57dG5EajzjbqRMRm0l7MWqcJgHDYM5GoZ36Hm7qAYFlIH3A== Completed in 283ms
75 timing metavuln:cache:get:security-advisory:fastify:Mu3bbsgGIQMzQU+JUqKbxbOdmJ9sahc+8jmwkzzm3/7BqYYzReNvhjLjZ9XT5ElUjr+2gUCz/6X6tV16iM+obQ== Completed in 283ms
76 timing metavuln:cache:get:security-advisory:find-my-way:ncPGiupWBmuLy3osYbi6NeA3zAkV0H2ETbz204QySGfjGMvhOUrckXpvAqjVyzsYU9NNJZrPHuMSulTPi+/bfw== Completed in 283ms
77 timing metavuln:cache:get:security-advisory:flatted:oa7V2KnuHnLCPcrXFvcQLRAa1NASGJm9yZ+B92xpfwxan7PZyVrZjYAHt6LB51PFfA2mM8KGE+VHR+U5X/2uZw== Completed in 283ms
78 timing metavuln:cache:get:security-advisory:dottie:0ACVlgh2XixrZ76V6Aw4AGmXe/vScI8AGIUQKFGZaYZxp4MyNabKSDBfLcT9XlERSFeHYQ9hiMRtZaHo1b3mTw== Completed in 284ms
79 timing metavuln:cache:get:security-advisory:ip:FcMhhitnipE8n5zCPiVRq2NLRNmu7UZkoO9lrM5CRC/emGwY5wSoa1+q1Q1Z8SPpfXO9tzox/MNRv7luhyJvqg== Completed in 283ms
80 timing metavuln:cache:get:security-advisory:lodash:OGNA5lR8rR8aeucWHqvJLBV5oaroI/lF2JfG9J2l63dx9uiGUyHuI4ymC6nv+dqWwxtqCIMcqBukiWYEiF5/RQ== Completed in 283ms
81 timing metavuln:cache:get:security-advisory:markdown-it:745Vt4mrHCdT8gFHVh7oHROmP4aH4fErXXhbpeVBhtIHmsxTVI7P3rJSdfXZ1iZTBS6GEnTERL4OWUfc4Co9jQ== Completed in 284ms
82 timing metavuln:cache:get:security-advisory:ip:kueZWtHx2OlOfcgg7jCuzsMg1G+hSWSz46I4qS9A9YkI1yyLIkm6qmb9EAp6afwx9qKW96Z5AKmkLgtElUvJrg== Completed in 284ms
83 timing metavuln:cache:get:security-advisory:micromatch:TlYHmS8BZBwkbsPHbTfH2/e91KJnOnqfC63ZoKdiRy+yt6biPd8BwjBdyfPUht1+ZO675I3Gg00RQPYaWiOm8Q== Completed in 284ms
84 timing metavuln:cache:get:security-advisory:nanoid:SvMVdtEUVO5ESues2DL9aEFMy6oMG+saOn/tNitKJcx7q7CvMfC5ZcstpC8dbnZl5KL/q/3pYBvQrAPBFsC+nQ== Completed in 284ms
85 timing metavuln:cache:get:security-advisory:path-to-regexp:TmkHz1g6xKc2pnDD1h6+ZDKMikxz0M1BBY/wyR9ER8446AKOUk6gXjoSR2douZ5enAllzNSKaynTW1H+LBi1CA== Completed in 284ms
86 timing metavuln:cache:get:security-advisory:pug:q1QCNIb5doZm6I3eRGcu7TI0K8fyc7dAf2McLW9B8u9n+aVFF2mdYrDZecswkGEqvp/OYAJdtseKaRANUQq8pQ== Completed in 283ms
87 timing metavuln:cache:get:security-advisory:pug-code-gen:jYtA+ua4XfswkuObBtnwWn2fYvQUK4ca+Iv1+bqgs4mXRLiX4zUdwwNSawL0T4CvKtEq8q6TFgvFydQ8OKg+/Q== Completed in 284ms
88 timing metavuln:cache:get:security-advisory:qs:vVSN+MRVpdux32gCUfPGidHUGmS/0G5Ziwtmb1YXw3NARw1r47LtySeR7yFf/LZ4sKzi41443WWDDZzPHuCh9g== Completed in 283ms
89 timing metavuln:cache:get:security-advisory:qs:iChjlXxtVMTpyXsUse674XoeCayLW4gF6rE7sQcXvHRFegwpM44fUr9Eqlmsmu+S9udu9w9eZmpzcAcyiUJMIQ== Completed in 283ms
90 timing metavuln:cache:get:security-advisory:fastify:5OdrwYv5Xzq+rI3bchsuaHIz85Yyo5gTdhOrQGf2Em7pRhXXR2ur0R7W7qQ6UpWsSxuRBW8Fdp57dyqUhR5/yw== Completed in 288ms
91 timing metavuln:cache:get:security-advisory:sequelize:wjhMoLZiiqIacD4+V2lI9921Z2ZeJryL/EpzUzvbYcIegwFDJzNWjjO/YQBa50uUmoyjfCuJxHX0z9qwD769Dg== Completed in 284ms
92 timing metavuln:cache:get:security-advisory:serialize-javascript:VNhzhjSQJJPSfVWQUXMpEy6hsW23faurQllLlGbSJ7QrUHjncb9PKDTQYw8APRVBzMug+7YJc5EWXV6SYvPIiw== Completed in 283ms
93 timing metavuln:cache:get:security-advisory:tar:qPQeYPFDBIedTWfYK3sbnScF6Ha7ouTs+wgndnz4PT5P+/K+GBD4epoPcYpXlu6AC7gSJlCJTJeuKbYAFoK9PA== Completed in 284ms
94 timing metavuln:cache:get:security-advisory:tar:cbwMpzkxWE086TmEbj2aUk80Z6hlvP0jzlWS+XiX15JwqEtFzUgHyHj3QX4I6EZYk8tgcYPuNr3hYFVCQY6e3Q== Completed in 284ms
95 timing metavuln:cache:get:security-advisory:tar:eeMx7uxRjV2T2ub1XcSZGVUMDQllh5SgBOjApRXoDwccZb2xPyoJEKCNDkl/ZQGHcurw9K/Nf+wQF6u7SWH6CQ== Completed in 284ms
96 timing metavuln:cache:get:security-advisory:tar:UWW3Y4BpqE/fE3Qp2/QBaix5a7TZZoP7gM6asxPYL9ED9MweoK3ryao+Bp0Y6Y8Xds/rmjAafpG21YRYkP3N4g== Completed in 284ms
97 timing metavuln:cache:get:security-advisory:tar:xsfciMtNhQn+Vb692L8h5HEYBYUJ5Lhjy3bF//LOsKSn8tp0f1hbuDX26k9UtKJNPZjM5uuq2Cxlz3KwL19oJg== Completed in 284ms
98 timing metavuln:cache:get:security-advisory:tar:vbDW3SJe6e2hhLv65iuyXehzCzEAirdu2MloZluu8ApJ5S0mpjZNCz+7tMRaz8WDOzMKfYQKi/M/IfcFNOa3Cw== Completed in 285ms
99 timing metavuln:cache:get:security-advisory:tar-fs:cvuUIK3mvYU/u7TShVqDjuuoWy7Jgl2iyysqZzndeGLLwvbCDiePQ/rot9wwSNqpYc8yRaszF/7dU1Uelp1dUw== Completed in 285ms
100 timing metavuln:cache:get:security-advisory:tar-fs:Ix/Js08sk80rCM814qr/o6ab9zjh7+H8VVJui+xRbBltVjhzX21eodMzpIt77aC2gIFcrK8EEBkOSiDgsanD1w== Completed in 285ms
101 timing metavuln:cache:get:security-advisory:tar:Bbf0Br7FJ1lJBIJDoLLFwjsDrbaYgLVqfrwr0ATzSQWEKW7Xp073S+5zxU9imRf4OqRJHo2MsCDeyKR0KRVsdA== Completed in 286ms
102 timing metavuln:cache:get:security-advisory:validator:K8tnmsGw+QkTexUmTWxKwuHjWuT7Hea3z5nNI9JdW3F0rI0+n7L2rpU8PIPJJVMbPs2Qmf97TEHw10QorOnMzQ== Completed in 285ms
103 timing metavuln:cache:get:security-advisory:tar-fs:1dRVXY1/KAgNRzluJejkcnnY74RNVCtUBdSLW4DLR6KPpPmll6CDT96fyxIYOX7Nsq4AChUF8ivPlQmppqQqYw== Completed in 286ms
104 timing metavuln:cache:get:security-advisory:webpack:IzHFkMfHDC+SV3IL23ZHngntgLDUgyESA9Ge8Mh5rKNVcDpaWLuTZIcoUJg4/bAH+BQlnDzJ4nLfJCy6fOIM0A== Completed in 285ms
105 timing metavuln:cache:get:security-advisory:webpack:s8eUYzfoKCRSDroeyV91F0huXvDaY4W8tlhzcL2BszFV9dolZHIAn/UZ/7LVU12F35esXqY1PqnhYKHfHcDozQ== Completed in 286ms
106 timing metavuln:cache:get:security-advisory:webpack:7Pl1j4sHKhCQAEccTmt3XZIEEazRzvyC0TOx07N0G7o5OIhhZ0j0Ji3KSCbTwfmCR/2OHJ3Mx5ZmedDQEQeBbg== Completed in 286ms
107 timing metavuln:cache:get:security-advisory:validator:IkyJOqfhkev0E9tRX4zbgkqtsxJX67cd4upO2f1EheDpncnx522qyf9oLyXwjDcWGeZOQHSqJUAh/kUyYH60qQ== Completed in 296ms
108 silly tarball no local data for yocto-queue@https://registry.npmjs.org/yocto-queue/-/yocto-queue-0.1.0.tgz. Extracting by manifest.
109 silly tarball no local data for youch@https://registry.npmjs.org/youch/-/youch-2.2.2.tgz. Extracting by manifest.
110 silly tarball no local data for yargs-parser@https://registry.npmjs.org/yargs-parser/-/yargs-parser-21.1.1.tgz. Extracting by manifest.
111 silly tarball no local data for yallist@https://registry.npmjs.org/yallist/-/yallist-4.0.0.tgz. Extracting by manifest.
112 silly tarball no local data for yargs@https://registry.npmjs.org/yargs/-/yargs-17.7.2.tgz. Extracting by manifest.
113 silly tarball no local data for y18n@https://registry.npmjs.org/y18n/-/y18n-5.0.8.tgz. Extracting by manifest.
114 silly tarball no local data for xtend@https://registry.npmjs.org/xtend/-/xtend-4.0.2.tgz. Extracting by manifest.
115 silly tarball no local data for write-file-atomic@https://registry.npmjs.org/write-file-atomic/-/write-file-atomic-4.0.2.tgz. Extracting by manifest.
116 silly tarball no local data for wrappy@https://registry.npmjs.org/wrappy/-/wrappy-1.0.2.tgz. Extracting by manifest.
117 silly tarball no local data for xdg-basedir@https://registry.npmjs.org/xdg-basedir/-/xdg-basedir-5.1.0.tgz. Extracting by manifest.
118 silly tarball no local data for wrap-ansi-cjs@https://registry.npmjs.org/wrap-ansi/-/wrap-ansi-7.0.0.tgz. Extracting by manifest.
119 silly tarball no local data for wrap-ansi@https://registry.npmjs.org/wrap-ansi/-/wrap-ansi-8.1.0.tgz. Extracting by manifest.
120 silly tarball no local data for wkx@https://registry.npmjs.org/wkx/-/wkx-0.5.0.tgz. Extracting by manifest.
121 silly tarball no local data for wide-align@https://registry.npmjs.org/wide-align/-/wide-align-1.1.5.tgz. Extracting by manifest.
122 silly tarball no local data for wildcard@https://registry.npmjs.org/wildcard/-/wildcard-2.0.0.tgz. Extracting by manifest.
123 silly tarball no local data for widest-line@https://registry.npmjs.org/widest-line/-/widest-line-4.0.1.tgz. Extracting by manifest.
124 silly tarball no local data for which-typed-array@https://registry.npmjs.org/which-typed-array/-/which-typed-array-1.1.15.tgz. Extracting by manifest.
125 silly tarball no local data for which-boxed-primitive@https://registry.npmjs.org/which-boxed-primitive/-/which-boxed-primitive-1.0.2.tgz. Extracting by manifest.
126 silly tarball no local data for which@https://registry.npmjs.org/which/-/which-2.0.2.tgz. Extracting by manifest.
127 silly tarball no local data for webpack-merge@https://registry.npmjs.org/webpack-merge/-/webpack-merge-5.8.0.tgz. Extracting by manifest.
128 silly tarball no local data for with@https://registry.npmjs.org/with/-/with-7.0.2.tgz. Extracting by manifest.
129 silly tarball no local data for webpack-sources@https://registry.npmjs.org/webpack-sources/-/webpack-sources-3.2.3.tgz. Extracting by manifest.
130 silly tarball no local data for walker@https://registry.npmjs.org/walker/-/walker-1.0.8.tgz. Extracting by manifest.
131 silly tarball no local data for webpack@https://registry.npmjs.org/webpack/-/webpack-5.91.0.tgz. Extracting by manifest.
132 silly tarball no local data for watchpack@https://registry.npmjs.org/watchpack/-/watchpack-2.4.1.tgz. Extracting by manifest.
133 silly tarball no local data for void-elements@https://registry.npmjs.org/void-elements/-/void-elements-3.1.0.tgz. Extracting by manifest.
134 silly tarball no local data for vary@https://registry.npmjs.org/vary/-/vary-1.1.2.tgz. Extracting by manifest.
135 silly tarball no local data for validator@https://registry.npmjs.org/validator/-/validator-13.11.0.tgz. Extracting by manifest.
136 silly tarball no local data for webpack-cli@https://registry.npmjs.org/webpack-cli/-/webpack-cli-5.1.4.tgz. Extracting by manifest.
137 silly tarball no local data for uuid@https://registry.npmjs.org/uuid/-/uuid-8.3.2.tgz. Extracting by manifest.
138 silly tarball no local data for uri-js@https://registry.npmjs.org/uri-js/-/uri-js-4.4.1.tgz. Extracting by manifest.
139 silly tarball no local data for update-notifier@https://registry.npmjs.org/update-notifier/-/update-notifier-6.0.2.tgz. Extracting by manifest.
140 silly tarball no local data for untildify@https://registry.npmjs.org/untildify/-/untildify-4.0.0.tgz. Extracting by manifest.
141 silly tarball no local data for update-browserslist-db@https://registry.npmjs.org/update-browserslist-db/-/update-browserslist-db-1.0.13.tgz. Extracting by manifest.
142 silly tarball no local data for universalify@https://registry.npmjs.org/universalify/-/universalify-2.0.1.tgz. Extracting by manifest.
143 silly tarball no local data for unique-slug@https://registry.npmjs.org/unique-slug/-/unique-slug-2.0.2.tgz. Extracting by manifest.
144 silly tarball no local data for validate-npm-package-name@https://registry.npmjs.org/validate-npm-package-name/-/validate-npm-package-name-5.0.0.tgz. Extracting by manifest.
145 silly tarball no local data for util-deprecate@https://registry.npmjs.org/util-deprecate/-/util-deprecate-1.0.2.tgz. Extracting by manifest.
146 silly tarball no local data for validate-npm-package-license@https://registry.npmjs.org/validate-npm-package-license/-/validate-npm-package-license-3.0.4.tgz. Extracting by manifest.
147 silly tarball no local data for unique-filename@https://registry.npmjs.org/unique-filename/-/unique-filename-1.1.1.tgz. Extracting by manifest.
148 silly tarball no local data for unique-string@https://registry.npmjs.org/unique-string/-/unique-string-3.0.0.tgz. Extracting by manifest.
149 silly tarball no local data for undici-types@https://registry.npmjs.org/undici-types/-/undici-types-5.26.5.tgz. Extracting by manifest.
150 silly tarball no local data for unbox-primitive@https://registry.npmjs.org/unbox-primitive/-/unbox-primitive-1.0.2.tgz. Extracting by manifest.
151 silly tarball no local data for typedarray-to-buffer@https://registry.npmjs.org/typedarray-to-buffer/-/typedarray-to-buffer-3.1.5.tgz. Extracting by manifest.
152 silly tarball no local data for umzug@https://registry.npmjs.org/umzug/-/umzug-2.3.0.tgz. Extracting by manifest.
153 silly tarball no local data for uc.micro@https://registry.npmjs.org/uc.micro/-/uc.micro-1.0.6.tgz. Extracting by manifest.
154 silly tarball no local data for typed-array-byte-offset@https://registry.npmjs.org/typed-array-byte-offset/-/typed-array-byte-offset-1.0.2.tgz. Extracting by manifest.
155 silly tarball no local data for typed-array-byte-length@https://registry.npmjs.org/typed-array-byte-length/-/typed-array-byte-length-1.0.1.tgz. Extracting by manifest.
156 silly tarball no local data for typed-array-length@https://registry.npmjs.org/typed-array-length/-/typed-array-length-1.0.6.tgz. Extracting by manifest.
157 silly tarball no local data for typed-array-buffer@https://registry.npmjs.org/typed-array-buffer/-/typed-array-buffer-1.0.2.tgz. Extracting by manifest.
158 silly tarball no local data for v8-to-istanbul@https://registry.npmjs.org/v8-to-istanbul/-/v8-to-istanbul-9.2.0.tgz. Extracting by manifest.
159 silly tarball no local data for type-fest@https://registry.npmjs.org/type-fest/-/type-fest-0.20.2.tgz. Extracting by manifest.
160 silly tarball no local data for type-detect@https://registry.npmjs.org/type-detect/-/type-detect-4.0.8.tgz. Extracting by manifest.
161 silly tarball no local data for type-check@https://registry.npmjs.org/type-check/-/type-check-0.4.0.tgz. Extracting by manifest.
162 silly tarball no local data for tunnel-agent@https://registry.npmjs.org/tunnel-agent/-/tunnel-agent-0.6.0.tgz. Extracting by manifest.
163 silly tarball no local data for tuf-js@https://registry.npmjs.org/tuf-js/-/tuf-js-1.1.7.tgz. Extracting by manifest.
164 silly tarball no local data for type@https://registry.npmjs.org/type/-/type-2.7.2.tgz. Extracting by manifest.
165 silly tarball no local data for tslib@https://registry.npmjs.org/tslib/-/tslib-2.6.2.tgz. Extracting by manifest.
166 silly tarball no local data for toidentifier@https://registry.npmjs.org/toidentifier/-/toidentifier-1.0.1.tgz. Extracting by manifest.
167 silly tarball no local data for tsconfig-paths@https://registry.npmjs.org/tsconfig-paths/-/tsconfig-paths-3.15.0.tgz. Extracting by manifest.
168 silly tarball no local data for tree-kill@https://registry.npmjs.org/tree-kill/-/tree-kill-1.2.2.tgz. Extracting by manifest.
169 silly tarball no local data for toposort-class@https://registry.npmjs.org/toposort-class/-/toposort-class-1.0.1.tgz. Extracting by manifest.
170 silly tarball no local data for token-stream@https://registry.npmjs.org/token-stream/-/token-stream-1.0.0.tgz. Extracting by manifest.
171 silly tarball no local data for to-regex-range@https://registry.npmjs.org/to-regex-range/-/to-regex-range-5.0.1.tgz. Extracting by manifest.
172 silly tarball no local data for toad-cache@https://registry.npmjs.org/toad-cache/-/toad-cache-3.7.0.tgz. Extracting by manifest.
173 silly tarball no local data for to-fast-properties@https://registry.npmjs.org/to-fast-properties/-/to-fast-properties-2.0.0.tgz. Extracting by manifest.
174 silly tarball no local data for tmpl@https://registry.npmjs.org/tmpl/-/tmpl-1.0.5.tgz. Extracting by manifest.
175 silly tarball no local data for type-is@https://registry.npmjs.org/type-is/-/type-is-1.6.18.tgz. Extracting by manifest.
176 silly tarball no local data for timers-ext@https://registry.npmjs.org/timers-ext/-/timers-ext-0.1.7.tgz. Extracting by manifest.
177 silly tarball no local data for tildify@https://registry.npmjs.org/tildify/-/tildify-2.0.0.tgz. Extracting by manifest.
178 silly tarball no local data for thread-stream@https://registry.npmjs.org/thread-stream/-/thread-stream-2.6.0.tgz. Extracting by manifest.
179 silly tarball no local data for text-table@https://registry.npmjs.org/text-table/-/text-table-0.2.0.tgz. Extracting by manifest.
180 silly tarball no local data for terser-webpack-plugin@https://registry.npmjs.org/terser-webpack-plugin/-/terser-webpack-plugin-5.3.10.tgz. Extracting by manifest.
181 silly tarball no local data for terser@https://registry.npmjs.org/terser/-/terser-5.30.4.tgz. Extracting by manifest.
182 silly tarball no local data for tarn@https://registry.npmjs.org/tarn/-/tarn-3.0.2.tgz. Extracting by manifest.
183 silly tarball no local data for tar-stream@https://registry.npmjs.org/tar-stream/-/tar-stream-2.2.0.tgz. Extracting by manifest.
184 silly tarball no local data for tar-fs@https://registry.npmjs.org/tar-fs/-/tar-fs-2.1.1.tgz. Extracting by manifest.
185 silly tarball no local data for tar@https://registry.npmjs.org/tar/-/tar-6.1.11.tgz. Extracting by manifest.
186 silly tarball no local data for tapable@https://registry.npmjs.org/tapable/-/tapable-2.2.1.tgz. Extracting by manifest.
187 silly tarball no local data for supports-preserve-symlinks-flag@https://registry.npmjs.org/supports-preserve-symlinks-flag/-/supports-preserve-symlinks-flag-1.0.0.tgz. Extracting by manifest.
188 silly tarball no local data for supports-color@https://registry.npmjs.org/supports-color/-/supports-color-7.2.0.tgz. Extracting by manifest.
189 silly tarball no local data for strip-json-comments@https://registry.npmjs.org/strip-json-comments/-/strip-json-comments-3.1.1.tgz. Extracting by manifest.
190 silly tarball no local data for test-exclude@https://registry.npmjs.org/test-exclude/-/test-exclude-6.0.0.tgz. Extracting by manifest.
191 silly tarball no local data for strip-ansi-cjs@https://registry.npmjs.org/strip-ansi/-/strip-ansi-6.0.1.tgz. Extracting by manifest.
192 silly tarball no local data for strip-ansi@https://registry.npmjs.org/strip-ansi/-/strip-ansi-6.0.1.tgz. Extracting by manifest.
193 silly tarball no local data for string.prototype.trimstart@https://registry.npmjs.org/string.prototype.trimstart/-/string.prototype.trimstart-1.0.8.tgz. Extracting by manifest.
194 silly tarball no local data for string.prototype.trimend@https://registry.npmjs.org/string.prototype.trimend/-/string.prototype.trimend-1.0.8.tgz. Extracting by manifest.
195 silly tarball no local data for string.prototype.trim@https://registry.npmjs.org/string.prototype.trim/-/string.prototype.trim-1.2.9.tgz. Extracting by manifest.
196 silly tarball no local data for string-width-cjs@https://registry.npmjs.org/string-width/-/string-width-4.2.3.tgz. Extracting by manifest.
197 silly tarball no local data for string-width@https://registry.npmjs.org/string-width/-/string-width-4.2.3.tgz. Extracting by manifest.
198 silly tarball no local data for string-length@https://registry.npmjs.org/string-length/-/string-length-4.0.2.tgz. Extracting by manifest.
199 silly tarball no local data for statuses@https://registry.npmjs.org/statuses/-/statuses-2.0.1.tgz. Extracting by manifest.
200 silly tarball no local data for stack-utils@https://registry.npmjs.org/stack-utils/-/stack-utils-2.0.6.tgz. Extracting by manifest.
201 silly tarball no local data for stack-trace@https://registry.npmjs.org/stack-trace/-/stack-trace-0.0.10.tgz. Extracting by manifest.
202 silly tarball no local data for string_decoder@https://registry.npmjs.org/string_decoder/-/string_decoder-1.3.0.tgz. Extracting by manifest.
203 silly tarball no local data for strip-bom@https://registry.npmjs.org/strip-bom/-/strip-bom-4.0.0.tgz. Extracting by manifest.
204 silly tarball no local data for style-loader@https://registry.npmjs.org/style-loader/-/style-loader-4.0.0.tgz. Extracting by manifest.
205 silly tarball no local data for ssri@https://registry.npmjs.org/ssri/-/ssri-10.0.5.tgz. Extracting by manifest.
206 silly tarball no local data for spdx-exceptions@https://registry.npmjs.org/spdx-exceptions/-/spdx-exceptions-2.5.0.tgz. Extracting by manifest.
207 silly tarball no local data for sprintf-js@https://registry.npmjs.org/sprintf-js/-/sprintf-js-1.0.3.tgz. Extracting by manifest.
208 silly tarball no local data for spawn-please@https://registry.npmjs.org/spawn-please/-/spawn-please-2.0.2.tgz. Extracting by manifest.
209 silly tarball no local data for spdx-correct@https://registry.npmjs.org/spdx-correct/-/spdx-correct-3.2.0.tgz. Extracting by manifest.
210 silly tarball no local data for sqlite3@https://registry.npmjs.org/sqlite3/-/sqlite3-5.1.7.tgz. Extracting by manifest.
211 silly tarball no local data for split2@https://registry.npmjs.org/split2/-/split2-3.2.2.tgz. Extracting by manifest.
212 silly tarball no local data for spawn-command@https://registry.npmjs.org/spawn-command/-/spawn-command-0.0.2.tgz. Extracting by manifest.
213 silly tarball no local data for source-map-js@https://registry.npmjs.org/source-map-js/-/source-map-js-1.2.0.tgz. Extracting by manifest.
214 silly tarball no local data for spdx-expression-parse@https://registry.npmjs.org/spdx-expression-parse/-/spdx-expression-parse-3.0.1.tgz. Extracting by manifest.
215 silly tarball no local data for source-map-support@https://registry.npmjs.org/source-map-support/-/source-map-support-0.5.13.tgz. Extracting by manifest.
216 silly tarball no local data for spdx-license-ids@https://registry.npmjs.org/spdx-license-ids/-/spdx-license-ids-3.0.17.tgz. Extracting by manifest.
217 silly tarball no local data for sodium-native@https://registry.npmjs.org/sodium-native/-/sodium-native-4.1.1.tgz. Extracting by manifest.
218 silly tarball no local data for source-map@https://registry.npmjs.org/source-map/-/source-map-0.6.1.tgz. Extracting by manifest.
219 silly tarball no local data for socks-proxy-agent@https://registry.npmjs.org/socks-proxy-agent/-/socks-proxy-agent-7.0.0.tgz. Extracting by manifest.
220 silly tarball no local data for sonic-boom@https://registry.npmjs.org/sonic-boom/-/sonic-boom-3.8.1.tgz. Extracting by manifest.
221 silly tarball no local data for slash@https://registry.npmjs.org/slash/-/slash-3.0.0.tgz. Extracting by manifest.
222 silly tarball no local data for socks@https://registry.npmjs.org/socks/-/socks-2.7.0.tgz. Extracting by manifest.
223 silly tarball no local data for smart-buffer@https://registry.npmjs.org/smart-buffer/-/smart-buffer-4.2.0.tgz. Extracting by manifest.
224 silly tarball no local data for sisteransi@https://registry.npmjs.org/sisteransi/-/sisteransi-1.0.5.tgz. Extracting by manifest.
225 silly tarball no local data for strip-final-newline@https://registry.npmjs.org/strip-final-newline/-/strip-final-newline-2.0.0.tgz. Extracting by manifest.
226 silly tarball no local data for simple-get@https://registry.npmjs.org/simple-get/-/simple-get-4.0.1.tgz. Extracting by manifest.
227 silly tarball no local data for simple-concat@https://registry.npmjs.org/simple-concat/-/simple-concat-1.0.1.tgz. Extracting by manifest.
228 silly tarball no local data for sigstore@https://registry.npmjs.org/sigstore/-/sigstore-1.9.0.tgz. Extracting by manifest.
229 silly tarball no local data for side-channel@https://registry.npmjs.org/side-channel/-/side-channel-1.0.6.tgz. Extracting by manifest.
230 silly tarball no local data for shell-quote@https://registry.npmjs.org/shell-quote/-/shell-quote-1.8.1.tgz. Extracting by manifest.
231 silly tarball no local data for shebang-regex@https://registry.npmjs.org/shebang-regex/-/shebang-regex-3.0.0.tgz. Extracting by manifest.
232 silly tarball no local data for shebang-command@https://registry.npmjs.org/shebang-command/-/shebang-command-2.0.0.tgz. Extracting by manifest.
233 silly tarball no local data for shallow-clone@https://registry.npmjs.org/shallow-clone/-/shallow-clone-3.0.1.tgz. Extracting by manifest.
234 silly tarball no local data for setprototypeof@https://registry.npmjs.org/setprototypeof/-/setprototypeof-1.2.0.tgz. Extracting by manifest.
235 silly tarball no local data for set-function-name@https://registry.npmjs.org/set-function-name/-/set-function-name-2.0.2.tgz. Extracting by manifest.
236 silly tarball no local data for set-function-length@https://registry.npmjs.org/set-function-length/-/set-function-length-1.2.2.tgz. Extracting by manifest.
237 silly tarball no local data for set-blocking@https://registry.npmjs.org/set-blocking/-/set-blocking-2.0.0.tgz. Extracting by manifest.
238 silly tarball no local data for set-cookie-parser@https://registry.npmjs.org/set-cookie-parser/-/set-cookie-parser-2.6.0.tgz. Extracting by manifest.
239 silly tarball no local data for serialize-javascript@https://registry.npmjs.org/serialize-javascript/-/serialize-javascript-6.0.2.tgz. Extracting by manifest.
240 silly tarball no local data for sequelize-pool@https://registry.npmjs.org/sequelize-pool/-/sequelize-pool-7.1.0.tgz. Extracting by manifest.
241 silly tarball no local data for sequelize-cli@https://registry.npmjs.org/sequelize-cli/-/sequelize-cli-6.6.2.tgz. Extracting by manifest.
242 silly tarball no local data for sequelize@https://registry.npmjs.org/sequelize/-/sequelize-6.37.3.tgz. Extracting by manifest.
243 silly tarball no local data for semver-utils@https://registry.npmjs.org/semver-utils/-/semver-utils-1.1.4.tgz. Extracting by manifest.
244 silly tarball no local data for semver-diff@https://registry.npmjs.org/semver-diff/-/semver-diff-4.0.0.tgz. Extracting by manifest.
245 silly tarball no local data for secure-json-parse@https://registry.npmjs.org/secure-json-parse/-/secure-json-parse-2.7.0.tgz. Extracting by manifest.
246 silly tarball no local data for semver@https://registry.npmjs.org/semver/-/semver-7.6.0.tgz. Extracting by manifest.
247 silly tarball no local data for schema-utils@https://registry.npmjs.org/schema-utils/-/schema-utils-4.0.0.tgz. Extracting by manifest.
248 silly tarball no local data for safer-buffer@https://registry.npmjs.org/safer-buffer/-/safer-buffer-2.1.2.tgz. Extracting by manifest.
249 silly tarball no local data for signal-exit@https://registry.npmjs.org/signal-exit/-/signal-exit-3.0.7.tgz. Extracting by manifest.
250 silly tarball no local data for safe-regex-test@https://registry.npmjs.org/safe-regex-test/-/safe-regex-test-1.0.3.tgz. Extracting by manifest.
251 silly tarball no local data for safe-buffer@https://registry.npmjs.org/safe-buffer/-/safe-buffer-5.2.1.tgz. Extracting by manifest.
252 silly tarball no local data for rxjs@https://registry.npmjs.org/rxjs/-/rxjs-7.8.1.tgz. Extracting by manifest.
253 silly tarball no local data for run-parallel@https://registry.npmjs.org/run-parallel/-/run-parallel-1.2.0.tgz. Extracting by manifest.
254 silly tarball no local data for safe-array-concat@https://registry.npmjs.org/safe-array-concat/-/safe-array-concat-1.1.2.tgz. Extracting by manifest.
255 silly tarball no local data for rimraf@https://registry.npmjs.org/rimraf/-/rimraf-3.0.2.tgz. Extracting by manifest.
256 silly tarball no local data for retry-as-promised@https://registry.npmjs.org/retry-as-promised/-/retry-as-promised-7.0.4.tgz. Extracting by manifest.
257 silly tarball no local data for rfdc@https://registry.npmjs.org/rfdc/-/rfdc-1.3.1.tgz. Extracting by manifest.
258 silly tarball no local data for retry@https://registry.npmjs.org/retry/-/retry-0.12.0.tgz. Extracting by manifest.
259 silly tarball no local data for reusify@https://registry.npmjs.org/reusify/-/reusify-1.0.4.tgz. Extracting by manifest.
260 silly tarball no local data for resolve.exports@https://registry.npmjs.org/resolve.exports/-/resolve.exports-2.0.2.tgz. Extracting by manifest.
261 silly tarball no local data for responselike@https://registry.npmjs.org/responselike/-/responselike-2.0.1.tgz. Extracting by manifest.
262 silly tarball no local data for ret@https://registry.npmjs.org/ret/-/ret-0.2.2.tgz. Extracting by manifest.
263 silly tarball no local data for resolve-from@https://registry.npmjs.org/resolve-from/-/resolve-from-5.0.0.tgz. Extracting by manifest.
264 silly tarball no local data for resolve-cwd@https://registry.npmjs.org/resolve-cwd/-/resolve-cwd-3.0.0.tgz. Extracting by manifest.
265 silly tarball no local data for resolve@https://registry.npmjs.org/resolve/-/resolve-1.22.8.tgz. Extracting by manifest.
266 silly tarball no local data for require-from-string@https://registry.npmjs.org/require-from-string/-/require-from-string-2.0.2.tgz. Extracting by manifest.
267 silly tarball no local data for resolve-alpn@https://registry.npmjs.org/resolve-alpn/-/resolve-alpn-1.2.1.tgz. Extracting by manifest.
268 silly tarball no local data for require-directory@https://registry.npmjs.org/require-directory/-/require-directory-2.1.1.tgz. Extracting by manifest.
269 silly tarball no local data for remote-git-tags@https://registry.npmjs.org/remote-git-tags/-/remote-git-tags-3.0.0.tgz. Extracting by manifest.
270 silly tarball no local data for registry-auth-token@https://registry.npmjs.org/registry-auth-token/-/registry-auth-token-5.0.1.tgz. Extracting by manifest.
271 silly tarball no local data for registry-url@https://registry.npmjs.org/registry-url/-/registry-url-6.0.1.tgz. Extracting by manifest.
272 silly tarball no local data for safe-regex2@https://registry.npmjs.org/safe-regex2/-/safe-regex2-2.0.0.tgz. Extracting by manifest.
273 silly tarball no local data for rechoir@https://registry.npmjs.org/rechoir/-/rechoir-0.8.0.tgz. Extracting by manifest.
274 silly tarball no local data for real-require@https://registry.npmjs.org/real-require/-/real-require-0.2.0.tgz. Extracting by manifest.
275 silly tarball no local data for regenerator-runtime@https://registry.npmjs.org/regenerator-runtime/-/regenerator-runtime-0.14.1.tgz. Extracting by manifest.
276 silly tarball no local data for readdirp@https://registry.npmjs.org/readdirp/-/readdirp-3.6.0.tgz. Extracting by manifest.
277 silly tarball no local data for read-package-json-fast@https://registry.npmjs.org/read-package-json-fast/-/read-package-json-fast-3.0.2.tgz. Extracting by manifest.
278 silly tarball no local data for read-package-json@https://registry.npmjs.org/read-package-json/-/read-package-json-6.0.4.tgz. Extracting by manifest.
279 silly tarball no local data for readable-stream@https://registry.npmjs.org/readable-stream/-/readable-stream-3.6.2.tgz. Extracting by manifest.
280 silly tarball no local data for regexp.prototype.flags@https://registry.npmjs.org/regexp.prototype.flags/-/regexp.prototype.flags-1.5.2.tgz. Extracting by manifest.
281 silly tarball no local data for rc@https://registry.npmjs.org/rc/-/rc-1.2.8.tgz. Extracting by manifest.
282 silly tarball no local data for react-is@https://registry.npmjs.org/react-is/-/react-is-18.2.0.tgz. Extracting by manifest.
283 silly tarball no local data for randombytes@https://registry.npmjs.org/randombytes/-/randombytes-2.1.0.tgz. Extracting by manifest.
284 silly tarball no local data for rc-config-loader@https://registry.npmjs.org/rc-config-loader/-/rc-config-loader-4.1.3.tgz. Extracting by manifest.
285 silly tarball no local data for quick-lru@https://registry.npmjs.org/quick-lru/-/quick-lru-5.1.1.tgz. Extracting by manifest.
286 silly tarball no local data for quick-format-unescaped@https://registry.npmjs.org/quick-format-unescaped/-/quick-format-unescaped-4.0.4.tgz. Extracting by manifest.
287 silly tarball no local data for qs@https://registry.npmjs.org/qs/-/qs-6.12.1.tgz. Extracting by manifest.
288 silly tarball no local data for queue-microtask@https://registry.npmjs.org/queue-microtask/-/queue-microtask-1.2.3.tgz. Extracting by manifest.
289 silly tarball no local data for pupa@https://registry.npmjs.org/pupa/-/pupa-3.1.0.tgz. Extracting by manifest.
290 silly tarball no local data for pure-rand@https://registry.npmjs.org/pure-rand/-/pure-rand-6.1.0.tgz. Extracting by manifest.
291 silly tarball no local data for punycode@https://registry.npmjs.org/punycode/-/punycode-2.1.1.tgz. Extracting by manifest.
292 silly tarball no local data for pump@https://registry.npmjs.org/pump/-/pump-3.0.0.tgz. Extracting by manifest.
293 silly tarball no local data for pug-strip-comments@https://registry.npmjs.org/pug-strip-comments/-/pug-strip-comments-2.0.0.tgz. Extracting by manifest.
294 silly tarball no local data for pug-walk@https://registry.npmjs.org/pug-walk/-/pug-walk-2.0.0.tgz. Extracting by manifest.
295 silly tarball no local data for pug-runtime@https://registry.npmjs.org/pug-runtime/-/pug-runtime-3.0.1.tgz. Extracting by manifest.
296 silly tarball no local data for pug-parser@https://registry.npmjs.org/pug-parser/-/pug-parser-6.0.0.tgz. Extracting by manifest.
297 silly tarball no local data for pug-linker@https://registry.npmjs.org/pug-linker/-/pug-linker-4.0.0.tgz. Extracting by manifest.
298 silly tarball no local data for pug-load@https://registry.npmjs.org/pug-load/-/pug-load-3.0.0.tgz. Extracting by manifest.
299 silly tarball no local data for pug-lexer@https://registry.npmjs.org/pug-lexer/-/pug-lexer-5.0.1.tgz. Extracting by manifest.
300 silly tarball no local data for pug-filters@https://registry.npmjs.org/pug-filters/-/pug-filters-4.0.0.tgz. Extracting by manifest.
301 silly tarball no local data for pug-error@https://registry.npmjs.org/pug-error/-/pug-error-2.0.0.tgz. Extracting by manifest.
302 silly tarball no local data for pug-code-gen@https://registry.npmjs.org/pug-code-gen/-/pug-code-gen-3.0.2.tgz. Extracting by manifest.
303 silly tarball no local data for pug@https://registry.npmjs.org/pug/-/pug-3.0.2.tgz. Extracting by manifest.
304 silly tarball no local data for pug-attrs@https://registry.npmjs.org/pug-attrs/-/pug-attrs-3.0.0.tgz. Extracting by manifest.
305 silly tarball no local data for proxy-addr@https://registry.npmjs.org/proxy-addr/-/proxy-addr-2.0.7.tgz. Extracting by manifest.
306 silly tarball no local data for proto-list@https://registry.npmjs.org/proto-list/-/proto-list-1.2.4.tgz. Extracting by manifest.
307 silly tarball no local data for prompts@https://registry.npmjs.org/prompts/-/prompts-2.4.2.tgz. Extracting by manifest.
308 silly tarball no local data for prompts-ncu@https://registry.npmjs.org/prompts-ncu/-/prompts-ncu-3.0.0.tgz. Extracting by manifest.
309 silly tarball no local data for promise-inflight@https://registry.npmjs.org/promise-inflight/-/promise-inflight-1.0.1.tgz. Extracting by manifest.
310 silly tarball no local data for promise-retry@https://registry.npmjs.org/promise-retry/-/promise-retry-2.0.1.tgz. Extracting by manifest.
311 silly tarball no local data for progress@https://registry.npmjs.org/progress/-/progress-2.0.3.tgz. Extracting by manifest.
312 silly tarball no local data for pretty-format@https://registry.npmjs.org/pretty-format/-/pretty-format-29.7.0.tgz. Extracting by manifest.
313 silly tarball no local data for process-warning@https://registry.npmjs.org/process-warning/-/process-warning-3.0.0.tgz. Extracting by manifest.
314 silly tarball no local data for promise@https://registry.npmjs.org/promise/-/promise-7.3.1.tgz. Extracting by manifest.
315 silly tarball no local data for process@https://registry.npmjs.org/process/-/process-0.11.10.tgz. Extracting by manifest.
316 silly tarball no local data for proc-log@https://registry.npmjs.org/proc-log/-/proc-log-3.0.0.tgz. Extracting by manifest.
317 silly tarball no local data for prebuild-install@https://registry.npmjs.org/prebuild-install/-/prebuild-install-7.1.2.tgz. Extracting by manifest.
318 silly tarball no local data for prelude-ls@https://registry.npmjs.org/prelude-ls/-/prelude-ls-1.2.1.tgz. Extracting by manifest.
319 silly tarball no local data for postgres-interval@https://registry.npmjs.org/postgres-interval/-/postgres-interval-1.2.0.tgz. Extracting by manifest.
320 silly tarball no local data for postgres-array@https://registry.npmjs.org/postgres-array/-/postgres-array-2.0.0.tgz. Extracting by manifest.
321 silly tarball no local data for postcss-selector-parser@https://registry.npmjs.org/postcss-selector-parser/-/postcss-selector-parser-6.0.16.tgz. Extracting by manifest.
322 silly tarball no local data for postgres-date@https://registry.npmjs.org/postgres-date/-/postgres-date-1.0.7.tgz. Extracting by manifest.
323 silly tarball no local data for postgres-bytea@https://registry.npmjs.org/postgres-bytea/-/postgres-bytea-1.0.0.tgz. Extracting by manifest.
324 silly tarball no local data for postcss-value-parser@https://registry.npmjs.org/postcss-value-parser/-/postcss-value-parser-4.2.0.tgz. Extracting by manifest.
325 silly tarball no local data for postcss-modules-values@https://registry.npmjs.org/postcss-modules-values/-/postcss-modules-values-4.0.0.tgz. Extracting by manifest.
326 silly tarball no local data for postcss-modules-scope@https://registry.npmjs.org/postcss-modules-scope/-/postcss-modules-scope-3.2.0.tgz. Extracting by manifest.
327 silly tarball no local data for safe-stable-stringify@https://registry.npmjs.org/safe-stable-stringify/-/safe-stable-stringify-2.4.3.tgz. Extracting by manifest.
328 silly tarball no local data for postcss-modules-local-by-default@https://registry.npmjs.org/postcss-modules-local-by-default/-/postcss-modules-local-by-default-4.0.5.tgz. Extracting by manifest.
329 silly tarball no local data for postcss-modules-extract-imports@https://registry.npmjs.org/postcss-modules-extract-imports/-/postcss-modules-extract-imports-3.1.0.tgz. Extracting by manifest.
330 silly tarball no local data for pkg-up@https://registry.npmjs.org/pkg-up/-/pkg-up-3.1.0.tgz. Extracting by manifest.
331 silly tarball no local data for possible-typed-array-names@https://registry.npmjs.org/possible-typed-array-names/-/possible-typed-array-names-1.0.0.tgz. Extracting by manifest.
332 silly tarball no local data for pino-std-serializers@https://registry.npmjs.org/pino-std-serializers/-/pino-std-serializers-6.2.2.tgz. Extracting by manifest.
333 silly tarball no local data for pino-pretty@https://registry.npmjs.org/pino-pretty/-/pino-pretty-11.0.0.tgz. Extracting by manifest.
334 silly tarball no local data for pirates@https://registry.npmjs.org/pirates/-/pirates-4.0.6.tgz. Extracting by manifest.
335 silly tarball no local data for pkg-dir@https://registry.npmjs.org/pkg-dir/-/pkg-dir-4.2.0.tgz. Extracting by manifest.
336 silly tarball no local data for pino-abstract-transport@https://registry.npmjs.org/pino-abstract-transport/-/pino-abstract-transport-1.2.0.tgz. Extracting by manifest.
337 silly tarball no local data for pino@https://registry.npmjs.org/pino/-/pino-8.20.0.tgz. Extracting by manifest.
338 silly tarball no local data for picomatch@https://registry.npmjs.org/picomatch/-/picomatch-2.3.1.tgz. Extracting by manifest.
339 silly tarball no local data for picocolors@https://registry.npmjs.org/picocolors/-/picocolors-1.0.0.tgz. Extracting by manifest.
340 silly tarball no local data for pgpass@https://registry.npmjs.org/pgpass/-/pgpass-1.0.5.tgz. Extracting by manifest.
341 silly tarball no local data for pg-types@https://registry.npmjs.org/pg-types/-/pg-types-2.2.0.tgz. Extracting by manifest.
342 silly tarball no local data for pg-protocol@https://registry.npmjs.org/pg-protocol/-/pg-protocol-1.6.1.tgz. Extracting by manifest.
343 silly tarball no local data for pg-int8@https://registry.npmjs.org/pg-int8/-/pg-int8-1.0.1.tgz. Extracting by manifest.
344 silly tarball no local data for pg-pool@https://registry.npmjs.org/pg-pool/-/pg-pool-3.6.2.tgz. Extracting by manifest.
345 silly tarball no local data for pg-connection-string@https://registry.npmjs.org/pg-connection-string/-/pg-connection-string-2.6.2.tgz. Extracting by manifest.
346 silly tarball no local data for pg-cloudflare@https://registry.npmjs.org/pg-cloudflare/-/pg-cloudflare-1.1.1.tgz. Extracting by manifest.
347 silly tarball no local data for path-type@https://registry.npmjs.org/path-type/-/path-type-4.0.0.tgz. Extracting by manifest.
348 silly tarball no local data for pg@https://registry.npmjs.org/pg/-/pg-8.11.5.tgz. Extracting by manifest.
349 silly tarball no local data for postcss@https://registry.npmjs.org/postcss/-/postcss-8.4.38.tgz. Extracting by manifest.
350 silly tarball no local data for path-to-regexp@https://registry.npmjs.org/path-to-regexp/-/path-to-regexp-6.2.1.tgz. Extracting by manifest.
351 silly tarball no local data for path-scurry@https://registry.npmjs.org/path-scurry/-/path-scurry-1.10.2.tgz. Extracting by manifest.
352 silly tarball no local data for path-is-absolute@https://registry.npmjs.org/path-is-absolute/-/path-is-absolute-1.0.1.tgz. Extracting by manifest.
353 silly tarball no local data for path-exists@https://registry.npmjs.org/path-exists/-/path-exists-4.0.0.tgz. Extracting by manifest.
354 silly tarball no local data for parse-json@https://registry.npmjs.org/parse-json/-/parse-json-5.2.0.tgz. Extracting by manifest.
355 silly tarball no local data for parse-github-url@https://registry.npmjs.org/parse-github-url/-/parse-github-url-1.0.2.tgz. Extracting by manifest.
356 silly tarball no local data for parent-module@https://registry.npmjs.org/parent-module/-/parent-module-1.0.1.tgz. Extracting by manifest.
357 silly tarball no local data for pacote@https://registry.npmjs.org/pacote/-/pacote-15.2.0.tgz. Extracting by manifest.
358 silly tarball no local data for p-try@https://registry.npmjs.org/p-try/-/p-try-2.2.0.tgz. Extracting by manifest.
359 silly tarball no local data for package-json@https://registry.npmjs.org/package-json/-/package-json-8.1.0.tgz. Extracting by manifest.
360 silly tarball no local data for path-key@https://registry.npmjs.org/path-key/-/path-key-3.1.1.tgz. Extracting by manifest.
361 silly tarball no local data for p-map@https://registry.npmjs.org/p-map/-/p-map-4.0.0.tgz. Extracting by manifest.
362 silly tarball no local data for p-locate@https://registry.npmjs.org/p-locate/-/p-locate-5.0.0.tgz. Extracting by manifest.
363 silly tarball no local data for optionator@https://registry.npmjs.org/optionator/-/optionator-0.9.3.tgz. Extracting by manifest.
364 silly tarball no local data for onetime@https://registry.npmjs.org/onetime/-/onetime-5.1.2.tgz. Extracting by manifest.
365 silly tarball no local data for p-limit@https://registry.npmjs.org/p-limit/-/p-limit-3.1.0.tgz. Extracting by manifest.
366 silly tarball no local data for once@https://registry.npmjs.org/once/-/once-1.4.0.tgz. Extracting by manifest.
367 silly tarball no local data for on-exit-leak-free@https://registry.npmjs.org/on-exit-leak-free/-/on-exit-leak-free-2.1.2.tgz. Extracting by manifest.
368 silly tarball no local data for objection-unique@https://registry.npmjs.org/objection-unique/-/objection-unique-1.2.2.tgz. Extracting by manifest.
369 silly tarball no local data for objection@https://registry.npmjs.org/objection/-/objection-3.1.4.tgz. Extracting by manifest.
370 silly tarball no local data for object.entries@https://registry.npmjs.org/object.entries/-/object.entries-1.1.8.tgz. Extracting by manifest.
371 silly tarball no local data for p-cancelable@https://registry.npmjs.org/p-cancelable/-/p-cancelable-3.0.0.tgz. Extracting by manifest.
372 silly tarball no local data for object.groupby@https://registry.npmjs.org/object.groupby/-/object.groupby-1.0.3.tgz. Extracting by manifest.
373 silly tarball no local data for object.fromentries@https://registry.npmjs.org/object.fromentries/-/object.fromentries-2.0.8.tgz. Extracting by manifest.
374 silly tarball no local data for path-parse@https://registry.npmjs.org/path-parse/-/path-parse-1.0.7.tgz. Extracting by manifest.
375 silly tarball no local data for object-inspect@https://registry.npmjs.org/object-inspect/-/object-inspect-1.13.1.tgz. Extracting by manifest.
376 silly tarball no local data for object-assign@https://registry.npmjs.org/object-assign/-/object-assign-4.1.1.tgz. Extracting by manifest.
377 silly tarball no local data for object.values@https://registry.npmjs.org/object.values/-/object.values-1.2.0.tgz. Extracting by manifest.
378 silly tarball no local data for object.assign@https://registry.npmjs.org/object.assign/-/object.assign-4.1.5.tgz. Extracting by manifest.
379 silly tarball no local data for object-keys@https://registry.npmjs.org/object-keys/-/object-keys-1.1.1.tgz. Extracting by manifest.
380 silly tarball no local data for npmlog@https://registry.npmjs.org/npmlog/-/npmlog-6.0.2.tgz. Extracting by manifest.
381 silly tarball no local data for npm-pick-manifest@https://registry.npmjs.org/npm-pick-manifest/-/npm-pick-manifest-8.0.2.tgz. Extracting by manifest.
382 silly tarball no local data for npm-package-arg@https://registry.npmjs.org/npm-package-arg/-/npm-package-arg-10.1.0.tgz. Extracting by manifest.
383 silly tarball no local data for npm-packlist@https://registry.npmjs.org/npm-packlist/-/npm-packlist-7.0.4.tgz. Extracting by manifest.
384 silly tarball no local data for npm-normalize-package-bin@https://registry.npmjs.org/npm-normalize-package-bin/-/npm-normalize-package-bin-3.0.1.tgz. Extracting by manifest.
385 silly tarball no local data for npm-install-checks@https://registry.npmjs.org/npm-install-checks/-/npm-install-checks-6.3.0.tgz. Extracting by manifest.
386 silly tarball no local data for npm-bundled@https://registry.npmjs.org/npm-bundled/-/npm-bundled-3.0.0.tgz. Extracting by manifest.
387 silly tarball no local data for npm-check-updates@https://registry.npmjs.org/npm-check-updates/-/npm-check-updates-16.14.18.tgz. Extracting by manifest.
388 silly tarball no local data for normalize-path@https://registry.npmjs.org/normalize-path/-/normalize-path-3.0.0.tgz. Extracting by manifest.
389 silly tarball no local data for normalize-url@https://registry.npmjs.org/normalize-url/-/normalize-url-6.1.0.tgz. Extracting by manifest.
390 silly tarball no local data for normalize-package-data@https://registry.npmjs.org/normalize-package-data/-/normalize-package-data-5.0.0.tgz. Extracting by manifest.
391 silly tarball no local data for nopt@https://registry.npmjs.org/nopt/-/nopt-5.0.0.tgz. Extracting by manifest.
392 silly tarball no local data for node-int64@https://registry.npmjs.org/node-int64/-/node-int64-0.4.0.tgz. Extracting by manifest.
393 silly tarball no local data for node-gyp-build@https://registry.npmjs.org/node-gyp-build/-/node-gyp-build-4.8.0.tgz. Extracting by manifest.
394 silly tarball no local data for npm-registry-fetch@https://registry.npmjs.org/npm-registry-fetch/-/npm-registry-fetch-14.0.5.tgz. Extracting by manifest.
395 silly tarball no local data for node-releases@https://registry.npmjs.org/node-releases/-/node-releases-2.0.14.tgz. Extracting by manifest.
396 silly tarball no local data for node-gyp@https://registry.npmjs.org/node-gyp/-/node-gyp-9.4.1.tgz. Extracting by manifest.
397 silly tarball no local data for npm-run-path@https://registry.npmjs.org/npm-run-path/-/npm-run-path-4.0.1.tgz. Extracting by manifest.
398 silly tarball no local data for node-addon-api@https://registry.npmjs.org/node-addon-api/-/node-addon-api-4.3.0.tgz. Extracting by manifest.
399 silly tarball no local data for napi-build-utils@https://registry.npmjs.org/napi-build-utils/-/napi-build-utils-1.0.2.tgz. Extracting by manifest.
400 silly tarball no local data for next-tick@https://registry.npmjs.org/next-tick/-/next-tick-1.1.0.tgz. Extracting by manifest.
401 silly tarball no local data for neo-async@https://registry.npmjs.org/neo-async/-/neo-async-2.6.2.tgz. Extracting by manifest.
402 silly tarball no local data for negotiator@https://registry.npmjs.org/negotiator/-/negotiator-0.6.3.tgz. Extracting by manifest.
403 silly tarball no local data for natural-compare@https://registry.npmjs.org/natural-compare/-/natural-compare-1.4.0.tgz. Extracting by manifest.
404 silly tarball no local data for node-abi@https://registry.npmjs.org/node-abi/-/node-abi-3.60.0.tgz. Extracting by manifest.
405 silly tarball no local data for moment-timezone@https://registry.npmjs.org/moment-timezone/-/moment-timezone-0.5.45.tgz. Extracting by manifest.
406 silly tarball no local data for nanoid@https://registry.npmjs.org/nanoid/-/nanoid-3.3.7.tgz. Extracting by manifest.
407 silly tarball no local data for ms@https://registry.npmjs.org/ms/-/ms-2.1.3.tgz. Extracting by manifest.
408 silly tarball no local data for mkdirp-classic@https://registry.npmjs.org/mkdirp-classic/-/mkdirp-classic-0.5.3.tgz. Extracting by manifest.
409 silly tarball no local data for minipass-pipeline@https://registry.npmjs.org/minipass-pipeline/-/minipass-pipeline-1.2.4.tgz. Extracting by manifest.
410 silly tarball no local data for moment@https://registry.npmjs.org/moment/-/moment-2.30.1.tgz. Extracting by manifest.
411 silly tarball no local data for minizlib@https://registry.npmjs.org/minizlib/-/minizlib-2.1.2.tgz. Extracting by manifest.
412 silly tarball no local data for minipass-sized@https://registry.npmjs.org/minipass-sized/-/minipass-sized-1.0.3.tgz. Extracting by manifest.
413 silly tarball no local data for mkdirp@https://registry.npmjs.org/mkdirp/-/mkdirp-1.0.4.tgz. Extracting by manifest.
414 silly tarball no local data for minipass-json-stream@https://registry.npmjs.org/minipass-json-stream/-/minipass-json-stream-1.0.1.tgz. Extracting by manifest.
415 silly tarball no local data for minipass-flush@https://registry.npmjs.org/minipass-flush/-/minipass-flush-1.0.5.tgz. Extracting by manifest.
416 silly tarball no local data for minipass@https://registry.npmjs.org/minipass/-/minipass-3.3.4.tgz. Extracting by manifest.
417 silly tarball no local data for minipass-collect@https://registry.npmjs.org/minipass-collect/-/minipass-collect-1.0.2.tgz. Extracting by manifest.
418 silly tarball no local data for minipass-fetch@https://registry.npmjs.org/minipass-fetch/-/minipass-fetch-3.0.4.tgz. Extracting by manifest.
419 silly tarball no local data for mimic-fn@https://registry.npmjs.org/mimic-fn/-/mimic-fn-2.1.0.tgz. Extracting by manifest.
420 silly tarball no local data for minimist@https://registry.npmjs.org/minimist/-/minimist-1.2.6.tgz. Extracting by manifest.
421 silly tarball no local data for mini-css-extract-plugin@https://registry.npmjs.org/mini-css-extract-plugin/-/mini-css-extract-plugin-2.9.0.tgz. Extracting by manifest.
422 silly tarball no local data for minimatch@https://registry.npmjs.org/minimatch/-/minimatch-3.1.2.tgz. Extracting by manifest.
423 silly tarball no local data for mimic-response@https://registry.npmjs.org/mimic-response/-/mimic-response-1.0.1.tgz. Extracting by manifest.
424 silly tarball no local data for mustache@https://registry.npmjs.org/mustache/-/mustache-4.2.0.tgz. Extracting by manifest.
425 silly tarball no local data for mime@https://registry.npmjs.org/mime/-/mime-3.0.0.tgz. Extracting by manifest.
426 silly tarball no local data for micromatch@https://registry.npmjs.org/micromatch/-/micromatch-4.0.5.tgz. Extracting by manifest.
427 silly tarball no local data for mime-types@https://registry.npmjs.org/mime-types/-/mime-types-2.1.35.tgz. Extracting by manifest.
428 silly tarball no local data for mime-db@https://registry.npmjs.org/mime-db/-/mime-db-1.52.0.tgz. Extracting by manifest.
429 silly tarball no local data for memoizee@https://registry.npmjs.org/memoizee/-/memoizee-0.4.15.tgz. Extracting by manifest.
430 silly tarball no local data for media-typer@https://registry.npmjs.org/media-typer/-/media-typer-0.3.0.tgz. Extracting by manifest.
431 silly tarball no local data for merge-stream@https://registry.npmjs.org/merge-stream/-/merge-stream-2.0.0.tgz. Extracting by manifest.
432 silly tarball no local data for mdurl@https://registry.npmjs.org/mdurl/-/mdurl-1.0.1.tgz. Extracting by manifest.
433 silly tarball no local data for markdown-it@https://registry.npmjs.org/markdown-it/-/markdown-it-13.0.2.tgz. Extracting by manifest.
434 silly tarball no local data for makeerror@https://registry.npmjs.org/makeerror/-/makeerror-1.0.12.tgz. Extracting by manifest.
435 silly tarball no local data for make-promises-safe@https://registry.npmjs.org/make-promises-safe/-/make-promises-safe-5.1.0.tgz. Extracting by manifest.
436 silly tarball no local data for make-dir@https://registry.npmjs.org/make-dir/-/make-dir-4.0.0.tgz. Extracting by manifest.
437 silly tarball no local data for make-fetch-happen@https://registry.npmjs.org/make-fetch-happen/-/make-fetch-happen-11.1.1.tgz. Extracting by manifest.
438 silly tarball no local data for lru-cache@https://registry.npmjs.org/lru-cache/-/lru-cache-5.1.1.tgz. Extracting by manifest.
439 silly tarball no local data for lru-queue@https://registry.npmjs.org/lru-queue/-/lru-queue-0.1.0.tgz. Extracting by manifest.
440 silly tarball no local data for lodash.isempty@https://registry.npmjs.org/lodash.isempty/-/lodash.isempty-4.4.0.tgz. Extracting by manifest.
441 silly tarball no local data for lowercase-keys@https://registry.npmjs.org/lowercase-keys/-/lowercase-keys-3.0.0.tgz. Extracting by manifest.
442 silly tarball no local data for lodash.merge@https://registry.npmjs.org/lodash.merge/-/lodash.merge-4.6.2.tgz. Extracting by manifest.
443 silly tarball no local data for lodash.compact@https://registry.npmjs.org/lodash.compact/-/lodash.compact-3.0.1.tgz. Extracting by manifest.
444 silly tarball no local data for lodash.castarray@https://registry.npmjs.org/lodash.castarray/-/lodash.castarray-4.4.0.tgz. Extracting by manifest.
445 silly tarball no local data for locate-path@https://registry.npmjs.org/locate-path/-/locate-path-6.0.0.tgz. Extracting by manifest.
446 silly tarball no local data for lodash@https://registry.npmjs.org/lodash/-/lodash-4.17.21.tgz. Extracting by manifest.
447 silly tarball no local data for linkify-it@https://registry.npmjs.org/linkify-it/-/linkify-it-4.0.1.tgz. Extracting by manifest.
448 silly tarball no local data for lines-and-columns@https://registry.npmjs.org/lines-and-columns/-/lines-and-columns-1.2.4.tgz. Extracting by manifest.
449 silly tarball no local data for loader-runner@https://registry.npmjs.org/loader-runner/-/loader-runner-4.3.0.tgz. Extracting by manifest.
450 silly tarball no local data for levn@https://registry.npmjs.org/levn/-/levn-0.4.1.tgz. Extracting by manifest.
451 silly tarball no local data for light-my-request@https://registry.npmjs.org/light-my-request/-/light-my-request-5.13.0.tgz. Extracting by manifest.
452 silly tarball no local data for leven@https://registry.npmjs.org/leven/-/leven-3.1.0.tgz. Extracting by manifest.
453 silly tarball no local data for latest-version@https://registry.npmjs.org/latest-version/-/latest-version-7.0.0.tgz. Extracting by manifest.
454 silly tarball no local data for merge2@https://registry.npmjs.org/merge2/-/merge2-1.4.1.tgz. Extracting by manifest.
455 silly tarball no local data for knex@https://registry.npmjs.org/knex/-/knex-3.1.0.tgz. Extracting by manifest.
456 silly tarball no local data for keyv@https://registry.npmjs.org/keyv/-/keyv-4.5.4.tgz. Extracting by manifest.
457 silly tarball no local data for kleur@https://registry.npmjs.org/kleur/-/kleur-3.0.3.tgz. Extracting by manifest.
458 silly tarball no local data for jstransformer@https://registry.npmjs.org/jstransformer/-/jstransformer-1.0.0.tgz. Extracting by manifest.
459 silly tarball no local data for jstransformer-markdown-it@https://registry.npmjs.org/jstransformer-markdown-it/-/jstransformer-markdown-it-3.0.0.tgz. Extracting by manifest.
460 silly tarball no local data for jsonlines@https://registry.npmjs.org/jsonlines/-/jsonlines-0.1.1.tgz. Extracting by manifest.
461 silly tarball no local data for jsonfile@https://registry.npmjs.org/jsonfile/-/jsonfile-6.1.0.tgz. Extracting by manifest.
462 silly tarball no local data for jsonparse@https://registry.npmjs.org/jsonparse/-/jsonparse-1.3.1.tgz. Extracting by manifest.
463 silly tarball no local data for json5@https://registry.npmjs.org/json5/-/json5-2.2.3.tgz. Extracting by manifest.
464 silly tarball no local data for json-schema-traverse@https://registry.npmjs.org/json-schema-traverse/-/json-schema-traverse-0.4.1.tgz. Extracting by manifest.
465 silly tarball no local data for json-schema-ref-resolver@https://registry.npmjs.org/json-schema-ref-resolver/-/json-schema-ref-resolver-1.0.1.tgz. Extracting by manifest.
466 silly tarball no local data for json-parse-helpfulerror@https://registry.npmjs.org/json-parse-helpfulerror/-/json-parse-helpfulerror-1.0.3.tgz. Extracting by manifest.
467 silly tarball no local data for json-stable-stringify-without-jsonify@https://registry.npmjs.org/json-stable-stringify-without-jsonify/-/json-stable-stringify-without-jsonify-1.0.1.tgz. Extracting by manifest.
468 silly tarball no local data for json-parse-even-better-errors@https://registry.npmjs.org/json-parse-even-better-errors/-/json-parse-even-better-errors-2.3.1.tgz. Extracting by manifest.
469 silly tarball no local data for json-buffer@https://registry.npmjs.org/json-buffer/-/json-buffer-3.0.1.tgz. Extracting by manifest.
470 silly tarball no local data for jsesc@https://registry.npmjs.org/jsesc/-/jsesc-2.5.2.tgz. Extracting by manifest.
471 silly tarball no local data for js-yaml@https://registry.npmjs.org/js-yaml/-/js-yaml-4.1.0.tgz. Extracting by manifest.
472 silly tarball no local data for js-tokens@https://registry.npmjs.org/js-tokens/-/js-tokens-4.0.0.tgz. Extracting by manifest.
473 silly tarball no local data for js-stringify@https://registry.npmjs.org/js-stringify/-/js-stringify-1.0.2.tgz. Extracting by manifest.
474 silly tarball no local data for js-cookie@https://registry.npmjs.org/js-cookie/-/js-cookie-3.0.5.tgz. Extracting by manifest.
475 silly tarball no local data for jquery@https://registry.npmjs.org/jquery/-/jquery-3.7.1.tgz. Extracting by manifest.
476 silly tarball no local data for kind-of@https://registry.npmjs.org/kind-of/-/kind-of-6.0.3.tgz. Extracting by manifest.
477 silly tarball no local data for jest-worker@https://registry.npmjs.org/jest-worker/-/jest-worker-29.7.0.tgz. Extracting by manifest.
478 silly tarball no local data for joycon@https://registry.npmjs.org/joycon/-/joycon-3.1.1.tgz. Extracting by manifest.
479 silly tarball no local data for jju@https://registry.npmjs.org/jju/-/jju-1.4.0.tgz. Extracting by manifest.
480 silly tarball no local data for jest-util@https://registry.npmjs.org/jest-util/-/jest-util-29.7.0.tgz. Extracting by manifest.
481 silly tarball no local data for jest-watcher@https://registry.npmjs.org/jest-watcher/-/jest-watcher-29.7.0.tgz. Extracting by manifest.
482 silly tarball no local data for jest-runner@https://registry.npmjs.org/jest-runner/-/jest-runner-29.7.0.tgz. Extracting by manifest.
483 silly tarball no local data for jest-validate@https://registry.npmjs.org/jest-validate/-/jest-validate-29.7.0.tgz. Extracting by manifest.
484 silly tarball no local data for jest-runtime@https://registry.npmjs.org/jest-runtime/-/jest-runtime-29.7.0.tgz. Extracting by manifest.
485 silly tarball no local data for jest-snapshot@https://registry.npmjs.org/jest-snapshot/-/jest-snapshot-29.7.0.tgz. Extracting by manifest.
486 silly tarball no local data for jest-resolve-dependencies@https://registry.npmjs.org/jest-resolve-dependencies/-/jest-resolve-dependencies-29.7.0.tgz. Extracting by manifest.
487 silly tarball no local data for jest-mock@https://registry.npmjs.org/jest-mock/-/jest-mock-29.7.0.tgz. Extracting by manifest.
488 silly tarball no local data for jest-matcher-utils@https://registry.npmjs.org/jest-matcher-utils/-/jest-matcher-utils-29.7.0.tgz. Extracting by manifest.
489 silly tarball no local data for jest-message-util@https://registry.npmjs.org/jest-message-util/-/jest-message-util-29.7.0.tgz. Extracting by manifest.
490 silly tarball no local data for jest-leak-detector@https://registry.npmjs.org/jest-leak-detector/-/jest-leak-detector-29.7.0.tgz. Extracting by manifest.
491 silly tarball no local data for jest-get-type@https://registry.npmjs.org/jest-get-type/-/jest-get-type-29.6.3.tgz. Extracting by manifest.
492 silly tarball no local data for jest-haste-map@https://registry.npmjs.org/jest-haste-map/-/jest-haste-map-29.7.0.tgz. Extracting by manifest.
493 silly tarball no local data for jest-environment-node@https://registry.npmjs.org/jest-environment-node/-/jest-environment-node-29.7.0.tgz. Extracting by manifest.
494 silly tarball no local data for jest-docblock@https://registry.npmjs.org/jest-docblock/-/jest-docblock-29.7.0.tgz. Extracting by manifest.
495 silly tarball no local data for jest-each@https://registry.npmjs.org/jest-each/-/jest-each-29.7.0.tgz. Extracting by manifest.
496 silly tarball no local data for jest-resolve@https://registry.npmjs.org/jest-resolve/-/jest-resolve-29.7.0.tgz. Extracting by manifest.
497 silly tarball no local data for jest-regex-util@https://registry.npmjs.org/jest-regex-util/-/jest-regex-util-29.6.3.tgz. Extracting by manifest.
498 silly tarball no local data for jest-pnp-resolver@https://registry.npmjs.org/jest-pnp-resolver/-/jest-pnp-resolver-1.2.3.tgz. Extracting by manifest.
499 silly tarball no local data for jest-diff@https://registry.npmjs.org/jest-diff/-/jest-diff-29.7.0.tgz. Extracting by manifest.
500 silly tarball no local data for jest-config@https://registry.npmjs.org/jest-config/-/jest-config-29.7.0.tgz. Extracting by manifest.
501 silly tarball no local data for jest-cli@https://registry.npmjs.org/jest-cli/-/jest-cli-29.7.0.tgz. Extracting by manifest.
502 silly tarball no local data for jest-circus@https://registry.npmjs.org/jest-circus/-/jest-circus-29.7.0.tgz. Extracting by manifest.
503 silly tarball no local data for jest@https://registry.npmjs.org/jest/-/jest-29.7.0.tgz. Extracting by manifest.
504 silly tarball no local data for jest-changed-files@https://registry.npmjs.org/jest-changed-files/-/jest-changed-files-29.7.0.tgz. Extracting by manifest.
505 silly tarball no local data for jackspeak@https://registry.npmjs.org/jackspeak/-/jackspeak-2.3.6.tgz. Extracting by manifest.
506 silly tarball no local data for istanbul-reports@https://registry.npmjs.org/istanbul-reports/-/istanbul-reports-3.1.7.tgz. Extracting by manifest.
507 silly tarball no local data for istanbul-lib-instrument@https://registry.npmjs.org/istanbul-lib-instrument/-/istanbul-lib-instrument-6.0.2.tgz. Extracting by manifest.
508 silly tarball no local data for isexe@https://registry.npmjs.org/isexe/-/isexe-2.0.0.tgz. Extracting by manifest.
509 silly tarball no local data for isobject@https://registry.npmjs.org/isobject/-/isobject-3.0.1.tgz. Extracting by manifest.
510 silly tarball no local data for isbinaryfile@https://registry.npmjs.org/isbinaryfile/-/isbinaryfile-4.0.10.tgz. Extracting by manifest.
511 silly tarball no local data for is-yarn-global@https://registry.npmjs.org/is-yarn-global/-/is-yarn-global-0.4.0.tgz. Extracting by manifest.
512 silly tarball no local data for istanbul-lib-report@https://registry.npmjs.org/istanbul-lib-report/-/istanbul-lib-report-3.0.1.tgz. Extracting by manifest.
513 silly tarball no local data for istanbul-lib-coverage@https://registry.npmjs.org/istanbul-lib-coverage/-/istanbul-lib-coverage-3.2.2.tgz. Extracting by manifest.
514 silly tarball no local data for istanbul-lib-source-maps@https://registry.npmjs.org/istanbul-lib-source-maps/-/istanbul-lib-source-maps-4.0.1.tgz. Extracting by manifest.
515 silly tarball no local data for isarray@https://registry.npmjs.org/isarray/-/isarray-2.0.5.tgz. Extracting by manifest.
516 silly tarball no local data for is-weakref@https://registry.npmjs.org/is-weakref/-/is-weakref-1.0.2.tgz. Extracting by manifest.
517 silly tarball no local data for is-typedarray@https://registry.npmjs.org/is-typedarray/-/is-typedarray-1.0.0.tgz. Extracting by manifest.
518 silly tarball no local data for is-typed-array@https://registry.npmjs.org/is-typed-array/-/is-typed-array-1.1.13.tgz. Extracting by manifest.
519 silly tarball no local data for is-symbol@https://registry.npmjs.org/is-symbol/-/is-symbol-1.0.4.tgz. Extracting by manifest.
520 silly tarball no local data for is-shared-array-buffer@https://registry.npmjs.org/is-shared-array-buffer/-/is-shared-array-buffer-1.0.3.tgz. Extracting by manifest.
521 silly tarball no local data for is-string@https://registry.npmjs.org/is-string/-/is-string-1.0.7.tgz. Extracting by manifest.
522 silly tarball no local data for is-regex@https://registry.npmjs.org/is-regex/-/is-regex-1.1.4.tgz. Extracting by manifest.
523 silly tarball no local data for is-stream@https://registry.npmjs.org/is-stream/-/is-stream-2.0.1.tgz. Extracting by manifest.
524 silly tarball no local data for is-plain-object@https://registry.npmjs.org/is-plain-object/-/is-plain-object-2.0.4.tgz. Extracting by manifest.
525 silly tarball no local data for is-number@https://registry.npmjs.org/is-number/-/is-number-7.0.0.tgz. Extracting by manifest.
526 silly tarball no local data for is-promise@https://registry.npmjs.org/is-promise/-/is-promise-2.2.2.tgz. Extracting by manifest.
527 silly tarball no local data for is-path-inside@https://registry.npmjs.org/is-path-inside/-/is-path-inside-3.0.3.tgz. Extracting by manifest.
528 silly tarball no local data for is-number-object@https://registry.npmjs.org/is-number-object/-/is-number-object-1.0.7.tgz. Extracting by manifest.
529 silly tarball no local data for is-obj@https://registry.npmjs.org/is-obj/-/is-obj-2.0.0.tgz. Extracting by manifest.
530 silly tarball no local data for is-installed-globally@https://registry.npmjs.org/is-installed-globally/-/is-installed-globally-0.4.0.tgz. Extracting by manifest.
531 silly tarball no local data for is-lambda@https://registry.npmjs.org/is-lambda/-/is-lambda-1.0.1.tgz. Extracting by manifest.
532 silly tarball no local data for is-npm@https://registry.npmjs.org/is-npm/-/is-npm-6.0.0.tgz. Extracting by manifest.
533 silly tarball no local data for is-glob@https://registry.npmjs.org/is-glob/-/is-glob-4.0.3.tgz. Extracting by manifest.
534 silly tarball no local data for is-negative-zero@https://registry.npmjs.org/is-negative-zero/-/is-negative-zero-2.0.3.tgz. Extracting by manifest.
535 silly tarball no local data for is-generator-fn@https://registry.npmjs.org/is-generator-fn/-/is-generator-fn-2.1.0.tgz. Extracting by manifest.
536 silly tarball no local data for is-fullwidth-code-point@https://registry.npmjs.org/is-fullwidth-code-point/-/is-fullwidth-code-point-3.0.0.tgz. Extracting by manifest.
537 silly tarball no local data for is-extglob@https://registry.npmjs.org/is-extglob/-/is-extglob-2.1.1.tgz. Extracting by manifest.
538 silly tarball no local data for is-expression@https://registry.npmjs.org/is-expression/-/is-expression-4.0.0.tgz. Extracting by manifest.
539 silly tarball no local data for is-data-view@https://registry.npmjs.org/is-data-view/-/is-data-view-1.0.1.tgz. Extracting by manifest.
540 silly tarball no local data for is-docker@https://registry.npmjs.org/is-docker/-/is-docker-2.2.1.tgz. Extracting by manifest.
541 silly tarball no local data for is-date-object@https://registry.npmjs.org/is-date-object/-/is-date-object-1.0.5.tgz. Extracting by manifest.
542 silly tarball no local data for is-core-module@https://registry.npmjs.org/is-core-module/-/is-core-module-2.13.1.tgz. Extracting by manifest.
543 silly tarball no local data for is-ci@https://registry.npmjs.org/is-ci/-/is-ci-3.0.1.tgz. Extracting by manifest.
544 silly tarball no local data for is-callable@https://registry.npmjs.org/is-callable/-/is-callable-1.2.7.tgz. Extracting by manifest.
545 silly tarball no local data for is-boolean-object@https://registry.npmjs.org/is-boolean-object/-/is-boolean-object-1.1.2.tgz. Extracting by manifest.
546 silly tarball no local data for is-binary-path@https://registry.npmjs.org/is-binary-path/-/is-binary-path-2.1.0.tgz. Extracting by manifest.
547 silly tarball no local data for is-arrayish@https://registry.npmjs.org/is-arrayish/-/is-arrayish-0.2.1.tgz. Extracting by manifest.
548 silly tarball no local data for is-bigint@https://registry.npmjs.org/is-bigint/-/is-bigint-1.0.4.tgz. Extracting by manifest.
549 silly tarball no local data for js-beautify@https://registry.npmjs.org/js-beautify/-/js-beautify-1.15.1.tgz. Extracting by manifest.
550 silly tarball no local data for ipaddr.js@https://registry.npmjs.org/ipaddr.js/-/ipaddr.js-1.9.1.tgz. Extracting by manifest.
551 silly tarball no local data for is-array-buffer@https://registry.npmjs.org/is-array-buffer/-/is-array-buffer-3.0.4.tgz. Extracting by manifest.
552 silly tarball no local data for ip@https://registry.npmjs.org/ip/-/ip-2.0.0.tgz. Extracting by manifest.
553 silly tarball no local data for ini@https://registry.npmjs.org/ini/-/ini-2.0.0.tgz. Extracting by manifest.
554 silly tarball no local data for inflight@https://registry.npmjs.org/inflight/-/inflight-1.0.6.tgz. Extracting by manifest.
555 silly tarball no local data for inflection@https://registry.npmjs.org/inflection/-/inflection-1.13.4.tgz. Extracting by manifest.
556 silly tarball no local data for inherits@https://registry.npmjs.org/inherits/-/inherits-2.0.4.tgz. Extracting by manifest.
557 silly tarball no local data for infer-owner@https://registry.npmjs.org/infer-owner/-/infer-owner-1.0.4.tgz. Extracting by manifest.
558 silly tarball no local data for imurmurhash@https://registry.npmjs.org/imurmurhash/-/imurmurhash-0.1.4.tgz. Extracting by manifest.
559 silly tarball no local data for interpret@https://registry.npmjs.org/interpret/-/interpret-2.2.0.tgz. Extracting by manifest.
560 silly tarball no local data for import-local@https://registry.npmjs.org/import-local/-/import-local-3.1.0.tgz. Extracting by manifest.
561 silly tarball no local data for indent-string@https://registry.npmjs.org/indent-string/-/indent-string-4.0.0.tgz. Extracting by manifest.
562 silly tarball no local data for import-lazy@https://registry.npmjs.org/import-lazy/-/import-lazy-4.0.0.tgz. Extracting by manifest.
563 silly tarball no local data for import-fresh@https://registry.npmjs.org/import-fresh/-/import-fresh-3.3.0.tgz. Extracting by manifest.
564 silly tarball no local data for ignore@https://registry.npmjs.org/ignore/-/ignore-5.2.0.tgz. Extracting by manifest.
565 silly tarball no local data for ieee754@https://registry.npmjs.org/ieee754/-/ieee754-1.2.1.tgz. Extracting by manifest.
566 silly tarball no local data for iconv-lite@https://registry.npmjs.org/iconv-lite/-/iconv-lite-0.6.3.tgz. Extracting by manifest.
567 silly tarball no local data for ignore-walk@https://registry.npmjs.org/ignore-walk/-/ignore-walk-6.0.4.tgz. Extracting by manifest.
568 silly tarball no local data for i18next@https://registry.npmjs.org/i18next/-/i18next-23.11.2.tgz. Extracting by manifest.
569 silly tarball no local data for icss-utils@https://registry.npmjs.org/icss-utils/-/icss-utils-5.1.0.tgz. Extracting by manifest.
570 silly tarball no local data for humanize-ms@https://registry.npmjs.org/humanize-ms/-/humanize-ms-1.2.1.tgz. Extracting by manifest.
571 silly tarball no local data for human-signals@https://registry.npmjs.org/human-signals/-/human-signals-2.1.0.tgz. Extracting by manifest.
572 silly tarball no local data for https-proxy-agent@https://registry.npmjs.org/https-proxy-agent/-/https-proxy-agent-5.0.1.tgz. Extracting by manifest.
573 silly tarball no local data for http2-wrapper@https://registry.npmjs.org/http2-wrapper/-/http2-wrapper-2.1.11.tgz. Extracting by manifest.
574 silly tarball no local data for http-proxy-agent@https://registry.npmjs.org/http-proxy-agent/-/http-proxy-agent-5.0.0.tgz. Extracting by manifest.
575 silly tarball no local data for http-errors@https://registry.npmjs.org/http-errors/-/http-errors-2.0.0.tgz. Extracting by manifest.
576 silly tarball no local data for html-escaper@https://registry.npmjs.org/html-escaper/-/html-escaper-2.0.2.tgz. Extracting by manifest.
577 silly tarball no local data for http-cache-semantics@https://registry.npmjs.org/http-cache-semantics/-/http-cache-semantics-4.1.1.tgz. Extracting by manifest.
578 silly tarball no local data for hosted-git-info@https://registry.npmjs.org/hosted-git-info/-/hosted-git-info-5.2.1.tgz. Extracting by manifest.
579 silly tarball no local data for hasown@https://registry.npmjs.org/hasown/-/hasown-2.0.2.tgz. Extracting by manifest.
580 silly tarball no local data for help-me@https://registry.npmjs.org/help-me/-/help-me-4.2.0.tgz. Extracting by manifest.
581 silly tarball no local data for hashlru@https://registry.npmjs.org/hashlru/-/hashlru-2.3.0.tgz. Extracting by manifest.
582 silly tarball no local data for has-unicode@https://registry.npmjs.org/has-unicode/-/has-unicode-2.0.1.tgz. Extracting by manifest.
583 silly tarball no local data for has-yarn@https://registry.npmjs.org/has-yarn/-/has-yarn-3.0.0.tgz. Extracting by manifest.
584 silly tarball no local data for has-tostringtag@https://registry.npmjs.org/has-tostringtag/-/has-tostringtag-1.0.2.tgz. Extracting by manifest.
585 silly tarball no local data for has-symbols@https://registry.npmjs.org/has-symbols/-/has-symbols-1.0.3.tgz. Extracting by manifest.
586 silly tarball no local data for has-proto@https://registry.npmjs.org/has-proto/-/has-proto-1.0.3.tgz. Extracting by manifest.
587 silly tarball no local data for has-flag@https://registry.npmjs.org/has-flag/-/has-flag-4.0.0.tgz. Extracting by manifest.
588 silly tarball no local data for has-property-descriptors@https://registry.npmjs.org/has-property-descriptors/-/has-property-descriptors-1.0.2.tgz. Extracting by manifest.
589 silly tarball no local data for graphemer@https://registry.npmjs.org/graphemer/-/graphemer-1.4.0.tgz. Extracting by manifest.
590 silly tarball no local data for has-bigints@https://registry.npmjs.org/has-bigints/-/has-bigints-1.0.2.tgz. Extracting by manifest.
591 silly tarball no local data for graceful-fs@https://registry.npmjs.org/graceful-fs/-/graceful-fs-4.2.10.tgz. Extracting by manifest.
592 silly tarball no local data for got@https://registry.npmjs.org/got/-/got-12.3.1.tgz. Extracting by manifest.
593 silly tarball no local data for globby@https://registry.npmjs.org/globby/-/globby-11.1.0.tgz. Extracting by manifest.
594 silly tarball no local data for gopd@https://registry.npmjs.org/gopd/-/gopd-1.0.1.tgz. Extracting by manifest.
595 silly tarball no local data for globalthis@https://registry.npmjs.org/globalthis/-/globalthis-1.0.3.tgz. Extracting by manifest.
596 silly tarball no local data for glob-to-regexp@https://registry.npmjs.org/glob-to-regexp/-/glob-to-regexp-0.4.1.tgz. Extracting by manifest.
597 silly tarball no local data for globals@https://registry.npmjs.org/globals/-/globals-15.0.0.tgz. Extracting by manifest.
598 silly tarball no local data for global-dirs@https://registry.npmjs.org/global-dirs/-/global-dirs-3.0.0.tgz. Extracting by manifest.
599 silly tarball no local data for glob-parent@https://registry.npmjs.org/glob-parent/-/glob-parent-6.0.2.tgz. Extracting by manifest.
600 silly tarball no local data for glob@https://registry.npmjs.org/glob/-/glob-10.3.12.tgz. Extracting by manifest.
601 silly tarball no local data for github-from-package@https://registry.npmjs.org/github-from-package/-/github-from-package-0.0.0.tgz. Extracting by manifest.
602 silly tarball no local data for getopts@https://registry.npmjs.org/getopts/-/getopts-2.3.0.tgz. Extracting by manifest.
603 silly tarball no local data for get-symbol-description@https://registry.npmjs.org/get-symbol-description/-/get-symbol-description-1.0.2.tgz. Extracting by manifest.
604 silly tarball no local data for get-stream@https://registry.npmjs.org/get-stream/-/get-stream-6.0.1.tgz. Extracting by manifest.
605 silly tarball no local data for get-stdin@https://registry.npmjs.org/get-stdin/-/get-stdin-8.0.0.tgz. Extracting by manifest.
606 silly tarball no local data for get-intrinsic@https://registry.npmjs.org/get-intrinsic/-/get-intrinsic-1.2.4.tgz. Extracting by manifest.
607 silly tarball no local data for get-package-type@https://registry.npmjs.org/get-package-type/-/get-package-type-0.1.0.tgz. Extracting by manifest.
608 silly tarball no local data for gensync@https://registry.npmjs.org/gensync/-/gensync-1.0.0-beta.2.tgz. Extracting by manifest.
609 silly tarball no local data for generify@https://registry.npmjs.org/generify/-/generify-4.2.0.tgz. Extracting by manifest.
610 silly tarball no local data for gauge@https://registry.npmjs.org/gauge/-/gauge-4.0.4.tgz. Extracting by manifest.
611 silly tarball no local data for functions-have-names@https://registry.npmjs.org/functions-have-names/-/functions-have-names-1.2.3.tgz. Extracting by manifest.
612 silly tarball no local data for function.prototype.name@https://registry.npmjs.org/function.prototype.name/-/function.prototype.name-1.1.6.tgz. Extracting by manifest.
613 silly tarball no local data for fs.realpath@https://registry.npmjs.org/fs.realpath/-/fs.realpath-1.0.0.tgz. Extracting by manifest.
614 silly tarball no local data for function-bind@https://registry.npmjs.org/function-bind/-/function-bind-1.1.2.tgz. Extracting by manifest.
615 silly tarball no local data for fs-extra@https://registry.npmjs.org/fs-extra/-/fs-extra-9.1.0.tgz. Extracting by manifest.
616 silly tarball no local data for fs-minipass@https://registry.npmjs.org/fs-minipass/-/fs-minipass-2.1.0.tgz. Extracting by manifest.
617 silly tarball no local data for fs-constants@https://registry.npmjs.org/fs-constants/-/fs-constants-1.0.0.tgz. Extracting by manifest.
618 silly tarball no local data for fp-and-or@https://registry.npmjs.org/fp-and-or/-/fp-and-or-0.1.4.tgz. Extracting by manifest.
619 silly tarball no local data for forwarded@https://registry.npmjs.org/forwarded/-/forwarded-0.2.0.tgz. Extracting by manifest.
620 silly tarball no local data for form-data-encoder@https://registry.npmjs.org/form-data-encoder/-/form-data-encoder-2.1.0.tgz. Extracting by manifest.
621 silly tarball no local data for foreground-child@https://registry.npmjs.org/foreground-child/-/foreground-child-3.1.1.tgz. Extracting by manifest.
622 silly tarball no local data for flat-cache@https://registry.npmjs.org/flat-cache/-/flat-cache-3.2.0.tgz. Extracting by manifest.
623 silly tarball no local data for for-each@https://registry.npmjs.org/for-each/-/for-each-0.3.3.tgz. Extracting by manifest.
624 silly tarball no local data for flatted@https://registry.npmjs.org/flatted/-/flatted-3.3.1.tgz. Extracting by manifest.
625 silly tarball no local data for find-up@https://registry.npmjs.org/find-up/-/find-up-5.0.0.tgz. Extracting by manifest.
626 silly tarball no local data for fill-range@https://registry.npmjs.org/fill-range/-/fill-range-7.0.1.tgz. Extracting by manifest.
627 silly tarball no local data for find-my-way@https://registry.npmjs.org/find-my-way/-/find-my-way-8.1.0.tgz. Extracting by manifest.
628 silly tarball no local data for internal-slot@https://registry.npmjs.org/internal-slot/-/internal-slot-1.0.7.tgz. Extracting by manifest.
629 silly tarball no local data for file-uri-to-path@https://registry.npmjs.org/file-uri-to-path/-/file-uri-to-path-1.0.0.tgz. Extracting by manifest.
630 silly tarball no local data for get-caller-file@https://registry.npmjs.org/get-caller-file/-/get-caller-file-2.0.5.tgz. Extracting by manifest.
631 silly tarball no local data for fb-watchman@https://registry.npmjs.org/fb-watchman/-/fb-watchman-2.0.2.tgz. Extracting by manifest.
632 silly tarball no local data for fastify-reverse-routes@https://registry.npmjs.org/fastify-reverse-routes/-/fastify-reverse-routes-3.0.0.tgz. Extracting by manifest.
633 silly tarball no local data for fastq@https://registry.npmjs.org/fastq/-/fastq-1.17.1.tgz. Extracting by manifest.
634 silly tarball no local data for fastify-plugin@https://registry.npmjs.org/fastify-plugin/-/fastify-plugin-3.0.1.tgz. Extracting by manifest.
635 silly tarball no local data for fastify-error-page@https://registry.npmjs.org/fastify-error-page/-/fastify-error-page-4.0.0.tgz. Extracting by manifest.
636 silly tarball no local data for fastify-objectionjs@https://registry.npmjs.org/fastify-objectionjs/-/fastify-objectionjs-2.0.1.tgz. Extracting by manifest.
637 silly tarball no local data for fastify-method-override@https://registry.npmjs.org/fastify-method-override/-/fastify-method-override-1.5.10.tgz. Extracting by manifest.
638 silly tarball no local data for fastest-levenshtein@https://registry.npmjs.org/fastest-levenshtein/-/fastest-levenshtein-1.0.16.tgz. Extracting by manifest.
639 silly tarball no local data for fastify-cli@https://registry.npmjs.org/fastify-cli/-/fastify-cli-6.1.1.tgz. Extracting by manifest.
640 silly tarball no local data for fast-uri@https://registry.npmjs.org/fast-uri/-/fast-uri-2.3.0.tgz. Extracting by manifest.
641 silly tarball no local data for fast-safe-stringify@https://registry.npmjs.org/fast-safe-stringify/-/fast-safe-stringify-2.1.1.tgz. Extracting by manifest.
642 silly tarball no local data for fastify@https://registry.npmjs.org/fastify/-/fastify-4.26.2.tgz. Extracting by manifest.
643 silly tarball no local data for fast-redact@https://registry.npmjs.org/fast-redact/-/fast-redact-3.5.0.tgz. Extracting by manifest.
644 silly tarball no local data for file-entry-cache@https://registry.npmjs.org/file-entry-cache/-/file-entry-cache-6.0.1.tgz. Extracting by manifest.
645 silly tarball no local data for fast-querystring@https://registry.npmjs.org/fast-querystring/-/fast-querystring-1.0.0.tgz. Extracting by manifest.
646 silly tarball no local data for fast-json-stringify@https://registry.npmjs.org/fast-json-stringify/-/fast-json-stringify-5.14.1.tgz. Extracting by manifest.
647 silly tarball no local data for fast-glob@https://registry.npmjs.org/fast-glob/-/fast-glob-3.2.11.tgz. Extracting by manifest.
648 silly tarball no local data for fast-deep-equal@https://registry.npmjs.org/fast-deep-equal/-/fast-deep-equal-3.1.3.tgz. Extracting by manifest.
649 silly tarball no local data for fast-copy@https://registry.npmjs.org/fast-copy/-/fast-copy-3.0.2.tgz. Extracting by manifest.
650 silly tarball no local data for fast-levenshtein@https://registry.npmjs.org/fast-levenshtein/-/fast-levenshtein-2.0.6.tgz. Extracting by manifest.
651 silly tarball no local data for fast-decode-uri-component@https://registry.npmjs.org/fast-decode-uri-component/-/fast-decode-uri-component-1.0.1.tgz. Extracting by manifest.
652 silly tarball no local data for exponential-backoff@https://registry.npmjs.org/exponential-backoff/-/exponential-backoff-3.1.1.tgz. Extracting by manifest.
653 silly tarball no local data for ext@https://registry.npmjs.org/ext/-/ext-1.7.0.tgz. Extracting by manifest.
654 silly tarball no local data for fast-content-type-parse@https://registry.npmjs.org/fast-content-type-parse/-/fast-content-type-parse-1.1.0.tgz. Extracting by manifest.
655 silly tarball no local data for exit@https://registry.npmjs.org/exit/-/exit-0.1.2.tgz. Extracting by manifest.
656 silly tarball no local data for fast-json-stable-stringify@https://registry.npmjs.org/fast-json-stable-stringify/-/fast-json-stable-stringify-2.1.0.tgz. Extracting by manifest.
657 silly tarball no local data for expect@https://registry.npmjs.org/expect/-/expect-29.7.0.tgz. Extracting by manifest.
658 silly tarball no local data for expand-template@https://registry.npmjs.org/expand-template/-/expand-template-2.0.3.tgz. Extracting by manifest.
659 silly tarball no local data for event-emitter@https://registry.npmjs.org/event-emitter/-/event-emitter-0.3.5.tgz. Extracting by manifest.
660 silly tarball no local data for events@https://registry.npmjs.org/events/-/events-3.3.0.tgz. Extracting by manifest.
661 silly tarball no local data for event-target-shim@https://registry.npmjs.org/event-target-shim/-/event-target-shim-5.0.1.tgz. Extracting by manifest.
662 silly tarball no local data for esutils@https://registry.npmjs.org/esutils/-/esutils-2.0.3.tgz. Extracting by manifest.
663 silly tarball no local data for esrecurse@https://registry.npmjs.org/esrecurse/-/esrecurse-4.3.0.tgz. Extracting by manifest.
664 silly tarball no local data for execa@https://registry.npmjs.org/execa/-/execa-5.1.1.tgz. Extracting by manifest.
665 silly tarball no local data for estraverse@https://registry.npmjs.org/estraverse/-/estraverse-5.3.0.tgz. Extracting by manifest.
666 silly tarball no local data for esquery@https://registry.npmjs.org/esquery/-/esquery-1.5.0.tgz. Extracting by manifest.
667 silly tarball no local data for espree@https://registry.npmjs.org/espree/-/espree-10.0.1.tgz. Extracting by manifest.
668 silly tarball no local data for esniff@https://registry.npmjs.org/esniff/-/esniff-2.0.1.tgz. Extracting by manifest.
669 silly tarball no local data for esprima@https://registry.npmjs.org/esprima/-/esprima-4.0.1.tgz. Extracting by manifest.
670 silly tarball no local data for esm@https://registry.npmjs.org/esm/-/esm-3.2.25.tgz. Extracting by manifest.
671 silly tarball no local data for eslint-visitor-keys@https://registry.npmjs.org/eslint-visitor-keys/-/eslint-visitor-keys-3.4.3.tgz. Extracting by manifest.
672 silly tarball no local data for eslint-scope@https://registry.npmjs.org/eslint-scope/-/eslint-scope-7.2.2.tgz. Extracting by manifest.
673 silly tarball no local data for eslint-plugin-import@https://registry.npmjs.org/eslint-plugin-import/-/eslint-plugin-import-2.29.1.tgz. Extracting by manifest.
674 silly tarball no local data for eslint-import-resolver-node@https://registry.npmjs.org/eslint-import-resolver-node/-/eslint-import-resolver-node-0.3.9.tgz. Extracting by manifest.
675 silly tarball no local data for eslint-module-utils@https://registry.npmjs.org/eslint-module-utils/-/eslint-module-utils-2.8.1.tgz. Extracting by manifest.
676 silly tarball no local data for eslint-config-airbnb-base@https://registry.npmjs.org/eslint-config-airbnb-base/-/eslint-config-airbnb-base-15.0.0.tgz. Extracting by manifest.
677 silly tarball no local data for eslint@https://registry.npmjs.org/eslint/-/eslint-8.57.0.tgz. Extracting by manifest.
678 silly tarball no local data for escape-html@https://registry.npmjs.org/escape-html/-/escape-html-1.0.3.tgz. Extracting by manifest.
679 silly tarball no local data for es6-weak-map@https://registry.npmjs.org/es6-weak-map/-/es6-weak-map-2.0.3.tgz. Extracting by manifest.
680 silly tarball no local data for escalade@https://registry.npmjs.org/escalade/-/escalade-3.1.1.tgz. Extracting by manifest.
681 silly tarball no local data for escape-string-regexp@https://registry.npmjs.org/escape-string-regexp/-/escape-string-regexp-1.0.5.tgz. Extracting by manifest.
682 silly tarball no local data for es6-symbol@https://registry.npmjs.org/es6-symbol/-/es6-symbol-3.1.4.tgz. Extracting by manifest.
683 silly tarball no local data for escape-goat@https://registry.npmjs.org/escape-goat/-/escape-goat-4.0.0.tgz. Extracting by manifest.
684 silly tarball no local data for es5-ext@https://registry.npmjs.org/es5-ext/-/es5-ext-0.10.64.tgz. Extracting by manifest.
685 silly tarball no local data for es6-iterator@https://registry.npmjs.org/es6-iterator/-/es6-iterator-2.0.3.tgz. Extracting by manifest.
686 silly tarball no local data for es-shim-unscopables@https://registry.npmjs.org/es-shim-unscopables/-/es-shim-unscopables-1.0.2.tgz. Extracting by manifest.
687 silly tarball no local data for es-object-atoms@https://registry.npmjs.org/es-object-atoms/-/es-object-atoms-1.0.0.tgz. Extracting by manifest.
688 silly tarball no local data for es-to-primitive@https://registry.npmjs.org/es-to-primitive/-/es-to-primitive-1.2.1.tgz. Extracting by manifest.
689 silly tarball no local data for es-set-tostringtag@https://registry.npmjs.org/es-set-tostringtag/-/es-set-tostringtag-2.0.3.tgz. Extracting by manifest.
690 silly tarball no local data for es-module-lexer@https://registry.npmjs.org/es-module-lexer/-/es-module-lexer-1.5.0.tgz. Extracting by manifest.
691 silly tarball no local data for es-errors@https://registry.npmjs.org/es-errors/-/es-errors-1.3.0.tgz. Extracting by manifest.
692 silly tarball no local data for es-abstract@https://registry.npmjs.org/es-abstract/-/es-abstract-1.23.3.tgz. Extracting by manifest.
693 silly tarball no local data for env-paths@https://registry.npmjs.org/env-paths/-/env-paths-2.2.1.tgz. Extracting by manifest.
694 silly tarball no local data for es-define-property@https://registry.npmjs.org/es-define-property/-/es-define-property-1.0.0.tgz. Extracting by manifest.
695 silly tarball no local data for error-ex@https://registry.npmjs.org/error-ex/-/error-ex-1.3.2.tgz. Extracting by manifest.
696 silly tarball no local data for err-code@https://registry.npmjs.org/err-code/-/err-code-2.0.3.tgz. Extracting by manifest.
697 silly tarball no local data for envinfo@https://registry.npmjs.org/envinfo/-/envinfo-7.12.0.tgz. Extracting by manifest.
698 silly tarball no local data for entities@https://registry.npmjs.org/entities/-/entities-3.0.1.tgz. Extracting by manifest.
699 silly tarball no local data for end-of-stream@https://registry.npmjs.org/end-of-stream/-/end-of-stream-1.4.4.tgz. Extracting by manifest.
700 silly tarball no local data for encoding@https://registry.npmjs.org/encoding/-/encoding-0.1.13.tgz. Extracting by manifest.
701 silly tarball no local data for enhanced-resolve@https://registry.npmjs.org/enhanced-resolve/-/enhanced-resolve-5.16.0.tgz. Extracting by manifest.
702 silly tarball no local data for emoji-regex@https://registry.npmjs.org/emoji-regex/-/emoji-regex-8.0.0.tgz. Extracting by manifest.
703 silly tarball no local data for editorconfig@https://registry.npmjs.org/editorconfig/-/editorconfig-1.0.4.tgz. Extracting by manifest.
704 silly tarball no local data for emittery@https://registry.npmjs.org/emittery/-/emittery-0.13.1.tgz. Extracting by manifest.
705 silly tarball no local data for electron-to-chromium@https://registry.npmjs.org/electron-to-chromium/-/electron-to-chromium-1.4.746.tgz. Extracting by manifest.
706 silly tarball no local data for dottie@https://registry.npmjs.org/dottie/-/dottie-2.0.6.tgz. Extracting by manifest.
707 silly tarball no local data for dotenv@https://registry.npmjs.org/dotenv/-/dotenv-16.4.5.tgz. Extracting by manifest.
708 silly tarball no local data for eastasianwidth@https://registry.npmjs.org/eastasianwidth/-/eastasianwidth-0.2.0.tgz. Extracting by manifest.
709 silly tarball no local data for doctypes@https://registry.npmjs.org/doctypes/-/doctypes-1.1.0.tgz. Extracting by manifest.
710 silly tarball no local data for dot-prop@https://registry.npmjs.org/dot-prop/-/dot-prop-6.0.1.tgz. Extracting by manifest.
711 silly tarball no local data for dir-glob@https://registry.npmjs.org/dir-glob/-/dir-glob-3.0.1.tgz. Extracting by manifest.
712 silly tarball no local data for doctrine@https://registry.npmjs.org/doctrine/-/doctrine-3.0.0.tgz. Extracting by manifest.
713 silly tarball no local data for diff-sequences@https://registry.npmjs.org/diff-sequences/-/diff-sequences-29.6.3.tgz. Extracting by manifest.
714 silly tarball no local data for detect-newline@https://registry.npmjs.org/detect-newline/-/detect-newline-3.1.0.tgz. Extracting by manifest.
715 silly tarball no local data for detect-libc@https://registry.npmjs.org/detect-libc/-/detect-libc-2.0.3.tgz. Extracting by manifest.
716 silly tarball no local data for depd@https://registry.npmjs.org/depd/-/depd-2.0.0.tgz. Extracting by manifest.
717 silly tarball no local data for delegates@https://registry.npmjs.org/delegates/-/delegates-1.0.0.tgz. Extracting by manifest.
718 silly tarball no local data for define-properties@https://registry.npmjs.org/define-properties/-/define-properties-1.2.1.tgz. Extracting by manifest.
719 silly tarball no local data for define-data-property@https://registry.npmjs.org/define-data-property/-/define-data-property-1.1.4.tgz. Extracting by manifest.
720 silly tarball no local data for deepmerge@https://registry.npmjs.org/deepmerge/-/deepmerge-4.3.1.tgz. Extracting by manifest.
721 silly tarball no local data for defer-to-connect@https://registry.npmjs.org/defer-to-connect/-/defer-to-connect-2.0.1.tgz. Extracting by manifest.
722 silly tarball no local data for deep-is@https://registry.npmjs.org/deep-is/-/deep-is-0.1.4.tgz. Extracting by manifest.
723 silly tarball no local data for deep-extend@https://registry.npmjs.org/deep-extend/-/deep-extend-0.6.0.tgz. Extracting by manifest.
724 silly tarball no local data for decompress-response@https://registry.npmjs.org/decompress-response/-/decompress-response-6.0.0.tgz. Extracting by manifest.
725 silly tarball no local data for dedent@https://registry.npmjs.org/dedent/-/dedent-1.5.3.tgz. Extracting by manifest.
726 silly tarball no local data for db-errors@https://registry.npmjs.org/db-errors/-/db-errors-0.2.3.tgz. Extracting by manifest.
727 silly tarball no local data for debug@https://registry.npmjs.org/debug/-/debug-4.3.4.tgz. Extracting by manifest.
728 silly tarball no local data for dateformat@https://registry.npmjs.org/dateformat/-/dateformat-4.6.3.tgz. Extracting by manifest.
729 silly tarball no local data for date-fns@https://registry.npmjs.org/date-fns/-/date-fns-2.30.0.tgz. Extracting by manifest.
730 silly tarball no local data for data-view-byte-offset@https://registry.npmjs.org/data-view-byte-offset/-/data-view-byte-offset-1.0.0.tgz. Extracting by manifest.
731 silly tarball no local data for data-view-byte-length@https://registry.npmjs.org/data-view-byte-length/-/data-view-byte-length-1.0.1.tgz. Extracting by manifest.
732 silly tarball no local data for data-view-buffer@https://registry.npmjs.org/data-view-buffer/-/data-view-buffer-1.0.1.tgz. Extracting by manifest.
733 silly tarball no local data for d@https://registry.npmjs.org/d/-/d-1.0.2.tgz. Extracting by manifest.
734 silly tarball no local data for cssesc@https://registry.npmjs.org/cssesc/-/cssesc-3.0.0.tgz. Extracting by manifest.
735 silly tarball no local data for css-loader@https://registry.npmjs.org/css-loader/-/css-loader-7.1.1.tgz. Extracting by manifest.
736 silly tarball no local data for crypto-random-string@https://registry.npmjs.org/crypto-random-string/-/crypto-random-string-4.0.0.tgz. Extracting by manifest.
737 silly tarball no local data for cross-spawn@https://registry.npmjs.org/cross-spawn/-/cross-spawn-7.0.3.tgz. Extracting by manifest.
738 silly tarball no local data for fast-memoize@https://registry.npmjs.org/fast-memoize/-/fast-memoize-2.5.2.tgz. Extracting by manifest.
739 silly tarball no local data for cookie-signature@https://registry.npmjs.org/cookie-signature/-/cookie-signature-1.2.1.tgz. Extracting by manifest.
740 silly tarball no local data for convert-source-map@https://registry.npmjs.org/convert-source-map/-/convert-source-map-2.0.0.tgz. Extracting by manifest.
741 silly tarball no local data for cookie@https://registry.npmjs.org/cookie/-/cookie-0.6.0.tgz. Extracting by manifest.
742 silly tarball no local data for content-disposition@https://registry.npmjs.org/content-disposition/-/content-disposition-0.5.4.tgz. Extracting by manifest.
743 silly tarball no local data for constantinople@https://registry.npmjs.org/constantinople/-/constantinople-4.0.1.tgz. Extracting by manifest.
744 silly tarball no local data for config-chain@https://registry.npmjs.org/config-chain/-/config-chain-1.1.13.tgz. Extracting by manifest.
745 silly tarball no local data for console-control-strings@https://registry.npmjs.org/console-control-strings/-/console-control-strings-1.1.0.tgz. Extracting by manifest.
746 silly tarball no local data for configstore@https://registry.npmjs.org/configstore/-/configstore-6.0.0.tgz. Extracting by manifest.
747 silly tarball no local data for confusing-browser-globals@https://registry.npmjs.org/confusing-browser-globals/-/confusing-browser-globals-1.0.11.tgz. Extracting by manifest.
748 silly tarball no local data for concurrently@https://registry.npmjs.org/concurrently/-/concurrently-8.2.2.tgz. Extracting by manifest.
749 silly tarball no local data for concat-map@https://registry.npmjs.org/concat-map/-/concat-map-0.0.1.tgz. Extracting by manifest.
750 silly tarball no local data for commist@https://registry.npmjs.org/commist/-/commist-3.0.0.tgz. Extracting by manifest.
751 silly tarball no local data for commander@https://registry.npmjs.org/commander/-/commander-10.0.1.tgz. Extracting by manifest.
752 silly tarball no local data for create-jest@https://registry.npmjs.org/create-jest/-/create-jest-29.7.0.tgz. Extracting by manifest.
753 silly tarball no local data for colorette@https://registry.npmjs.org/colorette/-/colorette-2.0.19.tgz. Extracting by manifest.
754 silly tarball no local data for color-convert@https://registry.npmjs.org/color-convert/-/color-convert-2.0.1.tgz. Extracting by manifest.
755 silly tarball no local data for co@https://registry.npmjs.org/co/-/co-4.6.0.tgz. Extracting by manifest.
756 silly tarball no local data for collect-v8-coverage@https://registry.npmjs.org/collect-v8-coverage/-/collect-v8-coverage-1.0.2.tgz. Extracting by manifest.
757 silly tarball no local data for close-with-grace@https://registry.npmjs.org/close-with-grace/-/close-with-grace-1.1.0.tgz. Extracting by manifest.
758 silly tarball no local data for clone-response@https://registry.npmjs.org/clone-response/-/clone-response-1.0.3.tgz. Extracting by manifest.
759 silly tarball no local data for clone-deep@https://registry.npmjs.org/clone-deep/-/clone-deep-4.0.1.tgz. Extracting by manifest.
760 silly tarball no local data for cliui@https://registry.npmjs.org/cliui/-/cliui-8.0.1.tgz. Extracting by manifest.
761 silly tarball no local data for cli-table3@https://registry.npmjs.org/cli-table3/-/cli-table3-0.6.4.tgz. Extracting by manifest.
762 silly tarball no local data for cli-color@https://registry.npmjs.org/cli-color/-/cli-color-2.0.4.tgz. Extracting by manifest.
763 silly tarball no local data for color-name@https://registry.npmjs.org/color-name/-/color-name-1.1.4.tgz. Extracting by manifest.
764 silly tarball no local data for color-support@https://registry.npmjs.org/color-support/-/color-support-1.1.3.tgz. Extracting by manifest.
765 silly tarball no local data for cli-boxes@https://registry.npmjs.org/cli-boxes/-/cli-boxes-3.0.0.tgz. Extracting by manifest.
766 silly tarball no local data for clean-stack@https://registry.npmjs.org/clean-stack/-/clean-stack-2.2.0.tgz. Extracting by manifest.
767 silly tarball no local data for ci-info@https://registry.npmjs.org/ci-info/-/ci-info-3.3.2.tgz. Extracting by manifest.
768 silly tarball no local data for cjs-module-lexer@https://registry.npmjs.org/cjs-module-lexer/-/cjs-module-lexer-1.2.3.tgz. Extracting by manifest.
769 silly tarball no local data for character-parser@https://registry.npmjs.org/character-parser/-/character-parser-2.2.0.tgz. Extracting by manifest.
770 silly tarball no local data for chownr@https://registry.npmjs.org/chownr/-/chownr-2.0.0.tgz. Extracting by manifest.
771 silly tarball no local data for chokidar@https://registry.npmjs.org/chokidar/-/chokidar-3.5.3.tgz. Extracting by manifest.
772 silly tarball no local data for chalk@https://registry.npmjs.org/chalk/-/chalk-4.1.2.tgz. Extracting by manifest.
773 silly tarball no local data for camelcase@https://registry.npmjs.org/camelcase/-/camelcase-5.3.1.tgz. Extracting by manifest.
774 silly tarball no local data for callsites@https://registry.npmjs.org/callsites/-/callsites-3.1.0.tgz. Extracting by manifest.
775 silly tarball no local data for char-regex@https://registry.npmjs.org/char-regex/-/char-regex-1.0.2.tgz. Extracting by manifest.
776 silly tarball no local data for caniuse-lite@https://registry.npmjs.org/caniuse-lite/-/caniuse-lite-1.0.30001612.tgz. Extracting by manifest.
777 silly tarball no local data for call-bind@https://registry.npmjs.org/call-bind/-/call-bind-1.0.7.tgz. Extracting by manifest.
778 silly tarball no local data for cacache@https://registry.npmjs.org/cacache/-/cacache-17.1.4.tgz. Extracting by manifest.
779 silly tarball no local data for cacheable-lookup@https://registry.npmjs.org/cacheable-lookup/-/cacheable-lookup-6.1.0.tgz. Extracting by manifest.
780 silly tarball no local data for cacheable-request@https://registry.npmjs.org/cacheable-request/-/cacheable-request-7.0.2.tgz. Extracting by manifest.
781 silly tarball no local data for builtins@https://registry.npmjs.org/builtins/-/builtins-5.1.0.tgz. Extracting by manifest.
782 silly tarball no local data for buffer-from@https://registry.npmjs.org/buffer-from/-/buffer-from-1.1.2.tgz. Extracting by manifest.
783 silly tarball no local data for buffer@https://registry.npmjs.org/buffer/-/buffer-5.7.1.tgz. Extracting by manifest.
784 silly tarball no local data for browserslist@https://registry.npmjs.org/browserslist/-/browserslist-4.23.0.tgz. Extracting by manifest.
785 silly tarball no local data for bser@https://registry.npmjs.org/bser/-/bser-2.1.1.tgz. Extracting by manifest.
786 silly tarball no local data for braces@https://registry.npmjs.org/braces/-/braces-3.0.2.tgz. Extracting by manifest.
787 silly tarball no local data for brace-expansion@https://registry.npmjs.org/brace-expansion/-/brace-expansion-1.1.11.tgz. Extracting by manifest.
788 silly tarball no local data for bootstrap@https://registry.npmjs.org/bootstrap/-/bootstrap-5.3.3.tgz. Extracting by manifest.
789 silly tarball no local data for bluebird@https://registry.npmjs.org/bluebird/-/bluebird-3.7.2.tgz. Extracting by manifest.
790 silly tarball no local data for boxen@https://registry.npmjs.org/boxen/-/boxen-7.0.0.tgz. Extracting by manifest.
791 silly tarball no local data for bindings@https://registry.npmjs.org/bindings/-/bindings-1.5.0.tgz. Extracting by manifest.
792 silly tarball no local data for bl@https://registry.npmjs.org/bl/-/bl-4.1.0.tgz. Extracting by manifest.
793 silly tarball no local data for better-sqlite3@https://registry.npmjs.org/better-sqlite3/-/better-sqlite3-8.7.0.tgz. Extracting by manifest.
794 silly tarball no local data for base64-js@https://registry.npmjs.org/base64-js/-/base64-js-1.5.1.tgz. Extracting by manifest.
795 silly tarball no local data for binary-extensions@https://registry.npmjs.org/binary-extensions/-/binary-extensions-2.2.0.tgz. Extracting by manifest.
796 silly tarball no local data for balanced-match@https://registry.npmjs.org/balanced-match/-/balanced-match-1.0.2.tgz. Extracting by manifest.
797 silly tarball no local data for babel-preset-jest@https://registry.npmjs.org/babel-preset-jest/-/babel-preset-jest-29.6.3.tgz. Extracting by manifest.
798 silly tarball no local data for babel-walk@https://registry.npmjs.org/babel-walk/-/babel-walk-3.0.0-canary-5.tgz. Extracting by manifest.
799 silly tarball no local data for babel-plugin-jest-hoist@https://registry.npmjs.org/babel-plugin-jest-hoist/-/babel-plugin-jest-hoist-29.6.3.tgz. Extracting by manifest.
800 silly tarball no local data for babel-preset-current-node-syntax@https://registry.npmjs.org/babel-preset-current-node-syntax/-/babel-preset-current-node-syntax-1.0.1.tgz. Extracting by manifest.
801 silly tarball no local data for babel-plugin-istanbul@https://registry.npmjs.org/babel-plugin-istanbul/-/babel-plugin-istanbul-6.1.1.tgz. Extracting by manifest.
802 silly tarball no local data for atomic-sleep@https://registry.npmjs.org/atomic-sleep/-/atomic-sleep-1.0.0.tgz. Extracting by manifest.
803 silly tarball no local data for asap@https://registry.npmjs.org/asap/-/asap-2.0.6.tgz. Extracting by manifest.
804 silly tarball no local data for assert-never@https://registry.npmjs.org/assert-never/-/assert-never-1.2.1.tgz. Extracting by manifest.
805 silly tarball no local data for at-least-node@https://registry.npmjs.org/at-least-node/-/at-least-node-1.0.0.tgz. Extracting by manifest.
806 silly tarball no local data for babel-jest@https://registry.npmjs.org/babel-jest/-/babel-jest-29.7.0.tgz. Extracting by manifest.
807 silly tarball no local data for avvio@https://registry.npmjs.org/avvio/-/avvio-8.3.0.tgz. Extracting by manifest.
808 silly tarball no local data for arraybuffer.prototype.slice@https://registry.npmjs.org/arraybuffer.prototype.slice/-/arraybuffer.prototype.slice-1.0.3.tgz. Extracting by manifest.
809 silly tarball no local data for available-typed-arrays@https://registry.npmjs.org/available-typed-arrays/-/available-typed-arrays-1.0.7.tgz. Extracting by manifest.
810 silly tarball no local data for array.prototype.flat@https://registry.npmjs.org/array.prototype.flat/-/array.prototype.flat-1.3.2.tgz. Extracting by manifest.
811 silly tarball no local data for array.prototype.flatmap@https://registry.npmjs.org/array.prototype.flatmap/-/array.prototype.flatmap-1.3.2.tgz. Extracting by manifest.
812 silly tarball no local data for array.prototype.findlastindex@https://registry.npmjs.org/array.prototype.findlastindex/-/array.prototype.findlastindex-1.2.5.tgz. Extracting by manifest.
813 silly tarball no local data for array-union@https://registry.npmjs.org/array-union/-/array-union-2.1.0.tgz. Extracting by manifest.
814 silly tarball no local data for argparse@https://registry.npmjs.org/argparse/-/argparse-2.0.1.tgz. Extracting by manifest.
815 silly tarball no local data for array-includes@https://registry.npmjs.org/array-includes/-/array-includes-3.1.8.tgz. Extracting by manifest.
816 silly tarball no local data for array-buffer-byte-length@https://registry.npmjs.org/array-buffer-byte-length/-/array-buffer-byte-length-1.0.1.tgz. Extracting by manifest.
817 silly tarball no local data for archy@https://registry.npmjs.org/archy/-/archy-1.0.0.tgz. Extracting by manifest.
818 silly tarball no local data for aproba@https://registry.npmjs.org/aproba/-/aproba-2.0.0.tgz. Extracting by manifest.
819 silly tarball no local data for anymatch@https://registry.npmjs.org/anymatch/-/anymatch-3.1.2.tgz. Extracting by manifest.
820 silly tarball no local data for are-we-there-yet@https://registry.npmjs.org/are-we-there-yet/-/are-we-there-yet-3.0.1.tgz. Extracting by manifest.
821 silly tarball no local data for ajv-keywords@https://registry.npmjs.org/ajv-keywords/-/ajv-keywords-3.5.2.tgz. Extracting by manifest.
822 silly tarball no local data for ansi-align@https://registry.npmjs.org/ansi-align/-/ansi-align-3.0.1.tgz. Extracting by manifest.
823 silly tarball no local data for ansi-styles@https://registry.npmjs.org/ansi-styles/-/ansi-styles-4.3.0.tgz. Extracting by manifest.
824 silly tarball no local data for ansi-regex@https://registry.npmjs.org/ansi-regex/-/ansi-regex-5.0.1.tgz. Extracting by manifest.
825 silly tarball no local data for ansi-escapes@https://registry.npmjs.org/ansi-escapes/-/ansi-escapes-4.3.2.tgz. Extracting by manifest.
826 silly tarball no local data for agentkeepalive@https://registry.npmjs.org/agentkeepalive/-/agentkeepalive-4.2.1.tgz. Extracting by manifest.
827 silly tarball no local data for ajv-formats@https://registry.npmjs.org/ajv-formats/-/ajv-formats-2.1.1.tgz. Extracting by manifest.
828 silly tarball no local data for acorn-jsx@https://registry.npmjs.org/acorn-jsx/-/acorn-jsx-5.3.2.tgz. Extracting by manifest.
829 silly tarball no local data for acorn-import-assertions@https://registry.npmjs.org/acorn-import-assertions/-/acorn-import-assertions-1.9.0.tgz. Extracting by manifest.
830 silly tarball no local data for acorn@https://registry.npmjs.org/acorn/-/acorn-8.11.3.tgz. Extracting by manifest.
831 silly tarball no local data for abort-controller@https://registry.npmjs.org/abort-controller/-/abort-controller-3.0.0.tgz. Extracting by manifest.
832 silly tarball no local data for abstract-logging@https://registry.npmjs.org/abstract-logging/-/abstract-logging-2.0.1.tgz. Extracting by manifest.
833 silly tarball no local data for abbrev@https://registry.npmjs.org/abbrev/-/abbrev-1.1.1.tgz. Extracting by manifest.
834 silly tarball no local data for ajv@https://registry.npmjs.org/ajv/-/ajv-6.12.6.tgz. Extracting by manifest.
835 silly tarball no local data for aggregate-error@https://registry.npmjs.org/aggregate-error/-/aggregate-error-3.1.0.tgz. Extracting by manifest.
836 silly tarball no local data for agent-base@https://registry.npmjs.org/agent-base/-/agent-base-6.0.2.tgz. Extracting by manifest.
837 silly tarball no local data for @xtuc/long@https://registry.npmjs.org/@xtuc/long/-/long-4.2.2.tgz. Extracting by manifest.
838 silly tarball no local data for @webpack-cli/info@https://registry.npmjs.org/@webpack-cli/info/-/info-2.0.2.tgz. Extracting by manifest.
839 silly tarball no local data for @webpack-cli/configtest@https://registry.npmjs.org/@webpack-cli/configtest/-/configtest-2.1.1.tgz. Extracting by manifest.
840 silly tarball no local data for @xtuc/ieee754@https://registry.npmjs.org/@xtuc/ieee754/-/ieee754-1.2.0.tgz. Extracting by manifest.
841 silly tarball no local data for @webassemblyjs/wasm-opt@https://registry.npmjs.org/@webassemblyjs/wasm-opt/-/wasm-opt-1.12.1.tgz. Extracting by manifest.
842 silly tarball no local data for @webassemblyjs/wasm-parser@https://registry.npmjs.org/@webassemblyjs/wasm-parser/-/wasm-parser-1.12.1.tgz. Extracting by manifest.
843 silly tarball no local data for @webpack-cli/serve@https://registry.npmjs.org/@webpack-cli/serve/-/serve-2.0.5.tgz. Extracting by manifest.
844 silly tarball no local data for @webassemblyjs/wast-printer@https://registry.npmjs.org/@webassemblyjs/wast-printer/-/wast-printer-1.12.1.tgz. Extracting by manifest.
845 silly tarball no local data for @webassemblyjs/wasm-gen@https://registry.npmjs.org/@webassemblyjs/wasm-gen/-/wasm-gen-1.12.1.tgz. Extracting by manifest.
846 silly tarball no local data for @webassemblyjs/utf8@https://registry.npmjs.org/@webassemblyjs/utf8/-/utf8-1.11.6.tgz. Extracting by manifest.
847 silly tarball no local data for @webassemblyjs/wasm-edit@https://registry.npmjs.org/@webassemblyjs/wasm-edit/-/wasm-edit-1.12.1.tgz. Extracting by manifest.
848 silly tarball no local data for @webassemblyjs/helper-numbers@https://registry.npmjs.org/@webassemblyjs/helper-numbers/-/helper-numbers-1.11.6.tgz. Extracting by manifest.
849 silly tarball no local data for @webassemblyjs/ieee754@https://registry.npmjs.org/@webassemblyjs/ieee754/-/ieee754-1.11.6.tgz. Extracting by manifest.
850 silly tarball no local data for @webassemblyjs/leb128@https://registry.npmjs.org/@webassemblyjs/leb128/-/leb128-1.11.6.tgz. Extracting by manifest.
851 silly tarball no local data for @webassemblyjs/helper-wasm-section@https://registry.npmjs.org/@webassemblyjs/helper-wasm-section/-/helper-wasm-section-1.12.1.tgz. Extracting by manifest.
852 silly tarball no local data for @webassemblyjs/helper-buffer@https://registry.npmjs.org/@webassemblyjs/helper-buffer/-/helper-buffer-1.12.1.tgz. Extracting by manifest.
853 silly tarball no local data for @webassemblyjs/helper-wasm-bytecode@https://registry.npmjs.org/@webassemblyjs/helper-wasm-bytecode/-/helper-wasm-bytecode-1.11.6.tgz. Extracting by manifest.
854 silly tarball no local data for @webassemblyjs/helper-api-error@https://registry.npmjs.org/@webassemblyjs/helper-api-error/-/helper-api-error-1.11.6.tgz. Extracting by manifest.
855 silly tarball no local data for @webassemblyjs/floating-point-hex-parser@https://registry.npmjs.org/@webassemblyjs/floating-point-hex-parser/-/floating-point-hex-parser-1.11.6.tgz. Extracting by manifest.
856 silly tarball no local data for @vscode/sqlite3@https://registry.npmjs.org/@vscode/sqlite3/-/sqlite3-5.1.2.tgz. Extracting by manifest.
857 silly tarball no local data for @webassemblyjs/ast@https://registry.npmjs.org/@webassemblyjs/ast/-/ast-1.12.1.tgz. Extracting by manifest.
858 silly tarball no local data for @types/yargs-parser@https://registry.npmjs.org/@types/yargs-parser/-/yargs-parser-21.0.3.tgz. Extracting by manifest.
859 silly tarball no local data for @types/yargs@https://registry.npmjs.org/@types/yargs/-/yargs-17.0.32.tgz. Extracting by manifest.
860 silly tarball no local data for @types/validator@https://registry.npmjs.org/@types/validator/-/validator-13.11.9.tgz. Extracting by manifest.
861 silly tarball no local data for @ungap/structured-clone@https://registry.npmjs.org/@ungap/structured-clone/-/structured-clone-1.2.0.tgz. Extracting by manifest.
862 silly tarball no local data for @types/stack-utils@https://registry.npmjs.org/@types/stack-utils/-/stack-utils-2.0.3.tgz. Extracting by manifest.
863 silly tarball no local data for @types/stack-trace@https://registry.npmjs.org/@types/stack-trace/-/stack-trace-0.0.29.tgz. Extracting by manifest.
864 silly tarball no local data for @types/semver-utils@https://registry.npmjs.org/@types/semver-utils/-/semver-utils-1.1.3.tgz. Extracting by manifest.
865 silly tarball no local data for @types/responselike@https://registry.npmjs.org/@types/responselike/-/responselike-1.0.0.tgz. Extracting by manifest.
866 silly tarball no local data for @types/node@https://registry.npmjs.org/@types/node/-/node-20.12.7.tgz. Extracting by manifest.
867 silly tarball no local data for @types/keyv@https://registry.npmjs.org/@types/keyv/-/keyv-3.1.4.tgz. Extracting by manifest.
868 silly tarball no local data for @types/ms@https://registry.npmjs.org/@types/ms/-/ms-0.7.34.tgz. Extracting by manifest.
869 silly tarball no local data for @types/json5@https://registry.npmjs.org/@types/json5/-/json5-0.0.29.tgz. Extracting by manifest.
870 silly tarball no local data for @types/jest@https://registry.npmjs.org/@types/jest/-/jest-29.5.12.tgz. Extracting by manifest.
871 silly tarball no local data for @types/json-schema@https://registry.npmjs.org/@types/json-schema/-/json-schema-7.0.11.tgz. Extracting by manifest.
872 silly tarball no local data for @types/istanbul-reports@https://registry.npmjs.org/@types/istanbul-reports/-/istanbul-reports-3.0.4.tgz. Extracting by manifest.
873 silly tarball no local data for @types/istanbul-lib-report@https://registry.npmjs.org/@types/istanbul-lib-report/-/istanbul-lib-report-3.0.3.tgz. Extracting by manifest.
874 silly tarball no local data for @types/istanbul-lib-coverage@https://registry.npmjs.org/@types/istanbul-lib-coverage/-/istanbul-lib-coverage-2.0.6.tgz. Extracting by manifest.
875 silly tarball no local data for @types/http-cache-semantics@https://registry.npmjs.org/@types/http-cache-semantics/-/http-cache-semantics-4.0.1.tgz. Extracting by manifest.
876 silly tarball no local data for @types/graceful-fs@https://registry.npmjs.org/@types/graceful-fs/-/graceful-fs-4.1.9.tgz. Extracting by manifest.
877 silly tarball no local data for @types/eslint-scope@https://registry.npmjs.org/@types/eslint-scope/-/eslint-scope-3.7.4.tgz. Extracting by manifest.
878 silly tarball no local data for @types/estree@https://registry.npmjs.org/@types/estree/-/estree-1.0.5.tgz. Extracting by manifest.
879 silly tarball no local data for @types/eslint@https://registry.npmjs.org/@types/eslint/-/eslint-8.4.6.tgz. Extracting by manifest.
880 silly tarball no local data for @types/debug@https://registry.npmjs.org/@types/debug/-/debug-4.1.12.tgz. Extracting by manifest.
881 silly tarball no local data for @types/cacheable-request@https://registry.npmjs.org/@types/cacheable-request/-/cacheable-request-6.0.2.tgz. Extracting by manifest.
882 silly tarball no local data for @types/babel__traverse@https://registry.npmjs.org/@types/babel__traverse/-/babel__traverse-7.20.5.tgz. Extracting by manifest.
883 silly tarball no local data for @types/babel__template@https://registry.npmjs.org/@types/babel__template/-/babel__template-7.4.4.tgz. Extracting by manifest.
884 silly tarball no local data for @types/babel__generator@https://registry.npmjs.org/@types/babel__generator/-/babel__generator-7.6.8.tgz. Extracting by manifest.
885 silly tarball no local data for @types/babel__core@https://registry.npmjs.org/@types/babel__core/-/babel__core-7.20.5.tgz. Extracting by manifest.
886 silly tarball no local data for @tufjs/models@https://registry.npmjs.org/@tufjs/models/-/models-1.0.4.tgz. Extracting by manifest.
887 silly tarball no local data for @tootallnate/once@https://registry.npmjs.org/@tootallnate/once/-/once-2.0.0.tgz. Extracting by manifest.
888 silly tarball no local data for @tufjs/canonical-json@https://registry.npmjs.org/@tufjs/canonical-json/-/canonical-json-1.0.0.tgz. Extracting by manifest.
889 silly tarball no local data for @sinonjs/fake-timers@https://registry.npmjs.org/@sinonjs/fake-timers/-/fake-timers-10.3.0.tgz. Extracting by manifest.
890 silly tarball no local data for @szmarczak/http-timer@https://registry.npmjs.org/@szmarczak/http-timer/-/http-timer-5.0.1.tgz. Extracting by manifest.
891 silly tarball no local data for @sinclair/typebox@https://registry.npmjs.org/@sinclair/typebox/-/typebox-0.27.8.tgz. Extracting by manifest.
892 silly tarball no local data for @sindresorhus/is@https://registry.npmjs.org/@sindresorhus/is/-/is-5.3.0.tgz. Extracting by manifest.
893 silly tarball no local data for @sigstore/tuf@https://registry.npmjs.org/@sigstore/tuf/-/tuf-1.0.3.tgz. Extracting by manifest.
894 silly tarball no local data for @sigstore/sign@https://registry.npmjs.org/@sigstore/sign/-/sign-1.0.0.tgz. Extracting by manifest.
895 silly tarball no local data for @sinonjs/commons@https://registry.npmjs.org/@sinonjs/commons/-/commons-3.0.1.tgz. Extracting by manifest.
896 silly tarball no local data for @pnpm/npm-conf@https://registry.npmjs.org/@pnpm/npm-conf/-/npm-conf-1.0.5.tgz. Extracting by manifest.
897 silly tarball no local data for @sigstore/protobuf-specs@https://registry.npmjs.org/@sigstore/protobuf-specs/-/protobuf-specs-0.2.1.tgz. Extracting by manifest.
898 silly tarball no local data for @sigstore/bundle@https://registry.npmjs.org/@sigstore/bundle/-/bundle-1.1.0.tgz. Extracting by manifest.
899 silly tarball no local data for @popperjs/core@https://registry.npmjs.org/@popperjs/core/-/core-2.11.8.tgz. Extracting by manifest.
900 silly tarball no local data for @rails/ujs@https://registry.npmjs.org/@rails/ujs/-/ujs-7.1.3-2.tgz. Extracting by manifest.
901 silly tarball no local data for @pnpm/network.ca-file@https://registry.npmjs.org/@pnpm/network.ca-file/-/network.ca-file-1.0.1.tgz. Extracting by manifest.
902 silly tarball no local data for @npmcli/promise-spawn@https://registry.npmjs.org/@npmcli/promise-spawn/-/promise-spawn-6.0.2.tgz. Extracting by manifest.
903 silly tarball no local data for @pkgjs/parseargs@https://registry.npmjs.org/@pkgjs/parseargs/-/parseargs-0.11.0.tgz. Extracting by manifest.
904 silly tarball no local data for @npmcli/run-script@https://registry.npmjs.org/@npmcli/run-script/-/run-script-6.0.2.tgz. Extracting by manifest.
905 silly tarball no local data for @npmcli/move-file@https://registry.npmjs.org/@npmcli/move-file/-/move-file-2.0.1.tgz. Extracting by manifest.
906 silly tarball no local data for @one-ini/wasm@https://registry.npmjs.org/@one-ini/wasm/-/wasm-0.1.1.tgz. Extracting by manifest.
907 silly tarball no local data for @npmcli/node-gyp@https://registry.npmjs.org/@npmcli/node-gyp/-/node-gyp-3.0.0.tgz. Extracting by manifest.
908 silly tarball no local data for @npmcli/installed-package-contents@https://registry.npmjs.org/@npmcli/installed-package-contents/-/installed-package-contents-2.0.2.tgz. Extracting by manifest.
909 silly tarball no local data for @npmcli/git@https://registry.npmjs.org/@npmcli/git/-/git-4.1.0.tgz. Extracting by manifest.
910 silly tarball no local data for @nodelib/fs.walk@https://registry.npmjs.org/@nodelib/fs.walk/-/fs.walk-1.2.8.tgz. Extracting by manifest.
911 silly tarball no local data for @nodelib/fs.stat@https://registry.npmjs.org/@nodelib/fs.stat/-/fs.stat-2.0.5.tgz. Extracting by manifest.
912 silly tarball no local data for @nodelib/fs.scandir@https://registry.npmjs.org/@nodelib/fs.scandir/-/fs.scandir-2.1.5.tgz. Extracting by manifest.
913 silly tarball no local data for @npmcli/fs@https://registry.npmjs.org/@npmcli/fs/-/fs-3.1.0.tgz. Extracting by manifest.
914 silly tarball no local data for @jridgewell/sourcemap-codec@https://registry.npmjs.org/@jridgewell/sourcemap-codec/-/sourcemap-codec-1.4.15.tgz. Extracting by manifest.
915 silly tarball no local data for @jridgewell/trace-mapping@https://registry.npmjs.org/@jridgewell/trace-mapping/-/trace-mapping-0.3.25.tgz. Extracting by manifest.
916 silly tarball no local data for @lukeed/ms@https://registry.npmjs.org/@lukeed/ms/-/ms-2.0.2.tgz. Extracting by manifest.
917 silly tarball no local data for @jridgewell/source-map@https://registry.npmjs.org/@jridgewell/source-map/-/source-map-0.3.6.tgz. Extracting by manifest.
918 silly tarball no local data for @jridgewell/set-array@https://registry.npmjs.org/@jridgewell/set-array/-/set-array-1.2.1.tgz. Extracting by manifest.
919 silly tarball no local data for @jridgewell/resolve-uri@https://registry.npmjs.org/@jridgewell/resolve-uri/-/resolve-uri-3.1.2.tgz. Extracting by manifest.
920 silly tarball no local data for @jest/transform@https://registry.npmjs.org/@jest/transform/-/transform-29.7.0.tgz. Extracting by manifest.
921 silly tarball no local data for @jest/types@https://registry.npmjs.org/@jest/types/-/types-29.6.3.tgz. Extracting by manifest.
922 silly tarball no local data for @jridgewell/gen-mapping@https://registry.npmjs.org/@jridgewell/gen-mapping/-/gen-mapping-0.3.5.tgz. Extracting by manifest.
923 silly tarball no local data for @jest/source-map@https://registry.npmjs.org/@jest/source-map/-/source-map-29.6.3.tgz. Extracting by manifest.
924 silly tarball no local data for @jest/test-result@https://registry.npmjs.org/@jest/test-result/-/test-result-29.7.0.tgz. Extracting by manifest.
925 silly tarball no local data for @jest/test-sequencer@https://registry.npmjs.org/@jest/test-sequencer/-/test-sequencer-29.7.0.tgz. Extracting by manifest.
926 silly tarball no local data for @jest/schemas@https://registry.npmjs.org/@jest/schemas/-/schemas-29.6.3.tgz. Extracting by manifest.
927 silly tarball no local data for @jest/reporters@https://registry.npmjs.org/@jest/reporters/-/reporters-29.7.0.tgz. Extracting by manifest.
928 silly tarball no local data for @jest/fake-timers@https://registry.npmjs.org/@jest/fake-timers/-/fake-timers-29.7.0.tgz. Extracting by manifest.
929 silly tarball no local data for @jest/globals@https://registry.npmjs.org/@jest/globals/-/globals-29.7.0.tgz. Extracting by manifest.
930 silly tarball no local data for @jest/expect-utils@https://registry.npmjs.org/@jest/expect-utils/-/expect-utils-29.7.0.tgz. Extracting by manifest.
931 silly tarball no local data for @jest/environment@https://registry.npmjs.org/@jest/environment/-/environment-29.7.0.tgz. Extracting by manifest.
932 silly tarball no local data for @jest/expect@https://registry.npmjs.org/@jest/expect/-/expect-29.7.0.tgz. Extracting by manifest.
933 silly tarball no local data for @jest/core@https://registry.npmjs.org/@jest/core/-/core-29.7.0.tgz. Extracting by manifest.
934 silly tarball no local data for @istanbuljs/load-nyc-config@https://registry.npmjs.org/@istanbuljs/load-nyc-config/-/load-nyc-config-1.1.0.tgz. Extracting by manifest.
935 silly tarball no local data for @jest/console@https://registry.npmjs.org/@jest/console/-/console-29.7.0.tgz. Extracting by manifest.
936 silly tarball no local data for @istanbuljs/schema@https://registry.npmjs.org/@istanbuljs/schema/-/schema-0.1.3.tgz. Extracting by manifest.
937 silly tarball no local data for @humanwhocodes/object-schema@https://registry.npmjs.org/@humanwhocodes/object-schema/-/object-schema-2.0.3.tgz. Extracting by manifest.
938 silly tarball no local data for @humanwhocodes/module-importer@https://registry.npmjs.org/@humanwhocodes/module-importer/-/module-importer-1.0.1.tgz. Extracting by manifest.
939 silly tarball no local data for @isaacs/cliui@https://registry.npmjs.org/@isaacs/cliui/-/cliui-8.0.2.tgz. Extracting by manifest.
940 silly tarball no local data for @fastify/view@https://registry.npmjs.org/@fastify/view/-/view-9.0.0.tgz. Extracting by manifest.
941 silly tarball no local data for @fastify/static@https://registry.npmjs.org/@fastify/static/-/static-7.0.3.tgz. Extracting by manifest.
942 silly tarball no local data for @fastify/sensible@https://registry.npmjs.org/@fastify/sensible/-/sensible-5.5.0.tgz. Extracting by manifest.
943 silly tarball no local data for @humanwhocodes/config-array@https://registry.npmjs.org/@humanwhocodes/config-array/-/config-array-0.11.14.tgz. Extracting by manifest.
944 silly tarball no local data for @fastify/secure-session@https://registry.npmjs.org/@fastify/secure-session/-/secure-session-7.5.1.tgz. Extracting by manifest.
945 silly tarball no local data for @gar/promisify@https://registry.npmjs.org/@gar/promisify/-/promisify-1.1.3.tgz. Extracting by manifest.
946 silly tarball no local data for @fastify/send@https://registry.npmjs.org/@fastify/send/-/send-2.1.0.tgz. Extracting by manifest.
947 silly tarball no local data for @fastify/merge-json-schemas@https://registry.npmjs.org/@fastify/merge-json-schemas/-/merge-json-schemas-0.1.1.tgz. Extracting by manifest.
948 silly tarball no local data for @fastify/formbody@https://registry.npmjs.org/@fastify/formbody/-/formbody-7.4.0.tgz. Extracting by manifest.
949 silly tarball no local data for @fastify/flash@https://registry.npmjs.org/@fastify/flash/-/flash-5.1.0.tgz. Extracting by manifest.
950 silly tarball no local data for @fastify/fast-json-stringify-compiler@https://registry.npmjs.org/@fastify/fast-json-stringify-compiler/-/fast-json-stringify-compiler-4.3.0.tgz. Extracting by manifest.
951 silly tarball no local data for @fastify/error@https://registry.npmjs.org/@fastify/error/-/error-3.4.1.tgz. Extracting by manifest.
952 silly tarball no local data for @fastify/deepmerge@https://registry.npmjs.org/@fastify/deepmerge/-/deepmerge-1.3.0.tgz. Extracting by manifest.
953 silly tarball no local data for @fastify/cookie@https://registry.npmjs.org/@fastify/cookie/-/cookie-9.3.1.tgz. Extracting by manifest.
954 silly tarball no local data for @fastify/ajv-compiler@https://registry.npmjs.org/@fastify/ajv-compiler/-/ajv-compiler-3.5.0.tgz. Extracting by manifest.
955 silly tarball no local data for @eslint/js@https://registry.npmjs.org/@eslint/js/-/js-9.1.1.tgz. Extracting by manifest.
956 silly tarball no local data for @eslint-community/eslint-utils@https://registry.npmjs.org/@eslint-community/eslint-utils/-/eslint-utils-4.4.0.tgz. Extracting by manifest.
957 silly tarball no local data for @fastify/accept-negotiator@https://registry.npmjs.org/@fastify/accept-negotiator/-/accept-negotiator-1.0.0.tgz. Extracting by manifest.
958 silly tarball no local data for @eslint/eslintrc@https://registry.npmjs.org/@eslint/eslintrc/-/eslintrc-3.0.2.tgz. Extracting by manifest.
959 silly tarball no local data for @eslint-community/regexpp@https://registry.npmjs.org/@eslint-community/regexpp/-/regexpp-4.10.0.tgz. Extracting by manifest.
960 silly tarball no local data for @colors/colors@https://registry.npmjs.org/@colors/colors/-/colors-1.5.0.tgz. Extracting by manifest.
961 silly tarball no local data for @discoveryjs/json-ext@https://registry.npmjs.org/@discoveryjs/json-ext/-/json-ext-0.5.7.tgz. Extracting by manifest.
962 silly tarball no local data for @bcoe/v8-coverage@https://registry.npmjs.org/@bcoe/v8-coverage/-/v8-coverage-0.2.3.tgz. Extracting by manifest.
963 silly tarball no local data for @babel/traverse@https://registry.npmjs.org/@babel/traverse/-/traverse-7.24.1.tgz. Extracting by manifest.
964 silly tarball no local data for @babel/types@https://registry.npmjs.org/@babel/types/-/types-7.24.0.tgz. Extracting by manifest.
965 silly tarball no local data for @babel/runtime@https://registry.npmjs.org/@babel/runtime/-/runtime-7.24.4.tgz. Extracting by manifest.
966 silly tarball no local data for @babel/template@https://registry.npmjs.org/@babel/template/-/template-7.24.0.tgz. Extracting by manifest.
967 silly tarball no local data for @babel/plugin-syntax-typescript@https://registry.npmjs.org/@babel/plugin-syntax-typescript/-/plugin-syntax-typescript-7.24.1.tgz. Extracting by manifest.
968 silly tarball no local data for @babel/plugin-syntax-top-level-await@https://registry.npmjs.org/@babel/plugin-syntax-top-level-await/-/plugin-syntax-top-level-await-7.14.5.tgz. Extracting by manifest.
969 silly tarball no local data for @babel/plugin-syntax-optional-chaining@https://registry.npmjs.org/@babel/plugin-syntax-optional-chaining/-/plugin-syntax-optional-chaining-7.8.3.tgz. Extracting by manifest.
970 silly tarball no local data for @babel/plugin-syntax-optional-catch-binding@https://registry.npmjs.org/@babel/plugin-syntax-optional-catch-binding/-/plugin-syntax-optional-catch-binding-7.8.3.tgz. Extracting by manifest.
971 silly tarball no local data for @babel/plugin-syntax-object-rest-spread@https://registry.npmjs.org/@babel/plugin-syntax-object-rest-spread/-/plugin-syntax-object-rest-spread-7.8.3.tgz. Extracting by manifest.
972 silly tarball no local data for @babel/plugin-syntax-numeric-separator@https://registry.npmjs.org/@babel/plugin-syntax-numeric-separator/-/plugin-syntax-numeric-separator-7.10.4.tgz. Extracting by manifest.
973 silly tarball no local data for @babel/plugin-syntax-nullish-coalescing-operator@https://registry.npmjs.org/@babel/plugin-syntax-nullish-coalescing-operator/-/plugin-syntax-nullish-coalescing-operator-7.8.3.tgz. Extracting by manifest.
974 silly tarball no local data for @babel/plugin-syntax-class-properties@https://registry.npmjs.org/@babel/plugin-syntax-class-properties/-/plugin-syntax-class-properties-7.12.13.tgz. Extracting by manifest.
975 silly tarball no local data for @babel/plugin-syntax-logical-assignment-operators@https://registry.npmjs.org/@babel/plugin-syntax-logical-assignment-operators/-/plugin-syntax-logical-assignment-operators-7.10.4.tgz. Extracting by manifest.
976 silly tarball no local data for @babel/plugin-syntax-import-meta@https://registry.npmjs.org/@babel/plugin-syntax-import-meta/-/plugin-syntax-import-meta-7.10.4.tgz. Extracting by manifest.
977 silly tarball no local data for @babel/plugin-syntax-jsx@https://registry.npmjs.org/@babel/plugin-syntax-jsx/-/plugin-syntax-jsx-7.24.1.tgz. Extracting by manifest.
978 silly tarball no local data for @babel/plugin-syntax-bigint@https://registry.npmjs.org/@babel/plugin-syntax-bigint/-/plugin-syntax-bigint-7.8.3.tgz. Extracting by manifest.
979 silly tarball no local data for @babel/plugin-syntax-json-strings@https://registry.npmjs.org/@babel/plugin-syntax-json-strings/-/plugin-syntax-json-strings-7.8.3.tgz. Extracting by manifest.
980 silly tarball no local data for @babel/plugin-syntax-async-generators@https://registry.npmjs.org/@babel/plugin-syntax-async-generators/-/plugin-syntax-async-generators-7.8.4.tgz. Extracting by manifest.
981 silly tarball no local data for @babel/parser@https://registry.npmjs.org/@babel/parser/-/parser-7.24.4.tgz. Extracting by manifest.
982 silly tarball no local data for @babel/highlight@https://registry.npmjs.org/@babel/highlight/-/highlight-7.24.2.tgz. Extracting by manifest.
983 silly tarball no local data for @babel/helpers@https://registry.npmjs.org/@babel/helpers/-/helpers-7.24.4.tgz. Extracting by manifest.
984 silly tarball no local data for @babel/helper-validator-identifier@https://registry.npmjs.org/@babel/helper-validator-identifier/-/helper-validator-identifier-7.22.20.tgz. Extracting by manifest.
985 silly tarball no local data for @babel/helper-validator-option@https://registry.npmjs.org/@babel/helper-validator-option/-/helper-validator-option-7.23.5.tgz. Extracting by manifest.
986 silly tarball no local data for @babel/helper-string-parser@https://registry.npmjs.org/@babel/helper-string-parser/-/helper-string-parser-7.24.1.tgz. Extracting by manifest.
987 silly tarball no local data for @babel/helper-split-export-declaration@https://registry.npmjs.org/@babel/helper-split-export-declaration/-/helper-split-export-declaration-7.22.6.tgz. Extracting by manifest.
988 silly tarball no local data for @babel/helper-simple-access@https://registry.npmjs.org/@babel/helper-simple-access/-/helper-simple-access-7.22.5.tgz. Extracting by manifest.
989 silly tarball no local data for @babel/helper-plugin-utils@https://registry.npmjs.org/@babel/helper-plugin-utils/-/helper-plugin-utils-7.24.0.tgz. Extracting by manifest.
990 silly tarball no local data for @babel/helper-module-transforms@https://registry.npmjs.org/@babel/helper-module-transforms/-/helper-module-transforms-7.23.3.tgz. Extracting by manifest.
991 silly tarball no local data for @babel/helper-module-imports@https://registry.npmjs.org/@babel/helper-module-imports/-/helper-module-imports-7.24.3.tgz. Extracting by manifest.
992 silly tarball no local data for @babel/helper-hoist-variables@https://registry.npmjs.org/@babel/helper-hoist-variables/-/helper-hoist-variables-7.22.5.tgz. Extracting by manifest.
993 silly tarball no local data for @babel/helper-function-name@https://registry.npmjs.org/@babel/helper-function-name/-/helper-function-name-7.23.0.tgz. Extracting by manifest.
994 silly tarball no local data for @babel/helper-environment-visitor@https://registry.npmjs.org/@babel/helper-environment-visitor/-/helper-environment-visitor-7.22.20.tgz. Extracting by manifest.
995 silly tarball no local data for @babel/compat-data@https://registry.npmjs.org/@babel/compat-data/-/compat-data-7.24.4.tgz. Extracting by manifest.
996 silly tarball no local data for @babel/code-frame@https://registry.npmjs.org/@babel/code-frame/-/code-frame-7.24.2.tgz. Extracting by manifest.
997 silly tarball no local data for @babel/helper-compilation-targets@https://registry.npmjs.org/@babel/helper-compilation-targets/-/helper-compilation-targets-7.23.6.tgz. Extracting by manifest.
998 silly tarball no local data for @babel/generator@https://registry.npmjs.org/@babel/generator/-/generator-7.24.4.tgz. Extracting by manifest.
999 silly tarball no local data for @ampproject/remapping@https://registry.npmjs.org/@ampproject/remapping/-/remapping-2.3.0.tgz. Extracting by manifest.
1000 silly tarball no local data for @babel/core@https://registry.npmjs.org/@babel/core/-/core-7.24.4.tgz. Extracting by manifest.
1001 silly tarball no local data for @aashutoshrathi/word-wrap@https://registry.npmjs.org/@aashutoshrathi/word-wrap/-/word-wrap-1.2.6.tgz. Extracting by manifest.
1002 silly tarball no local data for string-width@https://registry.npmjs.org/string-width/-/string-width-5.1.2.tgz. Extracting by manifest.
1003 silly tarball no local data for emoji-regex@https://registry.npmjs.org/emoji-regex/-/emoji-regex-9.2.2.tgz. Extracting by manifest.
1004 silly tarball no local data for chrome-trace-event@https://registry.npmjs.org/chrome-trace-event/-/chrome-trace-event-1.0.3.tgz. Extracting by manifest.
1005 silly tarball no local data for ansi-regex@https://registry.npmjs.org/ansi-regex/-/ansi-regex-6.0.1.tgz. Extracting by manifest.
1006 silly tarball no local data for ansi-styles@https://registry.npmjs.org/ansi-styles/-/ansi-styles-6.1.0.tgz. Extracting by manifest.
1007 silly tarball no local data for strip-ansi@https://registry.npmjs.org/strip-ansi/-/strip-ansi-7.0.1.tgz. Extracting by manifest.
1008 silly tarball no local data for strip-ansi@https://registry.npmjs.org/strip-ansi/-/strip-ansi-7.0.1.tgz. Extracting by manifest.
1009 silly tarball no local data for emoji-regex@https://registry.npmjs.org/emoji-regex/-/emoji-regex-9.2.2.tgz. Extracting by manifest.
1010 silly tarball no local data for cookie@https://registry.npmjs.org/cookie/-/cookie-0.4.2.tgz. Extracting by manifest.
1011 silly tarball no local data for graceful-fs@https://registry.npmjs.org/graceful-fs/-/graceful-fs-4.2.11.tgz. Extracting by manifest.
1012 silly tarball no local data for schema-utils@https://registry.npmjs.org/schema-utils/-/schema-utils-3.3.0.tgz. Extracting by manifest.
1013 silly tarball no local data for estraverse@https://registry.npmjs.org/estraverse/-/estraverse-4.3.0.tgz. Extracting by manifest.
1014 silly tarball no local data for string-width@https://registry.npmjs.org/string-width/-/string-width-5.1.2.tgz. Extracting by manifest.
1015 silly tarball no local data for strip-bom@https://registry.npmjs.org/strip-bom/-/strip-bom-3.0.0.tgz. Extracting by manifest.
1016 silly tarball no local data for json5@https://registry.npmjs.org/json5/-/json5-1.0.2.tgz. Extracting by manifest.
1017 silly tarball no local data for interpret@https://registry.npmjs.org/interpret/-/interpret-3.1.1.tgz. Extracting by manifest.
1018 silly tarball no local data for eslint-scope@https://registry.npmjs.org/eslint-scope/-/eslint-scope-5.1.1.tgz. Extracting by manifest.
1019 silly tarball no local data for supports-color@https://registry.npmjs.org/supports-color/-/supports-color-8.1.1.tgz. Extracting by manifest.
1020 silly tarball no local data for chalk@https://registry.npmjs.org/chalk/-/chalk-5.0.1.tgz. Extracting by manifest.
1021 silly tarball no local data for schema-utils@https://registry.npmjs.org/schema-utils/-/schema-utils-3.3.0.tgz. Extracting by manifest.
1022 silly tarball no local data for ansi-regex@https://registry.npmjs.org/ansi-regex/-/ansi-regex-6.0.1.tgz. Extracting by manifest.
1023 silly tarball no local data for glob@https://registry.npmjs.org/glob/-/glob-7.2.3.tgz. Extracting by manifest.
1024 silly tarball no local data for source-map-support@https://registry.npmjs.org/source-map-support/-/source-map-support-0.5.21.tgz. Extracting by manifest.
1025 silly tarball no local data for commander@https://registry.npmjs.org/commander/-/commander-2.20.3.tgz. Extracting by manifest.
1026 silly tarball no local data for chownr@https://registry.npmjs.org/chownr/-/chownr-1.1.4.tgz. Extracting by manifest.
1027 silly tarball no local data for socks-proxy-agent@https://registry.npmjs.org/socks-proxy-agent/-/socks-proxy-agent-6.2.1.tgz. Extracting by manifest.
1028 silly tarball no local data for ssri@https://registry.npmjs.org/ssri/-/ssri-8.0.1.tgz. Extracting by manifest.
1029 silly tarball no local data for node-gyp@https://registry.npmjs.org/node-gyp/-/node-gyp-8.4.1.tgz. Extracting by manifest.
1030 silly tarball no local data for node-addon-api@https://registry.npmjs.org/node-addon-api/-/node-addon-api-7.1.0.tgz. Extracting by manifest.
1031 silly tarball no local data for make-fetch-happen@https://registry.npmjs.org/make-fetch-happen/-/make-fetch-happen-9.1.0.tgz. Extracting by manifest.
1032 silly tarball no local data for escape-string-regexp@https://registry.npmjs.org/escape-string-regexp/-/escape-string-regexp-2.0.0.tgz. Extracting by manifest.
1033 silly tarball no local data for minipass-fetch@https://registry.npmjs.org/minipass-fetch/-/minipass-fetch-1.4.1.tgz. Extracting by manifest.
1034 silly tarball no local data for http-proxy-agent@https://registry.npmjs.org/http-proxy-agent/-/http-proxy-agent-4.0.1.tgz. Extracting by manifest.
1035 silly tarball no local data for minipass@https://registry.npmjs.org/minipass/-/minipass-7.0.4.tgz. Extracting by manifest.
1036 silly tarball no local data for lru-cache@https://registry.npmjs.org/lru-cache/-/lru-cache-6.0.0.tgz. Extracting by manifest.
1037 silly tarball no local data for glob@https://registry.npmjs.org/glob/-/glob-7.2.3.tgz. Extracting by manifest.
1038 silly tarball no local data for cacache@https://registry.npmjs.org/cacache/-/cacache-15.3.0.tgz. Extracting by manifest.
1039 silly tarball no local data for @npmcli/fs@https://registry.npmjs.org/@npmcli/fs/-/fs-1.1.1.tgz. Extracting by manifest.
1040 silly tarball no local data for @tootallnate/once@https://registry.npmjs.org/@tootallnate/once/-/once-1.1.2.tgz. Extracting by manifest.
1041 silly tarball no local data for @npmcli/move-file@https://registry.npmjs.org/@npmcli/move-file/-/move-file-1.1.2.tgz. Extracting by manifest.
1042 silly tarball no local data for cliui@https://registry.npmjs.org/cliui/-/cliui-7.0.4.tgz. Extracting by manifest.
1043 silly tarball no local data for yargs@https://registry.npmjs.org/yargs/-/yargs-16.2.0.tgz. Extracting by manifest.
1044 silly tarball no local data for wrap-ansi@https://registry.npmjs.org/wrap-ansi/-/wrap-ansi-7.0.0.tgz. Extracting by manifest.
1045 silly tarball no local data for ajv-keywords@https://registry.npmjs.org/ajv-keywords/-/ajv-keywords-5.1.0.tgz. Extracting by manifest.
1046 silly tarball no local data for ajv@https://registry.npmjs.org/ajv/-/ajv-8.11.0.tgz. Extracting by manifest.
1047 silly tarball no local data for yargs-parser@https://registry.npmjs.org/yargs-parser/-/yargs-parser-20.2.9.tgz. Extracting by manifest.
1048 silly tarball no local data for lru-cache@https://registry.npmjs.org/lru-cache/-/lru-cache-6.0.0.tgz. Extracting by manifest.
1049 silly tarball no local data for json-schema-traverse@https://registry.npmjs.org/json-schema-traverse/-/json-schema-traverse-1.0.0.tgz. Extracting by manifest.
1050 silly tarball no local data for glob@https://registry.npmjs.org/glob/-/glob-7.2.3.tgz. Extracting by manifest.
1051 silly tarball no local data for lowercase-keys@https://registry.npmjs.org/lowercase-keys/-/lowercase-keys-2.0.0.tgz. Extracting by manifest.
1052 silly tarball no local data for json-parse-even-better-errors@https://registry.npmjs.org/json-parse-even-better-errors/-/json-parse-even-better-errors-3.0.1.tgz. Extracting by manifest.
1053 silly tarball no local data for json-parse-even-better-errors@https://registry.npmjs.org/json-parse-even-better-errors/-/json-parse-even-better-errors-3.0.1.tgz. Extracting by manifest.
1054 silly tarball no local data for strip-json-comments@https://registry.npmjs.org/strip-json-comments/-/strip-json-comments-2.0.1.tgz. Extracting by manifest.
1055 silly tarball no local data for kleur@https://registry.npmjs.org/kleur/-/kleur-4.1.5.tgz. Extracting by manifest.
1056 silly tarball no local data for ini@https://registry.npmjs.org/ini/-/ini-1.3.8.tgz. Extracting by manifest.
1057 silly tarball no local data for ansi-styles@https://registry.npmjs.org/ansi-styles/-/ansi-styles-5.2.0.tgz. Extracting by manifest.
1058 silly tarball no local data for path-exists@https://registry.npmjs.org/path-exists/-/path-exists-3.0.0.tgz. Extracting by manifest.
1059 silly tarball no local data for p-limit@https://registry.npmjs.org/p-limit/-/p-limit-2.3.0.tgz. Extracting by manifest.
1060 silly tarball no local data for locate-path@https://registry.npmjs.org/locate-path/-/locate-path-3.0.0.tgz. Extracting by manifest.
1061 silly tarball no local data for p-locate@https://registry.npmjs.org/p-locate/-/p-locate-3.0.0.tgz. Extracting by manifest.
1062 silly tarball no local data for find-up@https://registry.npmjs.org/find-up/-/find-up-3.0.0.tgz. Extracting by manifest.
1063 silly tarball no local data for p-limit@https://registry.npmjs.org/p-limit/-/p-limit-2.3.0.tgz. Extracting by manifest.
1064 silly tarball no local data for find-up@https://registry.npmjs.org/find-up/-/find-up-4.1.0.tgz. Extracting by manifest.
1065 silly tarball no local data for locate-path@https://registry.npmjs.org/locate-path/-/locate-path-5.0.0.tgz. Extracting by manifest.
1066 silly tarball no local data for p-locate@https://registry.npmjs.org/p-locate/-/p-locate-4.1.0.tgz. Extracting by manifest.
1067 silly tarball no local data for readable-stream@https://registry.npmjs.org/readable-stream/-/readable-stream-4.5.2.tgz. Extracting by manifest.
1068 silly tarball no local data for help-me@https://registry.npmjs.org/help-me/-/help-me-5.0.0.tgz. Extracting by manifest.
1069 silly tarball no local data for buffer@https://registry.npmjs.org/buffer/-/buffer-6.0.3.tgz. Extracting by manifest.
1070 silly tarball no local data for split2@https://registry.npmjs.org/split2/-/split2-4.2.0.tgz. Extracting by manifest.
1071 silly tarball no local data for readable-stream@https://registry.npmjs.org/readable-stream/-/readable-stream-4.5.2.tgz. Extracting by manifest.
1072 silly tarball no local data for buffer@https://registry.npmjs.org/buffer/-/buffer-6.0.3.tgz. Extracting by manifest.
1073 silly tarball no local data for minipass@https://registry.npmjs.org/minipass/-/minipass-7.0.4.tgz. Extracting by manifest.
1074 silly tarball no local data for lru-cache@https://registry.npmjs.org/lru-cache/-/lru-cache-10.2.0.tgz. Extracting by manifest.
1075 silly tarball no local data for split2@https://registry.npmjs.org/split2/-/split2-4.2.0.tgz. Extracting by manifest.
1076 silly tarball no local data for pg-connection-string@https://registry.npmjs.org/pg-connection-string/-/pg-connection-string-2.6.4.tgz. Extracting by manifest.
1077 silly tarball no local data for fs-minipass@https://registry.npmjs.org/fs-minipass/-/fs-minipass-3.0.3.tgz. Extracting by manifest.
1078 silly tarball no local data for json-schema-traverse@https://registry.npmjs.org/json-schema-traverse/-/json-schema-traverse-1.0.0.tgz. Extracting by manifest.
1079 silly tarball no local data for minipass@https://registry.npmjs.org/minipass/-/minipass-5.0.0.tgz. Extracting by manifest.
1080 silly tarball no local data for ajv@https://registry.npmjs.org/ajv/-/ajv-8.12.0.tgz. Extracting by manifest.
1081 silly tarball no local data for lru-cache@https://registry.npmjs.org/lru-cache/-/lru-cache-7.18.3.tgz. Extracting by manifest.
1082 silly tarball no local data for minipass@https://registry.npmjs.org/minipass/-/minipass-5.0.0.tgz. Extracting by manifest.
1083 silly tarball no local data for hosted-git-info@https://registry.npmjs.org/hosted-git-info/-/hosted-git-info-6.1.1.tgz. Extracting by manifest.
1084 silly tarball no local data for source-map-support@https://registry.npmjs.org/source-map-support/-/source-map-support-0.5.21.tgz. Extracting by manifest.
1085 silly tarball no local data for strip-json-comments@https://registry.npmjs.org/strip-json-comments/-/strip-json-comments-5.0.1.tgz. Extracting by manifest.
1086 silly tarball no local data for ini@https://registry.npmjs.org/ini/-/ini-4.1.2.tgz. Extracting by manifest.
1087 silly tarball no local data for minimatch@https://registry.npmjs.org/minimatch/-/minimatch-9.0.4.tgz. Extracting by manifest.
1088 silly tarball no local data for chalk@https://registry.npmjs.org/chalk/-/chalk-5.3.0.tgz. Extracting by manifest.
1089 silly tarball no local data for brace-expansion@https://registry.npmjs.org/brace-expansion/-/brace-expansion-2.0.1.tgz. Extracting by manifest.
1090 silly tarball no local data for rimraf@https://registry.npmjs.org/rimraf/-/rimraf-5.0.5.tgz. Extracting by manifest.
1091 silly tarball no local data for strip-ansi@https://registry.npmjs.org/strip-ansi/-/strip-ansi-7.1.0.tgz. Extracting by manifest.
1092 silly tarball no local data for nopt@https://registry.npmjs.org/nopt/-/nopt-6.0.0.tgz. Extracting by manifest.
1093 silly tarball no local data for unique-filename@https://registry.npmjs.org/unique-filename/-/unique-filename-2.0.1.tgz. Extracting by manifest.
1094 silly tarball no local data for minipass@https://registry.npmjs.org/minipass/-/minipass-7.0.4.tgz. Extracting by manifest.
1095 silly tarball no local data for minipass-fetch@https://registry.npmjs.org/minipass-fetch/-/minipass-fetch-2.1.2.tgz. Extracting by manifest.
1096 silly tarball no local data for make-fetch-happen@https://registry.npmjs.org/make-fetch-happen/-/make-fetch-happen-10.2.1.tgz. Extracting by manifest.
1097 silly tarball no local data for glob@https://registry.npmjs.org/glob/-/glob-7.2.3.tgz. Extracting by manifest.
1098 silly tarball no local data for ansi-regex@https://registry.npmjs.org/ansi-regex/-/ansi-regex-6.0.1.tgz. Extracting by manifest.
1099 silly tarball no local data for lru-cache@https://registry.npmjs.org/lru-cache/-/lru-cache-7.18.3.tgz. Extracting by manifest.
1100 silly tarball no local data for brace-expansion@https://registry.npmjs.org/brace-expansion/-/brace-expansion-2.0.1.tgz. Extracting by manifest.
1101 silly tarball no local data for unique-slug@https://registry.npmjs.org/unique-slug/-/unique-slug-3.0.0.tgz. Extracting by manifest.
1102 silly tarball no local data for lru-cache@https://registry.npmjs.org/lru-cache/-/lru-cache-7.18.3.tgz. Extracting by manifest.
1103 silly tarball no local data for jest-worker@https://registry.npmjs.org/jest-worker/-/jest-worker-27.5.1.tgz. Extracting by manifest.
1104 silly tarball no local data for @npmcli/fs@https://registry.npmjs.org/@npmcli/fs/-/fs-2.1.2.tgz. Extracting by manifest.
1105 silly tarball no local data for cacache@https://registry.npmjs.org/cacache/-/cacache-16.1.3.tgz. Extracting by manifest.
1106 silly tarball no local data for hosted-git-info@https://registry.npmjs.org/hosted-git-info/-/hosted-git-info-6.1.1.tgz. Extracting by manifest.
1107 silly tarball no local data for minimatch@https://registry.npmjs.org/minimatch/-/minimatch-5.1.6.tgz. Extracting by manifest.
1108 silly tarball no local data for lru-cache@https://registry.npmjs.org/lru-cache/-/lru-cache-7.18.3.tgz. Extracting by manifest.
1109 silly tarball no local data for minipass@https://registry.npmjs.org/minipass/-/minipass-5.0.0.tgz. Extracting by manifest.
1110 silly tarball no local data for minipass@https://registry.npmjs.org/minipass/-/minipass-7.0.4.tgz. Extracting by manifest.
1111 silly tarball no local data for glob@https://registry.npmjs.org/glob/-/glob-8.1.0.tgz. Extracting by manifest.
1112 silly tarball no local data for nopt@https://registry.npmjs.org/nopt/-/nopt-7.2.0.tgz. Extracting by manifest.
1113 silly tarball no local data for yallist@https://registry.npmjs.org/yallist/-/yallist-3.1.1.tgz. Extracting by manifest.
1114 silly tarball no local data for abbrev@https://registry.npmjs.org/abbrev/-/abbrev-2.0.0.tgz. Extracting by manifest.
1115 silly tarball no local data for supports-color@https://registry.npmjs.org/supports-color/-/supports-color-8.1.1.tgz. Extracting by manifest.
1116 silly tarball no local data for camelcase@https://registry.npmjs.org/camelcase/-/camelcase-6.3.0.tgz. Extracting by manifest.
1117 silly tarball no local data for glob@https://registry.npmjs.org/glob/-/glob-7.2.3.tgz. Extracting by manifest.
1118 silly tarball no local data for glob@https://registry.npmjs.org/glob/-/glob-7.2.3.tgz. Extracting by manifest.
1119 silly tarball no local data for minimatch@https://registry.npmjs.org/minimatch/-/minimatch-9.0.4.tgz. Extracting by manifest.
1120 silly tarball no local data for acorn@https://registry.npmjs.org/acorn/-/acorn-7.4.1.tgz. Extracting by manifest.
1121 silly tarball no local data for brace-expansion@https://registry.npmjs.org/brace-expansion/-/brace-expansion-2.0.1.tgz. Extracting by manifest.
1122 silly tarball no local data for ssri@https://registry.npmjs.org/ssri/-/ssri-9.0.1.tgz. Extracting by manifest.
1123 silly tarball no local data for minimatch@https://registry.npmjs.org/minimatch/-/minimatch-5.1.6.tgz. Extracting by manifest.
1124 silly tarball no local data for brace-expansion@https://registry.npmjs.org/brace-expansion/-/brace-expansion-2.0.1.tgz. Extracting by manifest.
1125 silly tarball no local data for glob@https://registry.npmjs.org/glob/-/glob-8.1.0.tgz. Extracting by manifest.
1126 silly tarball no local data for minimatch@https://registry.npmjs.org/minimatch/-/minimatch-9.0.4.tgz. Extracting by manifest.
1127 silly tarball no local data for brace-expansion@https://registry.npmjs.org/brace-expansion/-/brace-expansion-2.0.1.tgz. Extracting by manifest.
1128 silly tarball no local data for lru-cache@https://registry.npmjs.org/lru-cache/-/lru-cache-7.18.3.tgz. Extracting by manifest.
1129 silly tarball no local data for minipass@https://registry.npmjs.org/minipass/-/minipass-7.0.4.tgz. Extracting by manifest.
1130 silly tarball no local data for fastify-plugin@https://registry.npmjs.org/fastify-plugin/-/fastify-plugin-4.5.1.tgz. Extracting by manifest.
1131 silly tarball no local data for knex@https://registry.npmjs.org/knex/-/knex-2.5.1.tgz. Extracting by manifest.
1132 silly tarball no local data for signal-exit@https://registry.npmjs.org/signal-exit/-/signal-exit-4.1.0.tgz. Extracting by manifest.
1133 silly tarball no local data for pg-connection-string@https://registry.npmjs.org/pg-connection-string/-/pg-connection-string-2.6.1.tgz. Extracting by manifest.
1134 silly tarball no local data for pino-pretty@https://registry.npmjs.org/pino-pretty/-/pino-pretty-10.3.1.tgz. Extracting by manifest.
1135 silly tarball no local data for fastify-plugin@https://registry.npmjs.org/fastify-plugin/-/fastify-plugin-4.5.1.tgz. Extracting by manifest.
1136 silly tarball no local data for readable-stream@https://registry.npmjs.org/readable-stream/-/readable-stream-4.5.2.tgz. Extracting by manifest.
1137 silly tarball no local data for buffer@https://registry.npmjs.org/buffer/-/buffer-6.0.3.tgz. Extracting by manifest.
1138 silly tarball no local data for ajv-formats@https://registry.npmjs.org/ajv-formats/-/ajv-formats-3.0.1.tgz. Extracting by manifest.
1139 silly tarball no local data for resolve-from@https://registry.npmjs.org/resolve-from/-/resolve-from-4.0.0.tgz. Extracting by manifest.
1140 silly tarball no local data for json-schema-traverse@https://registry.npmjs.org/json-schema-traverse/-/json-schema-traverse-1.0.0.tgz. Extracting by manifest.
1141 silly tarball no local data for semver@https://registry.npmjs.org/semver/-/semver-6.3.1.tgz. Extracting by manifest.
1142 silly tarball no local data for fastify-plugin@https://registry.npmjs.org/fastify-plugin/-/fastify-plugin-4.5.1.tgz. Extracting by manifest.
1143 silly tarball no local data for ajv@https://registry.npmjs.org/ajv/-/ajv-8.12.0.tgz. Extracting by manifest.
1144 silly tarball no local data for doctrine@https://registry.npmjs.org/doctrine/-/doctrine-2.1.0.tgz. Extracting by manifest.
1145 silly tarball no local data for glob-parent@https://registry.npmjs.org/glob-parent/-/glob-parent-5.1.2.tgz. Extracting by manifest.
1146 silly tarball no local data for eslint-visitor-keys@https://registry.npmjs.org/eslint-visitor-keys/-/eslint-visitor-keys-4.0.0.tgz. Extracting by manifest.
1147 silly tarball no local data for debug@https://registry.npmjs.org/debug/-/debug-3.2.7.tgz. Extracting by manifest.
1148 silly tarball no local data for debug@https://registry.npmjs.org/debug/-/debug-3.2.7.tgz. Extracting by manifest.
1149 silly tarball no local data for help-me@https://registry.npmjs.org/help-me/-/help-me-5.0.0.tgz. Extracting by manifest.
1150 silly tarball no local data for debug@https://registry.npmjs.org/debug/-/debug-3.2.7.tgz. Extracting by manifest.
1151 silly tarball no local data for semver@https://registry.npmjs.org/semver/-/semver-6.3.1.tgz. Extracting by manifest.
1152 silly tarball no local data for escape-string-regexp@https://registry.npmjs.org/escape-string-regexp/-/escape-string-regexp-4.0.0.tgz. Extracting by manifest.
1153 silly tarball no local data for globals@https://registry.npmjs.org/globals/-/globals-13.24.0.tgz. Extracting by manifest.
1154 silly tarball no local data for minimatch@https://registry.npmjs.org/minimatch/-/minimatch-9.0.1.tgz. Extracting by manifest.
1155 silly tarball no local data for espree@https://registry.npmjs.org/espree/-/espree-9.6.1.tgz. Extracting by manifest.
1156 silly tarball no local data for brace-expansion@https://registry.npmjs.org/brace-expansion/-/brace-expansion-2.0.1.tgz. Extracting by manifest.
1157 silly tarball no local data for @eslint/eslintrc@https://registry.npmjs.org/@eslint/eslintrc/-/eslintrc-2.1.4.tgz. Extracting by manifest.
1158 silly tarball no local data for mimic-response@https://registry.npmjs.org/mimic-response/-/mimic-response-3.1.0.tgz. Extracting by manifest.
1159 silly tarball no local data for type-fest@https://registry.npmjs.org/type-fest/-/type-fest-1.4.0.tgz. Extracting by manifest.
1160 silly tarball no local data for @eslint/js@https://registry.npmjs.org/@eslint/js/-/js-8.57.0.tgz. Extracting by manifest.
1161 silly tarball no local data for fastify-plugin@https://registry.npmjs.org/fastify-plugin/-/fastify-plugin-2.3.4.tgz. Extracting by manifest.
1162 silly tarball no local data for supports-color@https://registry.npmjs.org/supports-color/-/supports-color-8.1.1.tgz. Extracting by manifest.
1163 silly tarball no local data for ms@https://registry.npmjs.org/ms/-/ms-2.1.2.tgz. Extracting by manifest.
1164 silly tarball no local data for ini@https://registry.npmjs.org/ini/-/ini-1.3.8.tgz. Extracting by manifest.
1165 silly tarball no local data for lowercase-keys@https://registry.npmjs.org/lowercase-keys/-/lowercase-keys-2.0.0.tgz. Extracting by manifest.
1166 silly tarball no local data for glob-parent@https://registry.npmjs.org/glob-parent/-/glob-parent-5.1.2.tgz. Extracting by manifest.
1167 silly tarball no local data for wrap-ansi@https://registry.npmjs.org/wrap-ansi/-/wrap-ansi-7.0.0.tgz. Extracting by manifest.
1168 silly tarball no local data for get-stream@https://registry.npmjs.org/get-stream/-/get-stream-5.2.0.tgz. Extracting by manifest.
1169 silly tarball no local data for unique-filename@https://registry.npmjs.org/unique-filename/-/unique-filename-3.0.0.tgz. Extracting by manifest.
1170 silly tarball no local data for minipass@https://registry.npmjs.org/minipass/-/minipass-7.0.4.tgz. Extracting by manifest.
1171 silly tarball no local data for unique-slug@https://registry.npmjs.org/unique-slug/-/unique-slug-4.0.0.tgz. Extracting by manifest.
1172 silly tarball no local data for lru-cache@https://registry.npmjs.org/lru-cache/-/lru-cache-7.18.3.tgz. Extracting by manifest.
1173 silly tarball no local data for fs-minipass@https://registry.npmjs.org/fs-minipass/-/fs-minipass-3.0.3.tgz. Extracting by manifest.
1174 silly tarball no local data for strip-ansi@https://registry.npmjs.org/strip-ansi/-/strip-ansi-7.0.1.tgz. Extracting by manifest.
1175 silly tarball no local data for string-width@https://registry.npmjs.org/string-width/-/string-width-5.1.2.tgz. Extracting by manifest.
1176 silly tarball no local data for type-fest@https://registry.npmjs.org/type-fest/-/type-fest-2.19.0.tgz. Extracting by manifest.
1177 silly tarball no local data for emoji-regex@https://registry.npmjs.org/emoji-regex/-/emoji-regex-9.2.2.tgz. Extracting by manifest.
1178 silly tarball no local data for write-file-atomic@https://registry.npmjs.org/write-file-atomic/-/write-file-atomic-3.0.3.tgz. Extracting by manifest.
1179 silly tarball no local data for chalk@https://registry.npmjs.org/chalk/-/chalk-5.0.1.tgz. Extracting by manifest.
1180 silly tarball no local data for istanbul-lib-instrument@https://registry.npmjs.org/istanbul-lib-instrument/-/istanbul-lib-instrument-5.2.1.tgz. Extracting by manifest.
1181 silly tarball no local data for ansi-regex@https://registry.npmjs.org/ansi-regex/-/ansi-regex-6.0.1.tgz. Extracting by manifest.
1182 silly tarball no local data for semver@https://registry.npmjs.org/semver/-/semver-6.3.1.tgz. Extracting by manifest.
1183 silly tarball no local data for type-fest@https://registry.npmjs.org/type-fest/-/type-fest-0.21.3.tgz. Extracting by manifest.
1184 silly tarball no local data for json-schema-traverse@https://registry.npmjs.org/json-schema-traverse/-/json-schema-traverse-1.0.0.tgz. Extracting by manifest.
1185 silly tarball no local data for depd@https://registry.npmjs.org/depd/-/depd-1.1.2.tgz. Extracting by manifest.
1186 silly tarball no local data for minimatch@https://registry.npmjs.org/minimatch/-/minimatch-9.0.4.tgz. Extracting by manifest.
1187 silly tarball no local data for ajv@https://registry.npmjs.org/ajv/-/ajv-8.11.0.tgz. Extracting by manifest.
1188 silly tarball no local data for brace-expansion@https://registry.npmjs.org/brace-expansion/-/brace-expansion-2.0.1.tgz. Extracting by manifest.
1189 silly tarball no local data for lru-cache@https://registry.npmjs.org/lru-cache/-/lru-cache-7.18.3.tgz. Extracting by manifest.
1190 silly tarball no local data for which@https://registry.npmjs.org/which/-/which-3.0.1.tgz. Extracting by manifest.
1191 silly tarball no local data for which@https://registry.npmjs.org/which/-/which-3.0.1.tgz. Extracting by manifest.
1192 silly tarball no local data for which@https://registry.npmjs.org/which/-/which-3.0.1.tgz. Extracting by manifest.
1193 silly tarball no local data for p-locate@https://registry.npmjs.org/p-locate/-/p-locate-4.1.0.tgz. Extracting by manifest.
1194 silly tarball no local data for locate-path@https://registry.npmjs.org/locate-path/-/locate-path-5.0.0.tgz. Extracting by manifest.
1195 silly tarball no local data for js-yaml@https://registry.npmjs.org/js-yaml/-/js-yaml-3.14.1.tgz. Extracting by manifest.
1196 silly tarball no local data for p-limit@https://registry.npmjs.org/p-limit/-/p-limit-2.3.0.tgz. Extracting by manifest.
1197 silly tarball no local data for find-up@https://registry.npmjs.org/find-up/-/find-up-4.1.0.tgz. Extracting by manifest.
1198 silly tarball no local data for camelcase@https://registry.npmjs.org/camelcase/-/camelcase-7.0.0.tgz. Extracting by manifest.
1199 silly tarball no local data for argparse@https://registry.npmjs.org/argparse/-/argparse-1.0.10.tgz. Extracting by manifest.
1200 silly tarball no local data for strip-ansi@https://registry.npmjs.org/strip-ansi/-/strip-ansi-7.1.0.tgz. Extracting by manifest.
1201 silly tarball no local data for ansi-regex@https://registry.npmjs.org/ansi-regex/-/ansi-regex-6.0.1.tgz. Extracting by manifest.
1202 silly tarball no local data for glob@https://registry.npmjs.org/glob/-/glob-7.2.3.tgz. Extracting by manifest.
1203 silly tarball no local data for fastify-plugin@https://registry.npmjs.org/fastify-plugin/-/fastify-plugin-4.2.0.tgz. Extracting by manifest.
1204 silly tarball no local data for fastify-plugin@https://registry.npmjs.org/fastify-plugin/-/fastify-plugin-4.5.1.tgz. Extracting by manifest.
1205 silly tarball no local data for fastify-plugin@https://registry.npmjs.org/fastify-plugin/-/fastify-plugin-4.2.0.tgz. Extracting by manifest.
1206 silly tarball no local data for fastify-plugin@https://registry.npmjs.org/fastify-plugin/-/fastify-plugin-4.5.1.tgz. Extracting by manifest.
1207 silly tarball no local data for fastify-plugin@https://registry.npmjs.org/fastify-plugin/-/fastify-plugin-4.5.1.tgz. Extracting by manifest.
1208 silly tarball no local data for fastify-plugin@https://registry.npmjs.org/fastify-plugin/-/fastify-plugin-4.5.1.tgz. Extracting by manifest.
1209 silly tarball no local data for fastify-plugin@https://registry.npmjs.org/fastify-plugin/-/fastify-plugin-4.5.1.tgz. Extracting by manifest.
1210 silly tarball no local data for json-schema-traverse@https://registry.npmjs.org/json-schema-traverse/-/json-schema-traverse-1.0.0.tgz. Extracting by manifest.
1211 silly tarball no local data for ajv@https://registry.npmjs.org/ajv/-/ajv-8.12.0.tgz. Extracting by manifest.
1212 silly tarball no local data for globals@https://registry.npmjs.org/globals/-/globals-11.12.0.tgz. Extracting by manifest.
1213 silly tarball no local data for supports-color@https://registry.npmjs.org/supports-color/-/supports-color-5.5.0.tgz. Extracting by manifest.
1214 silly tarball no local data for emoji-regex@https://registry.npmjs.org/emoji-regex/-/emoji-regex-9.2.2.tgz. Extracting by manifest.
1215 silly tarball no local data for string-width@https://registry.npmjs.org/string-width/-/string-width-5.1.2.tgz. Extracting by manifest.
1216 silly tarball no local data for has-flag@https://registry.npmjs.org/has-flag/-/has-flag-3.0.0.tgz. Extracting by manifest.
1217 silly tarball no local data for globals@https://registry.npmjs.org/globals/-/globals-14.0.0.tgz. Extracting by manifest.
1218 silly tarball no local data for color-convert@https://registry.npmjs.org/color-convert/-/color-convert-1.9.3.tgz. Extracting by manifest.
1219 silly tarball no local data for color-name@https://registry.npmjs.org/color-name/-/color-name-1.1.3.tgz. Extracting by manifest.
1220 silly tarball no local data for chalk@https://registry.npmjs.org/chalk/-/chalk-2.4.2.tgz. Extracting by manifest.
1221 silly tarball no local data for ansi-styles@https://registry.npmjs.org/ansi-styles/-/ansi-styles-3.2.1.tgz. Extracting by manifest.
1222 silly tarball no local data for semver@https://registry.npmjs.org/semver/-/semver-6.3.1.tgz. Extracting by manifest.
1223 silly tarball no local data for semver@https://registry.npmjs.org/semver/-/semver-6.3.1.tgz. Extracting by manifest.
1224 http fetch GET 200 https://registry.npmjs.org/yocto-queue/-/yocto-queue-0.1.0.tgz 2821ms (cache miss)
1225 timing reifyNode:node_modules/yocto-queue Completed in 4789ms
1226 http fetch GET 200 https://registry.npmjs.org/@babel%2fhelpers 3202ms (cache miss)
1227 timing metavuln:packument:@babel/helpers Completed in 3203ms
1228 timing metavuln:load:security-advisory:@babel/helpers:1104001 Completed in 4ms
1229 timing metavuln:cache:put:security-advisory:@babel/helpers:+NsF1flAI8VENgJn0XVIWaC4lCe3b89AZgBOx219qXn/BdXH1EWl/yD49aHbhQimIG4kna8zgkunsmpiAVwNPQ== Completed in 40ms
1230 timing metavuln:calculate:security-advisory:@babel/helpers:1104001 Completed in 3250ms
1231 http fetch GET 200 https://registry.npmjs.org/dottie 4462ms (cache miss)
1232 timing metavuln:packument:dottie Completed in 4462ms
1233 timing metavuln:load:security-advisory:dottie:1113536 Completed in 0ms
1234 http fetch GET 200 https://registry.npmjs.org/cookie 4476ms (cache miss)
1235 timing metavuln:packument:cookie Completed in 4477ms
1236 timing metavuln:load:security-advisory:cookie:1103907 Completed in 0ms
1237 http fetch GET 200 https://registry.npmjs.org/braces 4522ms (cache miss)
1238 timing metavuln:packument:braces Completed in 4525ms
1239 timing metavuln:load:security-advisory:braces:1098094 Completed in 1ms
1240 http fetch GET 200 https://registry.npmjs.org/cross-spawn 4547ms (cache miss)
1241 timing metavuln:packument:cross-spawn Completed in 4548ms
1242 timing metavuln:load:security-advisory:cross-spawn:1104664 Completed in 0ms
1243 http fetch GET 200 https://registry.npmjs.org/@tootallnate%2fonce 4623ms (cache miss)
1244 timing metavuln:packument:@tootallnate/once Completed in 4623ms
1245 timing metavuln:load:security-advisory:@tootallnate/once:1113977 Completed in 0ms
1246 http fetch GET 200 https://registry.npmjs.org/flatted 4639ms (cache miss)
1247 timing metavuln:packument:flatted Completed in 4640ms
1248 timing metavuln:load:security-advisory:flatted:1114526 Completed in 1ms
1249 http fetch GET 200 https://registry.npmjs.org/lodash 4649ms (cache miss)
1250 timing metavuln:packument:lodash Completed in 4650ms
1251 timing metavuln:load:security-advisory:lodash:1112455 Completed in 2ms
1252 http fetch GET 200 https://registry.npmjs.org/js-yaml 4662ms (cache miss)
1253 timing metavuln:packument:js-yaml Completed in 4665ms
1254 timing metavuln:load:security-advisory:js-yaml:1112714 Completed in 3ms
1255 timing metavuln:load:security-advisory:js-yaml:1112715 Completed in 2ms
1256 timing metavuln:cache:put:security-advisory:dottie:0ACVlgh2XixrZ76V6Aw4AGmXe/vScI8AGIUQKFGZaYZxp4MyNabKSDBfLcT9XlERSFeHYQ9hiMRtZaHo1b3mTw== Completed in 375ms
1257 timing metavuln:calculate:security-advisory:dottie:1113536 Completed in 4838ms
1258 timing metavuln:cache:put:security-advisory:cookie:EFt7h/FZLeopARa06+F2CBY5ItUm007mP/cHgZjTJZX1MeIwg3JD7toSioRoDeE8wm5VdkimqlS+CnuPhZqbIg== Completed in 362ms
1259 timing metavuln:calculate:security-advisory:cookie:1103907 Completed in 4841ms
1260 http fetch GET 200 https://registry.npmjs.org/brace-expansion 4842ms (cache miss)
1261 timing metavuln:packument:brace-expansion Completed in 4843ms
1262 timing metavuln:load:security-advisory:brace-expansion:1105443 Completed in 1ms
1263 timing metavuln:load:security-advisory:brace-expansion:1105444 Completed in 1ms
1264 timing metavuln:cache:put:security-advisory:braces:JiXBFkEDkUnBQLw3PO6emUmmm2JXqgEbh+FhB3SNDS8k6Z0wM20irrfaOjjxYuMxZaKaDudvR037mtEoeqZzXw== Completed in 356ms
1265 timing metavuln:calculate:security-advisory:braces:1098094 Completed in 4883ms
1266 timing metavuln:cache:put:security-advisory:cross-spawn:PBcc/5P1UEO/1Ba/jUNR65wOzs1wU0Y+m+OOSfB57dG5EajzjbqRMRm0l7MWqcJgHDYM5GoZ36Hm7qAYFlIH3A== Completed in 343ms
1267 timing metavuln:calculate:security-advisory:cross-spawn:1104664 Completed in 4893ms
1268 http fetch GET 200 https://registry.npmjs.org/ip 4898ms (cache miss)
1269 timing metavuln:packument:ip Completed in 4898ms
1270 timing metavuln:load:security-advisory:ip:1101851 Completed in 0ms
1271 timing metavuln:load:security-advisory:ip:1114832 Completed in 1ms
1272 timing metavuln:cache:put:security-advisory:@tootallnate/once:Bij+qufwr7God+MYI0JIFJYEDFT3IlGllIhDaMb6DB6UZOYpGBBfXc1Jq59Wdg/M2NdGRUO2+zYnIEZHW42YDw== Completed in 294ms
1273 timing metavuln:calculate:security-advisory:@tootallnate/once:1113977 Completed in 4919ms
1274 timing metavuln:cache:put:security-advisory:flatted:oa7V2KnuHnLCPcrXFvcQLRAa1NASGJm9yZ+B92xpfwxan7PZyVrZjYAHt6LB51PFfA2mM8KGE+VHR+U5X/2uZw== Completed in 277ms
1275 timing metavuln:calculate:security-advisory:flatted:1114526 Completed in 4919ms
1276 http fetch GET 200 https://registry.npmjs.org/find-my-way 4925ms (cache miss)
1277 timing metavuln:packument:find-my-way Completed in 4931ms
1278 timing metavuln:load:security-advisory:find-my-way:1099853 Completed in 3ms
1279 http fetch GET 200 https://registry.npmjs.org/pug 4931ms (cache miss)
1280 timing metavuln:packument:pug Completed in 4933ms
1281 timing metavuln:load:security-advisory:pug:1104111 Completed in 1ms
1282 timing metavuln:cache:put:security-advisory:js-yaml:621IdjBdZEeVoUcjWGl1jXN0jFDGaf7dIQMeaPVKf5MxqYprJztiOC0OHOUPVoayh7Cq/fTC8L5CqEb98qlE7w== Completed in 287ms
1283 timing metavuln:calculate:security-advisory:js-yaml:1112715 Completed in 4958ms
1284 timing metavuln:cache:put:security-advisory:lodash:OGNA5lR8rR8aeucWHqvJLBV5oaroI/lF2JfG9J2l63dx9uiGUyHuI4ymC6nv+dqWwxtqCIMcqBukiWYEiF5/RQ== Completed in 309ms
1285 timing metavuln:calculate:security-advisory:lodash:1112455 Completed in 4961ms
1286 http fetch GET 200 https://registry.npmjs.org/glob 4965ms (cache miss)
1287 timing metavuln:packument:glob Completed in 4968ms
1288 timing metavuln:load:security-advisory:glob:1109842 Completed in 2ms
1289 timing metavuln:cache:put:security-advisory:js-yaml:MQ5RokLIvrWmT8/NQU0dD+jQ+6pFslHlaXx1Z5q7mESITohR8AwLT525ddIc2KvKZYbB1p5yclW3kV4xeRYXEg== Completed in 311ms
1290 timing metavuln:calculate:security-advisory:js-yaml:1112714 Completed in 4979ms
1291 http fetch GET 200 https://registry.npmjs.org/path-to-regexp 4999ms (cache miss)
1292 timing metavuln:packument:path-to-regexp Completed in 5001ms
1293 timing metavuln:load:security-advisory:path-to-regexp:1101846 Completed in 1ms
1294 http fetch GET 200 https://registry.npmjs.org/minimatch 5012ms (cache miss)
1295 timing metavuln:packument:minimatch Completed in 5014ms
1296 timing metavuln:load:security-advisory:minimatch:1113459 Completed in 1ms
1297 timing metavuln:load:security-advisory:minimatch:1113461 Completed in 2ms
1298 timing metavuln:load:security-advisory:minimatch:1113465 Completed in 1ms
1299 timing metavuln:load:security-advisory:minimatch:1113538 Completed in 1ms
1300 timing metavuln:load:security-advisory:minimatch:1113540 Completed in 2ms
1301 timing metavuln:load:security-advisory:minimatch:1113544 Completed in 1ms
1302 timing metavuln:load:security-advisory:minimatch:1113546 Completed in 4ms
1303 timing metavuln:load:security-advisory:minimatch:1113548 Completed in 1ms
1304 timing metavuln:load:security-advisory:minimatch:1113552 Completed in 2ms
1305 http fetch GET 200 https://registry.npmjs.org/markdown-it 5057ms (cache miss)
1306 timing metavuln:packument:markdown-it Completed in 5060ms
1307 timing metavuln:load:security-advisory:markdown-it:1113190 Completed in 1ms
1308 timing metavuln:cache:put:security-advisory:brace-expansion:mClmYqWawCNXseeTBHWiIwZH/2CmFUqPCmosJIeOhAgD9z1v3SayhHAwaWVo8wmeKU/JN9VP4zDBeXaqy3Ay2A== Completed in 245ms
1309 timing metavuln:calculate:security-advisory:brace-expansion:1105444 Completed in 5090ms
1310 http fetch GET 200 https://registry.npmjs.org/serialize-javascript 5104ms (cache miss)
1311 timing metavuln:packument:serialize-javascript Completed in 5105ms
1312 timing metavuln:load:security-advisory:serialize-javascript:1113686 Completed in 1ms
1313 timing metavuln:cache:put:security-advisory:brace-expansion:7IQMvcVTr+svbh5KCx4Kl6FQKJ1GciM03BnJAve/5WYJjUeRzKAIrStVpfachbl3T6a7o8nYlQEVG6Ih0TNXRg== Completed in 295ms
1314 timing metavuln:calculate:security-advisory:brace-expansion:1105443 Completed in 5139ms
1315 http fetch GET 200 https://registry.npmjs.org/tar-fs 5254ms (cache miss)
1316 timing metavuln:packument:tar-fs Completed in 5255ms
1317 timing metavuln:load:security-advisory:tar-fs:1109532 Completed in 1ms
1318 timing metavuln:load:security-advisory:tar-fs:1109543 Completed in 1ms
1319 timing metavuln:load:security-advisory:tar-fs:1109552 Completed in 1ms
1320 timing metavuln:cache:put:security-advisory:ip:FcMhhitnipE8n5zCPiVRq2NLRNmu7UZkoO9lrM5CRC/emGwY5wSoa1+q1Q1Z8SPpfXO9tzox/MNRv7luhyJvqg== Completed in 601ms
1321 timing metavuln:calculate:security-advisory:ip:1101851 Completed in 5501ms
1322 timing metavuln:cache:put:security-advisory:ip:kueZWtHx2OlOfcgg7jCuzsMg1G+hSWSz46I4qS9A9YkI1yyLIkm6qmb9EAp6afwx9qKW96Z5AKmkLgtElUvJrg== Completed in 601ms
1323 timing metavuln:calculate:security-advisory:ip:1114832 Completed in 5502ms
1324 http fetch GET 200 https://registry.npmjs.org/pug-code-gen 5646ms (cache miss)
1325 timing metavuln:packument:pug-code-gen Completed in 5649ms
1326 timing metavuln:load:security-advisory:pug-code-gen:1104107 Completed in 1ms
1327 timing metavuln:cache:put:security-advisory:pug:q1QCNIb5doZm6I3eRGcu7TI0K8fyc7dAf2McLW9B8u9n+aVFF2mdYrDZecswkGEqvp/OYAJdtseKaRANUQq8pQ== Completed in 1038ms
1328 timing metavuln:calculate:security-advisory:pug:1104111 Completed in 5972ms
1329 timing metavuln:cache:put:security-advisory:find-my-way:ncPGiupWBmuLy3osYbi6NeA3zAkV0H2ETbz204QySGfjGMvhOUrckXpvAqjVyzsYU9NNJZrPHuMSulTPi+/bfw== Completed in 1041ms
1330 timing metavuln:calculate:security-advisory:find-my-way:1099853 Completed in 5976ms
1331 http fetch GET 200 https://registry.npmjs.org/micromatch 6117ms (cache miss)
1332 timing metavuln:packument:micromatch Completed in 6120ms
1333 timing metavuln:load:security-advisory:micromatch:1098681 Completed in 1ms
1334 timing metavuln:cache:put:security-advisory:glob:NTB2XjbDOgk4lkd8PZ3tUAm1F3E/ohGF6rl9/3LEO7Z0FDzSR5nWwzd3nUENA3NCNdyeR+35DOC12wPml2IV+g== Completed in 1154ms
1335 timing metavuln:calculate:security-advisory:glob:1109842 Completed in 6126ms
1336 timing metavuln:cache:put:security-advisory:path-to-regexp:TmkHz1g6xKc2pnDD1h6+ZDKMikxz0M1BBY/wyR9ER8446AKOUk6gXjoSR2douZ5enAllzNSKaynTW1H+LBi1CA== Completed in 1154ms
1337 timing metavuln:calculate:security-advisory:path-to-regexp:1101846 Completed in 6157ms
1338 timing metavuln:cache:put:security-advisory:minimatch:txOieOIAfgHfBPiN09+pYAjPLRzgUOz3D3illtf9vTzeqs41QJZjfj5jVXCi/3ICpBX0YlJi/ghdWSjCJwNtwA== Completed in 1223ms
1339 timing metavuln:calculate:security-advisory:minimatch:1113540 Completed in 6249ms
1340 timing metavuln:cache:put:security-advisory:minimatch:/utMkAt3a6jSPsaWIJ1J7tAb7G+ccGxNsymbhFTVWOMIyhRZOJ9QR0zn1SNtejrdUO5fsO4RDJKDMI6C5/bkuw== Completed in 1232ms
1341 timing metavuln:calculate:security-advisory:minimatch:1113461 Completed in 6252ms
1342 timing metavuln:cache:put:security-advisory:minimatch:tdaAHfWGUw/nl/W8ALWVH+LvG2E3gvo3P2FI/fVPxm3aZteLxWMOEuk/9iDk5O0/cZN/GRXnabt/mW/bfUoL/g== Completed in 1223ms
1343 timing metavuln:calculate:security-advisory:minimatch:1113546 Completed in 6256ms
1344 timing metavuln:cache:put:security-advisory:minimatch:kx7kRjUmjSYmgQBpfsU82Na4xORZqvqpRRSlOyPLadasPBl0YfFJCjIETC00BG7Gd2omQLizgz8/GnnE/hk+Jw== Completed in 1239ms
1345 timing metavuln:calculate:security-advisory:minimatch:1113538 Completed in 6261ms
1346 timing metavuln:cache:put:security-advisory:minimatch:V/3cIcyAQcG1bwuH0e0PI9Qt5WRtbvb/WOz2mBxAfNzXf+Dvs9G1X05eHjnPq2b0TJY4zXXpqhCAkRAipgk3iQ== Completed in 1527ms
1347 timing metavuln:calculate:security-advisory:minimatch:1113459 Completed in 6545ms
1348 timing metavuln:cache:put:security-advisory:minimatch:tJ9Z2VGWqiQfLaVKxc9K/6Rz1g70Mpl3An4UK+K1lyHdz27vYPzhMIkC4jRGAN2wpssY+8l13Ql259B6zkaX/Q== Completed in 1518ms
1349 timing metavuln:calculate:security-advisory:minimatch:1113544 Completed in 6545ms
1350 timing metavuln:cache:put:security-advisory:minimatch:d1vHbFmApmPZ8D7tU5wibuYDk+ODEPdqBqmhQYykwFs/yMixetMkwY01zYVdWNOsg0NvkvSTlNgJ2ddzclruSA== Completed in 1513ms
1351 timing metavuln:calculate:security-advisory:minimatch:1113548 Completed in 6546ms
1352 timing metavuln:cache:put:security-advisory:minimatch:B00WbbnnDNaFGA7l9BgrTioYpRMzU4+U8SUF8cn65LwArJAK0O380QwyP/UyxPr7i9XUjX9/AADC41/edu9OrA== Completed in 1527ms
1353 timing metavuln:calculate:security-advisory:minimatch:1113465 Completed in 6547ms
1354 timing metavuln:cache:put:security-advisory:minimatch:IBqefxF0lKwSFXzwGHp5L8khqSaPYY99x0GHtXNH4YxtdIexeL4FFPzrnnBvkhgmGDEWHo3XAgpPYGyM1jidQQ== Completed in 1609ms
1355 timing metavuln:calculate:security-advisory:minimatch:1113552 Completed in 6644ms
1356 timing metavuln:cache:put:security-advisory:markdown-it:745Vt4mrHCdT8gFHVh7oHROmP4aH4fErXXhbpeVBhtIHmsxTVI7P3rJSdfXZ1iZTBS6GEnTERL4OWUfc4Co9jQ== Completed in 1735ms
1357 timing metavuln:calculate:security-advisory:markdown-it:1113190 Completed in 6797ms
1358 timing metavuln:cache:put:security-advisory:serialize-javascript:VNhzhjSQJJPSfVWQUXMpEy6hsW23faurQllLlGbSJ7QrUHjncb9PKDTQYw8APRVBzMug+7YJc5EWXV6SYvPIiw== Completed in 1894ms
1359 timing metavuln:calculate:security-advisory:serialize-javascript:1113686 Completed in 7006ms
1360 timing metavuln:cache:put:security-advisory:tar-fs:cvuUIK3mvYU/u7TShVqDjuuoWy7Jgl2iyysqZzndeGLLwvbCDiePQ/rot9wwSNqpYc8yRaszF/7dU1Uelp1dUw== Completed in 3035ms
1361 timing metavuln:calculate:security-advisory:tar-fs:1109532 Completed in 8295ms
1362 timing metavuln:cache:put:security-advisory:tar-fs:1dRVXY1/KAgNRzluJejkcnnY74RNVCtUBdSLW4DLR6KPpPmll6CDT96fyxIYOX7Nsq4AChUF8ivPlQmppqQqYw== Completed in 3037ms
1363 timing metavuln:calculate:security-advisory:tar-fs:1109552 Completed in 8299ms
1364 timing metavuln:cache:put:security-advisory:tar-fs:Ix/Js08sk80rCM814qr/o6ab9zjh7+H8VVJui+xRbBltVjhzX21eodMzpIt77aC2gIFcrK8EEBkOSiDgsanD1w== Completed in 3046ms
1365 timing metavuln:calculate:security-advisory:tar-fs:1109543 Completed in 8307ms
1366 http fetch GET 200 https://registry.npmjs.org/escape-string-regexp/-/escape-string-regexp-4.0.0.tgz 7300ms (cache miss)
1367 timing reifyNode:node_modules/eslint/node_modules/escape-string-regexp Completed in 10110ms
1368 http fetch GET 200 https://registry.npmjs.org/find-up/-/find-up-3.0.0.tgz 7398ms (cache miss)
1369 timing reifyNode:node_modules/pkg-up/node_modules/find-up Completed in 10170ms
1370 http fetch GET 200 https://registry.npmjs.org/unique-slug/-/unique-slug-4.0.0.tgz 7685ms (cache miss)
1371 timing reifyNode:node_modules/cacache/node_modules/unique-slug Completed in 10499ms
1372 timing metavuln:cache:put:security-advisory:pug-code-gen:jYtA+ua4XfswkuObBtnwWn2fYvQUK4ca+Iv1+bqgs4mXRLiX4zUdwwNSawL0T4CvKtEq8q6TFgvFydQ8OKg+/Q== Completed in 3756ms
1373 timing metavuln:calculate:security-advisory:pug-code-gen:1104107 Completed in 9406ms
1374 http fetch GET 200 https://registry.npmjs.org/yallist/-/yallist-3.1.1.tgz 8173ms (cache miss)
1375 timing reifyNode:node_modules/lru-cache/node_modules/yallist Completed in 10977ms
1376 http fetch GET 200 https://registry.npmjs.org/abbrev/-/abbrev-2.0.0.tgz 8180ms (cache miss)
1377 timing reifyNode:node_modules/js-beautify/node_modules/abbrev Completed in 10981ms
1378 http fetch GET 200 https://registry.npmjs.org/ansi-regex/-/ansi-regex-6.0.1.tgz 8564ms (cache miss)
1379 timing reifyNode:node_modules/npm-check-updates/node_modules/ansi-regex Completed in 11358ms
1380 http fetch GET 200 https://registry.npmjs.org/strip-ansi/-/strip-ansi-7.0.1.tgz 9088ms (cache miss)
1381 timing reifyNode:node_modules/boxen/node_modules/strip-ansi Completed in 11903ms
1382 http fetch GET 200 https://registry.npmjs.org/json-parse-even-better-errors/-/json-parse-even-better-errors-3.0.1.tgz 9202ms (cache miss)
1383 timing reifyNode:node_modules/read-package-json/node_modules/json-parse-even-better-errors Completed in 11971ms
1384 http fetch GET 200 https://registry.npmjs.org/p-locate/-/p-locate-4.1.0.tgz 9193ms (cache miss)
1385 timing reifyNode:node_modules/pkg-dir/node_modules/p-locate Completed in 11967ms
1386 http fetch GET 200 https://registry.npmjs.org/@babel%2fruntime 10397ms (cache miss)
1387 timing metavuln:packument:@babel/runtime Completed in 10400ms
1388 timing metavuln:load:security-advisory:@babel/runtime:1104000 Completed in 8ms
1389 http fetch GET 200 https://registry.npmjs.org/supports-color/-/supports-color-8.1.1.tgz 9252ms (cache miss)
1390 timing reifyNode:node_modules/terser-webpack-plugin/node_modules/supports-color Completed in 12003ms
1391 http fetch GET 200 https://registry.npmjs.org/ansi-styles/-/ansi-styles-5.2.0.tgz 9227ms (cache miss)
1392 timing reifyNode:node_modules/pretty-format/node_modules/ansi-styles Completed in 11998ms
1393 http fetch GET 200 https://registry.npmjs.org/p-limit/-/p-limit-2.3.0.tgz 9228ms (cache miss)
1394 timing reifyNode:node_modules/pkg-dir/node_modules/p-limit Completed in 11999ms
1395 http fetch GET 200 https://registry.npmjs.org/string-width/-/string-width-5.1.2.tgz 10345ms (cache miss)
1396 timing reifyNode:node_modules/boxen/node_modules/string-width Completed in 13164ms
1397 http fetch GET 200 https://registry.npmjs.org/tar 11640ms (cache miss)
1398 timing metavuln:packument:tar Completed in 11643ms
1399 timing metavuln:load:security-advisory:tar:1112659 Completed in 2ms
1400 timing metavuln:load:security-advisory:tar:1113300 Completed in 2ms
1401 timing metavuln:load:security-advisory:tar:1113375 Completed in 2ms
1402 timing metavuln:load:security-advisory:tar:1114200 Completed in 2ms
1403 timing metavuln:load:security-advisory:tar:1114302 Completed in 7ms
1404 timing metavuln:load:security-advisory:tar:1114680 Completed in 2ms
1405 timing metavuln:load:security-advisory:tar:1097493 Completed in 5ms
1406 http fetch GET 200 https://registry.npmjs.org/fastify 11690ms (cache miss)
1407 timing metavuln:packument:fastify Completed in 11705ms
1408 timing metavuln:load:security-advisory:fastify:1112876 Completed in 13ms
1409 timing metavuln:load:security-advisory:fastify:1112877 Completed in 5ms
1410 http fetch GET 200 https://registry.npmjs.org/hosted-git-info/-/hosted-git-info-6.1.1.tgz 10497ms (cache miss)
1411 timing reifyNode:node_modules/normalize-package-data/node_modules/hosted-git-info Completed in 13296ms
1412 http fetch GET 200 https://registry.npmjs.org/ansi-regex/-/ansi-regex-6.0.1.tgz 10443ms (cache miss)
1413 timing reifyNode:node_modules/boxen/node_modules/ansi-regex Completed in 13268ms
1414 http fetch GET 200 https://registry.npmjs.org/fs-minipass/-/fs-minipass-3.0.3.tgz 12003ms (cache miss)
1415 timing reifyNode:node_modules/cacache/node_modules/fs-minipass Completed in 14819ms
1416 http fetch GET 200 https://registry.npmjs.org/write-file-atomic/-/write-file-atomic-3.0.3.tgz 11999ms (cache miss)
1417 timing reifyNode:node_modules/configstore/node_modules/write-file-atomic Completed in 14826ms
1418 http fetch GET 200 https://registry.npmjs.org/json-parse-even-better-errors/-/json-parse-even-better-errors-3.0.1.tgz 12111ms (cache miss)
1419 timing reifyNode:node_modules/read-package-json-fast/node_modules/json-parse-even-better-errors Completed in 14881ms
1420 http fetch GET 200 https://registry.npmjs.org/http-proxy-agent/-/http-proxy-agent-4.0.1.tgz 12132ms (cache miss)
1421 timing reifyNode:node_modules/sqlite3/node_modules/http-proxy-agent Completed in 14892ms
1422 http fetch GET 200 https://registry.npmjs.org/p-limit/-/p-limit-2.3.0.tgz 12125ms (cache miss)
1423 timing reifyNode:node_modules/pkg-up/node_modules/p-limit Completed in 14895ms
1424 http fetch GET 200 https://registry.npmjs.org/qs 14285ms (cache miss)
1425 timing metavuln:packument:qs Completed in 14291ms
1426 timing metavuln:load:security-advisory:qs:1113161 Completed in 2ms
1427 timing metavuln:load:security-advisory:qs:1113719 Completed in 2ms
1428 http fetch GET 200 https://registry.npmjs.org/cliui/-/cliui-7.0.4.tgz 13130ms (cache miss)
1429 timing metavuln:cache:put:security-advisory:micromatch:TlYHmS8BZBwkbsPHbTfH2/e91KJnOnqfC63ZoKdiRy+yt6biPd8BwjBdyfPUht1+ZO675I3Gg00RQPYaWiOm8Q== Completed in 8192ms
1430 timing metavuln:calculate:security-advisory:micromatch:1098681 Completed in 14314ms
1431 http fetch GET 200 https://registry.npmjs.org/wrap-ansi/-/wrap-ansi-7.0.0.tgz 13139ms (cache miss)
1432 timing reifyNode:node_modules/sequelize-cli/node_modules/wrap-ansi Completed in 15903ms
1433 timing reifyNode:node_modules/sequelize-cli/node_modules/cliui Completed in 15904ms
1434 http fetch GET 200 https://registry.npmjs.org/pg-connection-string/-/pg-connection-string-2.6.1.tgz 13887ms (cache miss)
1435 timing reifyNode:node_modules/fastify-objectionjs/node_modules/pg-connection-string Completed in 16686ms
1436 http fetch GET 200 https://registry.npmjs.org/fs-minipass/-/fs-minipass-3.0.3.tgz 13940ms (cache miss)
1437 timing reifyNode:node_modules/pacote/node_modules/fs-minipass Completed in 16717ms
1438 http fetch GET 200 https://registry.npmjs.org/nopt/-/nopt-7.2.0.tgz 13914ms (cache miss)
1439 timing reifyNode:node_modules/js-beautify/node_modules/nopt Completed in 16708ms
1440 http fetch GET 200 https://registry.npmjs.org/camelcase/-/camelcase-6.3.0.tgz 13912ms (cache miss)
1441 timing reifyNode:node_modules/jest-validate/node_modules/camelcase Completed in 16713ms
1442 http fetch GET 200 https://registry.npmjs.org/yallist/-/yallist-4.0.0.tgz 15162ms (cache miss)
1443 timing reifyNode:node_modules/yallist Completed in 17141ms
1444 http fetch GET 200 https://registry.npmjs.org/ansi-regex/-/ansi-regex-6.0.1.tgz 14231ms (cache miss)
1445 timing reifyNode:node_modules/@isaacs/cliui/node_modules/ansi-regex Completed in 17054ms
1446 http fetch GET 200 https://registry.npmjs.org/ansi-regex/-/ansi-regex-6.0.1.tgz 14384ms (cache miss)
1447 timing reifyNode:node_modules/wrap-ansi/node_modules/ansi-regex Completed in 17149ms
1448 http fetch GET 200 https://registry.npmjs.org/hosted-git-info/-/hosted-git-info-6.1.1.tgz 14336ms (cache miss)
1449 timing reifyNode:node_modules/npm-package-arg/node_modules/hosted-git-info Completed in 17120ms
1450 http fetch GET 200 https://registry.npmjs.org/wrap-ansi/-/wrap-ansi-7.0.0.tgz 14272ms (cache miss)
1451 timing reifyNode:node_modules/cliui/node_modules/wrap-ansi Completed in 17088ms
1452 http fetch GET 200 https://registry.npmjs.org/unique-filename/-/unique-filename-2.0.1.tgz 14343ms (cache miss)
1453 timing reifyNode:node_modules/node-gyp/node_modules/unique-filename Completed in 17131ms
1454 http fetch GET 200 https://registry.npmjs.org/unique-slug/-/unique-slug-3.0.0.tgz 14417ms (cache miss)
1455 timing reifyNode:node_modules/node-gyp/node_modules/unique-slug Completed in 17211ms
1456 http fetch GET 200 https://registry.npmjs.org/strip-ansi/-/strip-ansi-7.1.0.tgz 14337ms (cache miss)
1457 timing reifyNode:node_modules/@isaacs/cliui/node_modules/strip-ansi Completed in 17157ms
1458 http fetch GET 200 https://registry.npmjs.org/ini/-/ini-1.3.8.tgz 14458ms (cache miss)
1459 timing reifyNode:node_modules/rc/node_modules/ini Completed in 17232ms
1460 http fetch GET 200 https://registry.npmjs.org/chownr/-/chownr-1.1.4.tgz 15339ms (cache miss)
1461 timing reifyNode:node_modules/tar-fs/node_modules/chownr Completed in 18101ms
1462 http fetch GET 200 https://registry.npmjs.org/split2/-/split2-4.2.0.tgz 15304ms (cache miss)
1463 timing reifyNode:node_modules/pgpass/node_modules/split2 Completed in 18083ms
1464 http fetch GET 200 https://registry.npmjs.org/lowercase-keys/-/lowercase-keys-2.0.0.tgz 15324ms (cache miss)
1465 timing reifyNode:node_modules/responselike/node_modules/lowercase-keys Completed in 18095ms
1466 http fetch GET 200 https://registry.npmjs.org/escape-string-regexp/-/escape-string-regexp-2.0.0.tgz 15360ms (cache miss)
1467 timing reifyNode:node_modules/stack-utils/node_modules/escape-string-regexp Completed in 18120ms
1468 http fetch GET 200 https://registry.npmjs.org/glob-parent/-/glob-parent-5.1.2.tgz 15263ms (cache miss)
1469 timing reifyNode:node_modules/chokidar/node_modules/glob-parent Completed in 18075ms
1470 http fetch GET 200 https://registry.npmjs.org/locate-path/-/locate-path-5.0.0.tgz 15349ms (cache miss)
1471 timing reifyNode:node_modules/pkg-dir/node_modules/locate-path Completed in 18122ms
1472 http fetch GET 200 https://registry.npmjs.org/strip-json-comments/-/strip-json-comments-5.0.1.tgz 15334ms (cache miss)
1473 timing reifyNode:node_modules/npm-check-updates/node_modules/strip-json-comments Completed in 18119ms
1474 http fetch GET 200 https://registry.npmjs.org/camelcase/-/camelcase-7.0.0.tgz 15327ms (cache miss)
1475 timing reifyNode:node_modules/boxen/node_modules/camelcase Completed in 18164ms
1476 http fetch GET 200 https://registry.npmjs.org/find-up/-/find-up-4.1.0.tgz 15488ms (cache miss)
1477 timing reifyNode:node_modules/pkg-dir/node_modules/find-up Completed in 18260ms
1478 http fetch GET 200 https://registry.npmjs.org/@tootallnate/once/-/once-1.1.2.tgz 15517ms (cache miss)
1479 timing reifyNode:node_modules/sqlite3/node_modules/@tootallnate/once Completed in 18282ms
1480 http fetch GET 200 https://registry.npmjs.org/locate-path/-/locate-path-3.0.0.tgz 16619ms (cache miss)
1481 timing reifyNode:node_modules/pkg-up/node_modules/locate-path Completed in 19390ms
1482 http fetch GET 200 https://registry.npmjs.org/lru-cache/-/lru-cache-6.0.0.tgz 16643ms (cache miss)
1483 timing reifyNode:node_modules/semver/node_modules/lru-cache Completed in 19411ms
1484 http fetch GET 200 https://registry.npmjs.org/resolve-from/-/resolve-from-4.0.0.tgz 16571ms (cache miss)
1485 timing reifyNode:node_modules/import-fresh/node_modules/resolve-from Completed in 19381ms
1486 http fetch GET 200 https://registry.npmjs.org/nanoid 17873ms (cache miss)
1487 timing metavuln:packument:nanoid Completed in 17875ms
1488 timing metavuln:load:security-advisory:nanoid:1109563 Completed in 2ms
1489 http fetch GET 200 https://registry.npmjs.org/json-schema-traverse/-/json-schema-traverse-1.0.0.tgz 16699ms (cache miss)
1490 http fetch GET 200 https://registry.npmjs.org/strip-ansi/-/strip-ansi-7.1.0.tgz 16740ms (cache miss)
1491 timing reifyNode:node_modules/npm-check-updates/node_modules/strip-ansi Completed in 19529ms
1492 http fetch GET 200 https://registry.npmjs.org/ini/-/ini-4.1.2.tgz 16794ms (cache miss)
1493 timing reifyNode:node_modules/npm-check-updates/node_modules/ini Completed in 19579ms
1494 http fetch GET 200 https://registry.npmjs.org/pg-connection-string/-/pg-connection-string-2.6.4.tgz 18075ms (cache miss)
1495 timing reifyNode:node_modules/pg/node_modules/pg-connection-string Completed in 20852ms
1496 http fetch GET 200 https://registry.npmjs.org/brace-expansion/-/brace-expansion-2.0.1.tgz 18063ms (cache miss)
1497 timing reifyNode:node_modules/node-gyp/node_modules/brace-expansion Completed in 20856ms
1498 timing reifyNode:node_modules/schema-utils/node_modules/json-schema-traverse Completed in 20933ms
1499 http fetch GET 200 https://registry.npmjs.org/globals/-/globals-13.24.0.tgz 18089ms (cache miss)
1500 timing reifyNode:node_modules/eslint/node_modules/globals Completed in 20901ms
1501 http fetch GET 200 https://registry.npmjs.org/lru-cache/-/lru-cache-6.0.0.tgz 19554ms (cache miss)
1502 timing reifyNode:node_modules/sqlite3/node_modules/lru-cache Completed in 22315ms
1503 http fetch GET 200 https://registry.npmjs.org/strip-json-comments/-/strip-json-comments-2.0.1.tgz 19607ms (cache miss)
1504 timing reifyNode:node_modules/rc/node_modules/strip-json-comments Completed in 22377ms
1505 http fetch GET 200 https://registry.npmjs.org/@npmcli/move-file/-/move-file-1.1.2.tgz 19628ms (cache miss)
1506 timing reifyNode:node_modules/sqlite3/node_modules/@npmcli/move-file Completed in 22396ms
1507 http fetch GET 200 https://registry.npmjs.org/socks-proxy-agent/-/socks-proxy-agent-6.2.1.tgz 19652ms (cache miss)
1508 timing reifyNode:node_modules/sqlite3/node_modules/socks-proxy-agent Completed in 22407ms
1509 http fetch GET 200 https://registry.npmjs.org/lowercase-keys/-/lowercase-keys-2.0.0.tgz 21323ms (cache miss)
1510 timing reifyNode:node_modules/cacheable-request/node_modules/lowercase-keys Completed in 24134ms
1511 http fetch GET 200 https://registry.npmjs.org/split2/-/split2-4.2.0.tgz 21407ms (cache miss)
1512 timing reifyNode:node_modules/pino-abstract-transport/node_modules/split2 Completed in 24184ms
1513 http fetch GET 200 https://registry.npmjs.org/brace-expansion/-/brace-expansion-2.0.1.tgz 21369ms (cache miss)
1514 timing reifyNode:node_modules/ignore-walk/node_modules/brace-expansion Completed in 24166ms
1515 http fetch GET 200 https://registry.npmjs.org/brace-expansion/-/brace-expansion-2.0.1.tgz 21372ms (cache miss)
1516 timing reifyNode:node_modules/glob/node_modules/brace-expansion Completed in 24172ms
1517 http fetch GET 200 https://registry.npmjs.org/brace-expansion/-/brace-expansion-2.0.1.tgz 21379ms (cache miss)
1518 timing reifyNode:node_modules/help-me/node_modules/brace-expansion Completed in 24177ms
1519 http fetch GET 200 https://registry.npmjs.org/brace-expansion/-/brace-expansion-2.0.1.tgz 21412ms (cache miss)
1520 timing reifyNode:node_modules/npm-check-updates/node_modules/brace-expansion Completed in 24199ms
1521 http fetch GET 200 https://registry.npmjs.org/brace-expansion/-/brace-expansion-2.0.1.tgz 21359ms (cache miss)
1522 http fetch GET 200 https://registry.npmjs.org/brace-expansion/-/brace-expansion-2.0.1.tgz 21333ms (cache miss)
1523 timing reifyNode:node_modules/editorconfig/node_modules/brace-expansion Completed in 24189ms
1524 http fetch GET 200 https://registry.npmjs.org/unique-filename/-/unique-filename-3.0.0.tgz 21440ms (cache miss)
1525 timing reifyNode:node_modules/cacache/node_modules/unique-filename Completed in 24251ms
1526 timing reifyNode:node_modules/@tufjs/models/node_modules/brace-expansion Completed in 24239ms
1527 http fetch GET 200 https://registry.npmjs.org/minimatch/-/minimatch-5.1.6.tgz 23370ms (cache miss)
1528 timing reifyNode:node_modules/help-me/node_modules/minimatch Completed in 26168ms
1529 http fetch GET 200 https://registry.npmjs.org/string-width/-/string-width-5.1.2.tgz 23306ms (cache miss)
1530 timing reifyNode:node_modules/@isaacs/cliui/node_modules/string-width Completed in 26150ms
1531 http fetch GET 200 https://registry.npmjs.org/p-limit/-/p-limit-2.3.0.tgz 23341ms (cache miss)
1532 timing reifyNode:node_modules/@istanbuljs/load-nyc-config/node_modules/p-limit Completed in 26161ms
1533 http fetch GET 200 https://registry.npmjs.org/which/-/which-3.0.1.tgz 23359ms (cache miss)
1534 timing reifyNode:node_modules/@npmcli/git/node_modules/which Completed in 26177ms
1535 http fetch GET 200 https://registry.npmjs.org/locate-path/-/locate-path-5.0.0.tgz 23358ms (cache miss)
1536 timing reifyNode:node_modules/@istanbuljs/load-nyc-config/node_modules/locate-path Completed in 26175ms
1537 http fetch GET 200 https://registry.npmjs.org/p-locate/-/p-locate-4.1.0.tgz 23373ms (cache miss)
1538 timing reifyNode:node_modules/@istanbuljs/load-nyc-config/node_modules/p-locate Completed in 26190ms
1539 http fetch GET 200 https://registry.npmjs.org/kleur/-/kleur-4.1.5.tgz 25409ms (cache miss)
1540 timing reifyNode:node_modules/prompts-ncu/node_modules/kleur Completed in 28181ms
1541 http fetch GET 200 https://registry.npmjs.org/supports-color/-/supports-color-8.1.1.tgz 25394ms (cache miss)
1542 timing reifyNode:node_modules/concurrently/node_modules/supports-color Completed in 28206ms
1543 http fetch GET 200 https://registry.npmjs.org/supports-color/-/supports-color-8.1.1.tgz 25433ms (cache miss)
1544 timing reifyNode:node_modules/jest-worker/node_modules/supports-color Completed in 28235ms
1545 http fetch GET 200 https://registry.npmjs.org/find-up/-/find-up-4.1.0.tgz 25380ms (cache miss)
1546 timing reifyNode:node_modules/@istanbuljs/load-nyc-config/node_modules/find-up Completed in 28198ms
1547 http fetch GET 200 https://registry.npmjs.org/ini/-/ini-1.3.8.tgz 25424ms (cache miss)
1548 timing reifyNode:node_modules/config-chain/node_modules/ini Completed in 28236ms
1549 http fetch GET 200 https://registry.npmjs.org/path-exists/-/path-exists-3.0.0.tgz 25530ms (cache miss)
1550 timing reifyNode:node_modules/pkg-up/node_modules/path-exists Completed in 28298ms
1551 http fetch GET 200 https://registry.npmjs.org/glob-parent/-/glob-parent-5.1.2.tgz 27094ms (cache miss)
1552 timing reifyNode:node_modules/fast-glob/node_modules/glob-parent Completed in 29905ms
1553 http fetch GET 200 https://registry.npmjs.org/ajv 28434ms (cache miss)
1554 timing metavuln:packument:ajv Completed in 28442ms
1555 timing metavuln:load:security-advisory:ajv:1113714 Completed in 14ms
1556 timing metavuln:load:security-advisory:ajv:1113715 Completed in 20ms
1557 http fetch GET 200 https://registry.npmjs.org/json-schema-traverse/-/json-schema-traverse-1.0.0.tgz 27284ms (cache miss)
1558 http fetch GET 200 https://registry.npmjs.org/glob/-/glob-8.1.0.tgz 28744ms (cache miss)
1559 timing reifyNode:node_modules/node-gyp/node_modules/cacache/node_modules/glob Completed in 31545ms
1560 http fetch GET 200 https://registry.npmjs.org/xtend/-/xtend-4.0.2.tgz 29643ms (cache miss)
1561 timing reifyNode:node_modules/xtend Completed in 31615ms
1562 http fetch GET 200 https://registry.npmjs.org/supports-color/-/supports-color-5.5.0.tgz 28724ms (cache miss)
1563 timing reifyNode:node_modules/@babel/highlight/node_modules/supports-color Completed in 31561ms
1564 http fetch GET 200 https://registry.npmjs.org/wrappy/-/wrappy-1.0.2.tgz 29716ms (cache miss)
1565 timing reifyNode:node_modules/wrappy Completed in 31690ms
1566 http fetch GET 200 https://registry.npmjs.org/write-file-atomic/-/write-file-atomic-4.0.2.tgz 31009ms (cache miss)
1567 timing reifyNode:node_modules/write-file-atomic Completed in 32982ms
1568 http fetch GET 200 https://registry.npmjs.org/minimatch/-/minimatch-5.1.6.tgz 30160ms (cache miss)
1569 timing reifyNode:node_modules/node-gyp/node_modules/cacache/node_modules/minimatch Completed in 32958ms
1570 http fetch GET 200 https://registry.npmjs.org/minipass-fetch/-/minipass-fetch-2.1.2.tgz 30184ms (cache miss)
1571 timing reifyNode:node_modules/node-gyp/node_modules/minipass-fetch Completed in 32975ms
1572 http fetch GET 200 https://registry.npmjs.org/ms/-/ms-2.1.2.tgz 30135ms (cache miss)
1573 timing reifyNode:node_modules/debug/node_modules/ms Completed in 32949ms
1574 http fetch GET 200 https://registry.npmjs.org/which/-/which-3.0.1.tgz 30115ms (cache miss)
1575 timing reifyNode:node_modules/@npmcli/promise-spawn/node_modules/which Completed in 32936ms
1576 http fetch GET 200 https://registry.npmjs.org/which/-/which-3.0.1.tgz 30126ms (cache miss)
1577 timing reifyNode:node_modules/@npmcli/run-script/node_modules/which Completed in 32946ms
1578 http fetch GET 200 https://registry.npmjs.org/p-locate/-/p-locate-3.0.0.tgz 30271ms (cache miss)
1579 timing reifyNode:node_modules/pkg-up/node_modules/p-locate Completed in 33042ms
1580 http fetch GET 200 https://registry.npmjs.org/ssri/-/ssri-8.0.1.tgz 31542ms (cache miss)
1581 timing reifyNode:node_modules/sqlite3/node_modules/ssri Completed in 34298ms
1582 timing reifyNode:node_modules/objection/node_modules/json-schema-traverse Completed in 34317ms
1583 timing metavuln:cache:put:security-advisory:@babel/runtime:xDaNmlS3J8LRk7IfDb7e9Gp3gcy/xDr1QZXCKC997SMkqKVemm2guY9vQpRI6omD11L5cfCI+STpoAdxUgnVsA== Completed in 22343ms
1584 timing metavuln:calculate:security-advisory:@babel/runtime:1104000 Completed in 32754ms
1585 http fetch GET 200 https://registry.npmjs.org/mimic-response/-/mimic-response-3.1.0.tgz 31525ms (cache miss)
1586 timing reifyNode:node_modules/decompress-response/node_modules/mimic-response Completed in 34336ms
1587 http fetch GET 200 https://registry.npmjs.org/debug/-/debug-3.2.7.tgz 32733ms (cache miss)
1588 timing reifyNode:node_modules/eslint-import-resolver-node/node_modules/debug Completed in 35542ms
1589 http fetch GET 200 https://registry.npmjs.org/semver/-/semver-6.3.1.tgz 32744ms (cache miss)
1590 timing reifyNode:node_modules/eslint-config-airbnb-base/node_modules/semver Completed in 35555ms
1591 http fetch GET 200 https://registry.npmjs.org/y18n/-/y18n-5.0.8.tgz 33721ms (cache miss)
1592 timing reifyNode:node_modules/y18n Completed in 35694ms
1593 http fetch GET 200 https://registry.npmjs.org/is-obj/-/is-obj-2.0.0.tgz 33376ms (cache miss)
1594 timing reifyNode:node_modules/is-obj Completed in 35666ms
1595 http fetch GET 200 https://registry.npmjs.org/@eslint/js/-/js-8.57.0.tgz 32837ms (cache miss)
1596 timing reifyNode:node_modules/eslint/node_modules/@eslint/js Completed in 35653ms
1597 http fetch GET 200 https://registry.npmjs.org/tildify/-/tildify-2.0.0.tgz 33792ms (cache miss)
1598 timing reifyNode:node_modules/tildify Completed in 35816ms
1599 http fetch GET 200 https://registry.npmjs.org/spdx-exceptions/-/spdx-exceptions-2.5.0.tgz 33774ms (cache miss)
1600 timing reifyNode:node_modules/spdx-exceptions Completed in 35814ms
1601 http fetch GET 200 https://registry.npmjs.org/require-from-string/-/require-from-string-2.0.2.tgz 33775ms (cache miss)
1602 timing reifyNode:node_modules/require-from-string Completed in 35862ms
1603 http fetch GET 200 https://registry.npmjs.org/remote-git-tags/-/remote-git-tags-3.0.0.tgz 33783ms (cache miss)
1604 timing reifyNode:node_modules/remote-git-tags Completed in 35872ms
1605 http fetch GET 200 https://registry.npmjs.org/promise-inflight/-/promise-inflight-1.0.1.tgz 33776ms (cache miss)
1606 timing reifyNode:node_modules/promise-inflight Completed in 35895ms
1607 http fetch GET 200 https://registry.npmjs.org/pg-int8/-/pg-int8-1.0.1.tgz 33753ms (cache miss)
1608 timing reifyNode:node_modules/pg-int8 Completed in 35910ms
1609 http fetch GET 200 https://registry.npmjs.org/path-parse/-/path-parse-1.0.7.tgz 33932ms (cache miss)
1610 timing reifyNode:node_modules/path-parse Completed in 36111ms
1611 http fetch GET 200 https://registry.npmjs.org/minipass-flush/-/minipass-flush-1.0.5.tgz 33909ms (cache miss)
1612 timing reifyNode:node_modules/minipass-flush Completed in 36117ms
1613 http fetch GET 200 https://registry.npmjs.org/lodash.castarray/-/lodash.castarray-4.4.0.tgz 33916ms (cache miss)
1614 timing reifyNode:node_modules/lodash.castarray Completed in 36142ms
1615 http fetch GET 200 https://registry.npmjs.org/lines-and-columns/-/lines-and-columns-1.2.4.tgz 33913ms (cache miss)
1616 timing reifyNode:node_modules/lines-and-columns Completed in 36145ms
1617 http fetch GET 200 https://registry.npmjs.org/nopt/-/nopt-6.0.0.tgz 34118ms (cache miss)
1618 timing reifyNode:node_modules/node-gyp/node_modules/nopt Completed in 36906ms
1619 http fetch GET 200 https://registry.npmjs.org/get-stream/-/get-stream-5.2.0.tgz 34085ms (cache miss)
1620 timing reifyNode:node_modules/cacheable-request/node_modules/get-stream Completed in 36898ms
1621 http fetch GET 200 https://registry.npmjs.org/minipass-fetch/-/minipass-fetch-1.4.1.tgz 34291ms (cache miss)
1622 timing reifyNode:node_modules/sqlite3/node_modules/minipass-fetch Completed in 37051ms
1623 http fetch GET 200 https://registry.npmjs.org/is-fullwidth-code-point/-/is-fullwidth-code-point-3.0.0.tgz 34750ms (cache miss)
1624 timing reifyNode:node_modules/is-fullwidth-code-point Completed in 37046ms
1625 http fetch GET 200 https://registry.npmjs.org/is-extglob/-/is-extglob-2.1.1.tgz 34753ms (cache miss)
1626 timing reifyNode:node_modules/is-extglob Completed in 37049ms
1627 http fetch GET 200 https://registry.npmjs.org/sisteransi/-/sisteransi-1.0.5.tgz 35142ms (cache miss)
1628 timing reifyNode:node_modules/sisteransi Completed in 37195ms
1629 http fetch GET 200 https://registry.npmjs.org/pug-load/-/pug-load-3.0.0.tgz 35172ms (cache miss)
1630 timing reifyNode:node_modules/pug-load Completed in 37286ms
1631 http fetch GET 200 https://registry.npmjs.org/pug-attrs/-/pug-attrs-3.0.0.tgz 35174ms (cache miss)
1632 timing reifyNode:node_modules/pug-attrs Completed in 37291ms
1633 http fetch GET 200 https://registry.npmjs.org/pug-error/-/pug-error-2.0.0.tgz 35187ms (cache miss)
1634 timing reifyNode:node_modules/pug-error Completed in 37302ms
1635 http fetch GET 200 https://registry.npmjs.org/postgres-date/-/postgres-date-1.0.7.tgz 35191ms (cache miss)
1636 timing reifyNode:node_modules/postgres-date Completed in 37319ms
1637 http fetch GET 200 https://registry.npmjs.org/postgres-array/-/postgres-array-2.0.0.tgz 35200ms (cache miss)
1638 timing reifyNode:node_modules/postgres-array Completed in 37329ms
1639 http fetch GET 200 https://registry.npmjs.org/picocolors/-/picocolors-1.0.0.tgz 35187ms (cache miss)
1640 timing reifyNode:node_modules/picocolors Completed in 37341ms
1641 http fetch GET 200 https://registry.npmjs.org/path-key/-/path-key-3.1.1.tgz 35181ms (cache miss)
1642 timing reifyNode:node_modules/path-key Completed in 37350ms
1643 http fetch GET 200 https://registry.npmjs.org/parse-json/-/parse-json-5.2.0.tgz 35203ms (cache miss)
1644 timing reifyNode:node_modules/parse-json Completed in 37368ms
1645 http fetch GET 200 https://registry.npmjs.org/p-locate/-/p-locate-5.0.0.tgz 35209ms (cache miss)
1646 timing reifyNode:node_modules/p-locate Completed in 37379ms
1647 http fetch GET 200 https://registry.npmjs.org/onetime/-/onetime-5.1.2.tgz 35213ms (cache miss)
1648 timing reifyNode:node_modules/onetime Completed in 37387ms
1649 http fetch GET 200 https://registry.npmjs.org/locate-path/-/locate-path-6.0.0.tgz 35234ms (cache miss)
1650 timing reifyNode:node_modules/locate-path Completed in 37464ms
1651 http fetch GET 200 https://registry.npmjs.org/lru-queue/-/lru-queue-0.1.0.tgz 35283ms (cache miss)
1652 timing reifyNode:node_modules/lru-queue Completed in 37506ms
1653 http fetch GET 200 https://registry.npmjs.org/doctypes/-/doctypes-1.1.0.tgz 35113ms (cache miss)
1654 timing reifyNode:node_modules/doctypes Completed in 37535ms
1655 http fetch GET 200 https://registry.npmjs.org/builtins/-/builtins-5.1.0.tgz 35137ms (cache miss)
1656 timing reifyNode:node_modules/builtins Completed in 37615ms
1657 http fetch GET 200 https://registry.npmjs.org/fs-constants/-/fs-constants-1.0.0.tgz 35428ms (cache miss)
1658 timing reifyNode:node_modules/fs-constants Completed in 37783ms
1659 http fetch GET 200 https://registry.npmjs.org/jest-regex-util/-/jest-regex-util-29.6.3.tgz 35541ms (cache miss)
1660 timing reifyNode:node_modules/jest-regex-util Completed in 37810ms
1661 http fetch GET 200 https://registry.npmjs.org/is-yarn-global/-/is-yarn-global-0.4.0.tgz 35548ms (cache miss)
1662 timing reifyNode:node_modules/is-yarn-global Completed in 37825ms
1663 http fetch GET 200 https://registry.npmjs.org/jest-get-type/-/jest-get-type-29.6.3.tgz 35572ms (cache miss)
1664 timing reifyNode:node_modules/jest-get-type Completed in 37835ms
1665 timing metavuln:cache:put:security-advisory:tar:cbwMpzkxWE086TmEbj2aUk80Z6hlvP0jzlWS+XiX15JwqEtFzUgHyHj3QX4I6EZYk8tgcYPuNr3hYFVCQY6e3Q== Completed in 25052ms
1666 timing metavuln:calculate:security-advisory:tar:1113300 Completed in 36703ms
1667 timing metavuln:cache:put:security-advisory:tar:Bbf0Br7FJ1lJBIJDoLLFwjsDrbaYgLVqfrwr0ATzSQWEKW7Xp073S+5zxU9imRf4OqRJHo2MsCDeyKR0KRVsdA== Completed in 25047ms
1668 timing metavuln:calculate:security-advisory:tar:1113375 Completed in 36705ms
1669 timing metavuln:cache:put:security-advisory:tar:eeMx7uxRjV2T2ub1XcSZGVUMDQllh5SgBOjApRXoDwccZb2xPyoJEKCNDkl/ZQGHcurw9K/Nf+wQF6u7SWH6CQ== Completed in 25051ms
1670 timing metavuln:calculate:security-advisory:tar:1114200 Completed in 36715ms
1671 timing metavuln:cache:put:security-advisory:tar:qPQeYPFDBIedTWfYK3sbnScF6Ha7ouTs+wgndnz4PT5P+/K+GBD4epoPcYpXlu6AC7gSJlCJTJeuKbYAFoK9PA== Completed in 25070ms
1672 timing metavuln:calculate:security-advisory:tar:1112659 Completed in 36718ms
1673 timing metavuln:cache:put:security-advisory:tar:xsfciMtNhQn+Vb692L8h5HEYBYUJ5Lhjy3bF//LOsKSn8tp0f1hbuDX26k9UtKJNPZjM5uuq2Cxlz3KwL19oJg== Completed in 25037ms
1674 timing metavuln:calculate:security-advisory:tar:1097493 Completed in 36720ms
1675 timing metavuln:cache:put:security-advisory:fastify:Mu3bbsgGIQMzQU+JUqKbxbOdmJ9sahc+8jmwkzzm3/7BqYYzReNvhjLjZ9XT5ElUjr+2gUCz/6X6tV16iM+obQ== Completed in 25005ms
1676 timing metavuln:calculate:security-advisory:fastify:1112877 Completed in 36733ms
1677 http fetch GET 200 https://registry.npmjs.org/istanbul-lib-instrument/-/istanbul-lib-instrument-5.2.1.tgz 35444ms (cache miss)
1678 timing reifyNode:node_modules/babel-plugin-istanbul/node_modules/istanbul-lib-instrument Completed in 38267ms
1679 http fetch GET 200 https://registry.npmjs.org/json-schema-traverse/-/json-schema-traverse-1.0.0.tgz 35419ms (cache miss)
1680 http fetch GET 200 https://registry.npmjs.org/globals/-/globals-11.12.0.tgz 35419ms (cache miss)
1681 timing reifyNode:node_modules/@babel/traverse/node_modules/globals Completed in 38257ms
1682 http fetch GET 200 https://registry.npmjs.org/json-schema-traverse/-/json-schema-traverse-1.0.0.tgz 35492ms (cache miss)
1683 http fetch GET 200 https://registry.npmjs.org/json-schema-traverse/-/json-schema-traverse-1.0.0.tgz 35467ms (cache miss)
1684 http fetch GET 200 https://registry.npmjs.org/is-lambda/-/is-lambda-1.0.1.tgz 36042ms (cache miss)
1685 timing reifyNode:node_modules/is-lambda Completed in 38337ms
1686 http fetch GET 200 https://registry.npmjs.org/is-npm/-/is-npm-6.0.0.tgz 36048ms (cache miss)
1687 timing reifyNode:node_modules/is-npm Completed in 38348ms
1688 http fetch GET 200 https://registry.npmjs.org/is-generator-fn/-/is-generator-fn-2.1.0.tgz 36057ms (cache miss)
1689 timing reifyNode:node_modules/is-generator-fn Completed in 38353ms
1690 http fetch GET 200 https://registry.npmjs.org/is-docker/-/is-docker-2.2.1.tgz 36060ms (cache miss)
1691 timing reifyNode:node_modules/is-docker Completed in 38358ms
1692 http fetch GET 200 https://registry.npmjs.org/inherits/-/inherits-2.0.4.tgz 36051ms (cache miss)
1693 timing reifyNode:node_modules/inherits Completed in 38360ms
1694 http fetch GET 200 https://registry.npmjs.org/ini/-/ini-2.0.0.tgz 36064ms (cache miss)
1695 timing reifyNode:node_modules/ini Completed in 38370ms
1696 http fetch GET 200 https://registry.npmjs.org/is-binary-path/-/is-binary-path-2.1.0.tgz 36072ms (cache miss)
1697 timing reifyNode:node_modules/is-binary-path Completed in 38375ms
1698 http fetch GET 200 https://registry.npmjs.org/indent-string/-/indent-string-4.0.0.tgz 36067ms (cache miss)
1699 timing reifyNode:node_modules/indent-string Completed in 38378ms
1700 http fetch GET 200 https://registry.npmjs.org/widest-line/-/widest-line-4.0.1.tgz 36453ms (cache miss)
1701 timing reifyNode:node_modules/widest-line Completed in 38431ms
1702 http fetch GET 200 https://registry.npmjs.org/wrap-ansi/-/wrap-ansi-7.0.0.tgz 36462ms (cache miss)
1703 timing reifyNode:node_modules/wrap-ansi-cjs Completed in 38439ms
1704 http fetch GET 200 https://registry.npmjs.org/wrap-ansi/-/wrap-ansi-8.1.0.tgz 36480ms (cache miss)
1705 timing reifyNode:node_modules/wrap-ansi Completed in 38458ms
1706 http fetch GET 200 https://registry.npmjs.org/wide-align/-/wide-align-1.1.5.tgz 36485ms (cache miss)
1707 timing reifyNode:node_modules/wide-align Completed in 38466ms
1708 http fetch GET 200 https://registry.npmjs.org/untildify/-/untildify-4.0.0.tgz 36476ms (cache miss)
1709 timing reifyNode:node_modules/untildify Completed in 38466ms
1710 http fetch GET 200 https://registry.npmjs.org/unique-slug/-/unique-slug-2.0.2.tgz 36471ms (cache miss)
1711 timing reifyNode:node_modules/unique-slug Completed in 38468ms
1712 http fetch GET 200 https://registry.npmjs.org/strip-bom/-/strip-bom-4.0.0.tgz 36457ms (cache miss)
1713 timing reifyNode:node_modules/strip-bom Completed in 38499ms
1714 http fetch GET 200 https://registry.npmjs.org/strip-ansi/-/strip-ansi-6.0.1.tgz 36482ms (cache miss)
1715 timing reifyNode:node_modules/strip-ansi-cjs Completed in 38511ms
1716 http fetch GET 200 https://registry.npmjs.org/stack-trace/-/stack-trace-0.0.10.tgz 36487ms (cache miss)
1717 timing reifyNode:node_modules/stack-trace Completed in 38522ms
1718 http fetch GET 200 https://registry.npmjs.org/spdx-license-ids/-/spdx-license-ids-3.0.17.tgz 36483ms (cache miss)
1719 timing reifyNode:node_modules/spdx-license-ids Completed in 38532ms
1720 http fetch GET 200 https://registry.npmjs.org/shebang-command/-/shebang-command-2.0.0.tgz 36486ms (cache miss)
1721 timing reifyNode:node_modules/shebang-command Completed in 38549ms
1722 http fetch GET 200 https://registry.npmjs.org/safe-regex-test/-/safe-regex-test-1.0.3.tgz 36499ms (cache miss)
1723 http fetch GET 200 https://registry.npmjs.org/resolve-cwd/-/resolve-cwd-3.0.0.tgz 36497ms (cache miss)
1724 timing reifyNode:node_modules/resolve-cwd Completed in 38582ms
1725 http fetch GET 200 https://registry.npmjs.org/proto-list/-/proto-list-1.2.4.tgz 36503ms (cache miss)
1726 timing reifyNode:node_modules/proto-list Completed in 38646ms
1727 http fetch GET 200 https://registry.npmjs.org/promise-retry/-/promise-retry-2.0.1.tgz 36549ms (cache miss)
1728 timing reifyNode:node_modules/promise-retry Completed in 38669ms
1729 http fetch GET 200 https://registry.npmjs.org/postcss-modules-extract-imports/-/postcss-modules-extract-imports-3.1.0.tgz 36531ms (cache miss)
1730 timing reifyNode:node_modules/postcss-modules-extract-imports Completed in 38672ms
1731 http fetch GET 200 https://registry.npmjs.org/pkg-up/-/pkg-up-3.1.0.tgz 36548ms (cache miss)
1732 timing reifyNode:node_modules/pkg-up Completed in 38694ms
1733 http fetch GET 200 https://registry.npmjs.org/once/-/once-1.4.0.tgz 36534ms (cache miss)
1734 timing reifyNode:node_modules/once Completed in 38707ms
1735 http fetch GET 200 https://registry.npmjs.org/path-exists/-/path-exists-4.0.0.tgz 36577ms (cache miss)
1736 timing reifyNode:node_modules/path-exists Completed in 38740ms
1737 http fetch GET 200 https://registry.npmjs.org/normalize-path/-/normalize-path-3.0.0.tgz 36552ms (cache miss)
1738 timing reifyNode:node_modules/normalize-path Completed in 38740ms
1739 http fetch GET 200 https://registry.npmjs.org/media-typer/-/media-typer-0.3.0.tgz 36577ms (cache miss)
1740 timing reifyNode:node_modules/media-typer Completed in 38795ms
1741 http fetch GET 200 https://registry.npmjs.org/lowercase-keys/-/lowercase-keys-3.0.0.tgz 36571ms (cache miss)
1742 timing reifyNode:node_modules/lowercase-keys Completed in 38799ms
1743 http fetch GET 200 https://registry.npmjs.org/latest-version/-/latest-version-7.0.0.tgz 36576ms (cache miss)
1744 timing reifyNode:node_modules/latest-version Completed in 38811ms
1745 http fetch GET 200 https://registry.npmjs.org/json-parse-even-better-errors/-/json-parse-even-better-errors-2.3.1.tgz 36587ms (cache miss)
1746 timing reifyNode:node_modules/json-parse-even-better-errors Completed in 38836ms
1747 http fetch GET 200 https://registry.npmjs.org/cookie-signature/-/cookie-signature-1.2.1.tgz 36423ms (cache miss)
1748 timing reifyNode:node_modules/cookie-signature Completed in 38866ms
1749 http fetch GET 200 https://registry.npmjs.org/console-control-strings/-/console-control-strings-1.1.0.tgz 36421ms (cache miss)
1750 timing reifyNode:node_modules/console-control-strings Completed in 38868ms
1751 http fetch GET 200 https://registry.npmjs.org/collect-v8-coverage/-/collect-v8-coverage-1.0.2.tgz 36441ms (cache miss)
1752 timing reifyNode:node_modules/collect-v8-coverage Completed in 38899ms
1753 http fetch GET 200 https://registry.npmjs.org/color-name/-/color-name-1.1.4.tgz 36478ms (cache miss)
1754 timing reifyNode:node_modules/color-name Completed in 38941ms
1755 http fetch GET 200 https://registry.npmjs.org/concat-map/-/concat-map-0.0.1.tgz 36490ms (cache miss)
1756 timing reifyNode:node_modules/concat-map Completed in 38944ms
1757 http fetch GET 200 https://registry.npmjs.org/clean-stack/-/clean-stack-2.2.0.tgz 36481ms (cache miss)
1758 timing reifyNode:node_modules/clean-stack Completed in 38946ms
1759 http fetch GET 200 https://registry.npmjs.org/camelcase/-/camelcase-5.3.1.tgz 36480ms (cache miss)
1760 timing reifyNode:node_modules/camelcase Completed in 38949ms
1761 http fetch GET 200 https://registry.npmjs.org/binary-extensions/-/binary-extensions-2.2.0.tgz 36474ms (cache miss)
1762 timing reifyNode:node_modules/binary-extensions Completed in 38961ms
1763 http fetch GET 200 https://registry.npmjs.org/atomic-sleep/-/atomic-sleep-1.0.0.tgz 36501ms (cache miss)
1764 timing reifyNode:node_modules/atomic-sleep Completed in 38991ms
1765 http fetch GET 200 https://registry.npmjs.org/get-package-type/-/get-package-type-0.1.0.tgz 36732ms (cache miss)
1766 timing reifyNode:node_modules/get-package-type Completed in 39077ms
1767 http fetch GET 200 https://registry.npmjs.org/global-dirs/-/global-dirs-3.0.0.tgz 36758ms (cache miss)
1768 timing reifyNode:node_modules/global-dirs Completed in 39098ms
1769 http fetch GET 200 https://registry.npmjs.org/forwarded/-/forwarded-0.2.0.tgz 36751ms (cache miss)
1770 timing reifyNode:node_modules/forwarded Completed in 39105ms
1771 http fetch GET 200 https://registry.npmjs.org/get-caller-file/-/get-caller-file-2.0.5.tgz 36747ms (cache miss)
1772 timing reifyNode:node_modules/get-caller-file Completed in 39115ms
1773 http fetch GET 200 https://registry.npmjs.org/@babel/plugin-syntax-optional-chaining/-/plugin-syntax-optional-chaining-7.8.3.tgz 36534ms (cache miss)
1774 timing reifyNode:node_modules/@babel/plugin-syntax-optional-chaining Completed in 39158ms
1775 http fetch GET 200 https://registry.npmjs.org/at-least-node/-/at-least-node-1.0.0.tgz 36686ms (cache miss)
1776 timing reifyNode:node_modules/at-least-node Completed in 39182ms
1777 http fetch GET 200 https://registry.npmjs.org/array-union/-/array-union-2.1.0.tgz 36692ms (cache miss)
1778 timing reifyNode:node_modules/array-union Completed in 39196ms
1779 http fetch GET 200 https://registry.npmjs.org/assert-never/-/assert-never-1.2.1.tgz 36707ms (cache miss)
1780 timing reifyNode:node_modules/assert-never Completed in 39200ms
1781 http fetch GET 200 https://registry.npmjs.org/@webpack-cli/configtest/-/configtest-2.1.1.tgz 36719ms (cache miss)
1782 timing reifyNode:node_modules/@webpack-cli/configtest Completed in 39242ms
1783 http fetch GET 200 https://registry.npmjs.org/@webassemblyjs/helper-api-error/-/helper-api-error-1.11.6.tgz 36740ms (cache miss)
1784 timing reifyNode:node_modules/@webassemblyjs/helper-api-error Completed in 39272ms
1785 http fetch GET 200 https://registry.npmjs.org/@types/ms/-/ms-0.7.34.tgz 36729ms (cache miss)
1786 timing reifyNode:node_modules/@types/ms Completed in 39274ms
1787 http fetch GET 200 https://registry.npmjs.org/@webassemblyjs/ieee754/-/ieee754-1.11.6.tgz 36758ms (cache miss)
1788 timing reifyNode:node_modules/@webassemblyjs/ieee754 Completed in 39288ms
1789 http fetch GET 200 https://registry.npmjs.org/strip-ansi/-/strip-ansi-7.0.1.tgz 36653ms (cache miss)
1790 timing reifyNode:node_modules/widest-line/node_modules/strip-ansi Completed in 39403ms
1791 http fetch GET 200 https://registry.npmjs.org/strip-ansi/-/strip-ansi-7.0.1.tgz 36657ms (cache miss)
1792 timing reifyNode:node_modules/wrap-ansi/node_modules/strip-ansi Completed in 39407ms
1793 http fetch GET 200 https://registry.npmjs.org/is-typedarray/-/is-typedarray-1.0.0.tgz 37133ms (cache miss)
1794 timing reifyNode:node_modules/is-typedarray Completed in 39415ms
1795 http fetch GET 200 https://registry.npmjs.org/escape-string-regexp/-/escape-string-regexp-1.0.5.tgz 37016ms (cache miss)
1796 timing reifyNode:node_modules/escape-string-regexp Completed in 39415ms
1797 http fetch GET 200 https://registry.npmjs.org/mimic-fn/-/mimic-fn-2.1.0.tgz 37235ms (cache miss)
1798 timing reifyNode:node_modules/mimic-fn Completed in 39446ms
1799 http fetch GET 200 https://registry.npmjs.org/set-blocking/-/set-blocking-2.0.0.tgz 37424ms (cache miss)
1800 timing reifyNode:node_modules/set-blocking Completed in 39489ms
1801 http fetch GET 200 https://registry.npmjs.org/shebang-regex/-/shebang-regex-3.0.0.tgz 37450ms (cache miss)
1802 timing reifyNode:node_modules/shebang-regex Completed in 39506ms
1803 http fetch GET 200 https://registry.npmjs.org/simple-concat/-/simple-concat-1.0.1.tgz 37455ms (cache miss)
1804 timing reifyNode:node_modules/simple-concat Completed in 39510ms
1805 http fetch GET 200 https://registry.npmjs.org/string-length/-/string-length-4.0.2.tgz 37483ms (cache miss)
1806 timing reifyNode:node_modules/string-length Completed in 39516ms
1807 http fetch GET 200 https://registry.npmjs.org/buffer/-/buffer-6.0.3.tgz 36797ms (cache miss)
1808 timing reifyNode:node_modules/pino-abstract-transport/node_modules/buffer Completed in 39571ms
1809 http fetch GET 200 https://registry.npmjs.org/is-arrayish/-/is-arrayish-0.2.1.tgz 37307ms (cache miss)
1810 timing reifyNode:node_modules/is-arrayish Completed in 39611ms
1811 http fetch GET 200 https://registry.npmjs.org/void-elements/-/void-elements-3.1.0.tgz 37706ms (cache miss)
1812 timing reifyNode:node_modules/void-elements Completed in 39694ms
1813 http fetch GET 200 https://registry.npmjs.org/walker/-/walker-1.0.8.tgz 37716ms (cache miss)
1814 timing reifyNode:node_modules/walker Completed in 39699ms
1815 http fetch GET 200 https://registry.npmjs.org/xdg-basedir/-/xdg-basedir-5.1.0.tgz 37731ms (cache miss)
1816 timing reifyNode:node_modules/xdg-basedir Completed in 39708ms
1817 http fetch GET 200 https://registry.npmjs.org/validate-npm-package-name/-/validate-npm-package-name-5.0.0.tgz 37714ms (cache miss)
1818 timing reifyNode:node_modules/validate-npm-package-name Completed in 39713ms
1819 http fetch GET 200 https://registry.npmjs.org/token-stream/-/token-stream-1.0.0.tgz 37703ms (cache miss)
1820 timing reifyNode:node_modules/token-stream Completed in 39721ms
1821 http fetch GET 200 https://registry.npmjs.org/universalify/-/universalify-2.0.1.tgz 37736ms (cache miss)
1822 timing reifyNode:node_modules/universalify Completed in 39734ms
1823 http fetch GET 200 https://registry.npmjs.org/type-is/-/type-is-1.6.18.tgz 37720ms (cache miss)
1824 timing reifyNode:node_modules/type-is Completed in 39744ms
1825 http fetch GET 200 https://registry.npmjs.org/supports-color/-/supports-color-7.2.0.tgz 37717ms (cache miss)
1826 timing reifyNode:node_modules/supports-color Completed in 39743ms
1827 http fetch GET 200 https://registry.npmjs.org/string-width/-/string-width-4.2.3.tgz 37724ms (cache miss)
1828 timing reifyNode:node_modules/string-width Completed in 39756ms
1829 http fetch GET 200 https://registry.npmjs.org/simple-get/-/simple-get-4.0.1.tgz 37718ms (cache miss)
1830 http fetch GET 200 https://registry.npmjs.org/pug-strip-comments/-/pug-strip-comments-2.0.0.tgz 37694ms (cache miss)
1831 timing reifyNode:node_modules/pug-strip-comments Completed in 39802ms
1832 http fetch GET 200 https://registry.npmjs.org/registry-auth-token/-/registry-auth-token-5.0.1.tgz 37717ms (cache miss)
1833 timing reifyNode:node_modules/registry-auth-token Completed in 39806ms
1834 http fetch GET 200 https://registry.npmjs.org/quick-lru/-/quick-lru-5.1.1.tgz 37710ms (cache miss)
1835 timing reifyNode:node_modules/quick-lru Completed in 39810ms
1836 http fetch GET 200 https://registry.npmjs.org/pump/-/pump-3.0.0.tgz 37711ms (cache miss)
1837 timing reifyNode:node_modules/pump Completed in 39815ms
1838 http fetch GET 200 https://registry.npmjs.org/pug-linker/-/pug-linker-4.0.0.tgz 37707ms (cache miss)
1839 timing reifyNode:node_modules/pug-linker Completed in 39819ms
1840 http fetch GET 200 https://registry.npmjs.org/proc-log/-/proc-log-3.0.0.tgz 37709ms (cache miss)
1841 timing reifyNode:node_modules/proc-log Completed in 39832ms
1842 http fetch GET 200 https://registry.npmjs.org/postgres-bytea/-/postgres-bytea-1.0.0.tgz 37707ms (cache miss)
1843 timing reifyNode:node_modules/postgres-bytea Completed in 39836ms
1844 http fetch GET 200 https://registry.npmjs.org/progress/-/progress-2.0.3.tgz 37723ms (cache miss)
1845 timing reifyNode:node_modules/progress Completed in 39844ms
1846 http fetch GET 200 https://registry.npmjs.org/p-try/-/p-try-2.2.0.tgz 37696ms (cache miss)
1847 timing reifyNode:node_modules/p-try Completed in 39866ms
1848 http fetch GET 200 https://registry.npmjs.org/p-map/-/p-map-4.0.0.tgz 37702ms (cache miss)
1849 timing reifyNode:node_modules/p-map Completed in 39872ms
1850 http fetch GET 200 https://registry.npmjs.org/p-limit/-/p-limit-3.1.0.tgz 37703ms (cache miss)
1851 timing reifyNode:node_modules/p-limit Completed in 39875ms
1852 http fetch GET 200 https://registry.npmjs.org/napi-build-utils/-/napi-build-utils-1.0.2.tgz 37698ms (cache miss)
1853 timing reifyNode:node_modules/napi-build-utils Completed in 39893ms
1854 http fetch GET 200 https://registry.npmjs.org/minipass-pipeline/-/minipass-pipeline-1.2.4.tgz 37700ms (cache miss)
1855 timing reifyNode:node_modules/minipass-pipeline Completed in 39904ms
1856 http fetch GET 200 https://registry.npmjs.org/minipass-json-stream/-/minipass-json-stream-1.0.1.tgz 37700ms (cache miss)
1857 timing reifyNode:node_modules/minipass-json-stream Completed in 39907ms
1858 http fetch GET 200 https://registry.npmjs.org/natural-compare/-/natural-compare-1.4.0.tgz 37711ms (cache miss)
1859 timing reifyNode:node_modules/natural-compare Completed in 39912ms
1860 http fetch GET 200 https://registry.npmjs.org/ms/-/ms-2.1.3.tgz 37718ms (cache miss)
1861 timing reifyNode:node_modules/ms Completed in 39922ms
1862 http fetch GET 200 https://registry.npmjs.org/minizlib/-/minizlib-2.1.2.tgz 37718ms (cache miss)
1863 timing reifyNode:node_modules/minizlib Completed in 39925ms
1864 http fetch GET 200 https://registry.npmjs.org/makeerror/-/makeerror-1.0.12.tgz 37707ms (cache miss)
1865 timing reifyNode:node_modules/makeerror Completed in 39929ms
1866 http fetch GET 200 https://registry.npmjs.org/merge-stream/-/merge-stream-2.0.0.tgz 37716ms (cache miss)
1867 timing reifyNode:node_modules/merge-stream Completed in 39936ms
1868 http fetch GET 200 https://registry.npmjs.org/lodash.isempty/-/lodash.isempty-4.4.0.tgz 37714ms (cache miss)
1869 timing reifyNode:node_modules/lodash.isempty Completed in 39937ms
1870 http fetch GET 200 https://registry.npmjs.org/lru-cache/-/lru-cache-5.1.1.tgz 37721ms (cache miss)
1871 timing reifyNode:node_modules/lru-cache Completed in 39944ms
1872 http fetch GET 200 https://registry.npmjs.org/mime-types/-/mime-types-2.1.35.tgz 37732ms (cache miss)
1873 timing reifyNode:node_modules/mime-types Completed in 39949ms
1874 http fetch GET 200 https://registry.npmjs.org/make-promises-safe/-/make-promises-safe-5.1.0.tgz 37730ms (cache miss)
1875 timing reifyNode:node_modules/make-promises-safe Completed in 39954ms
1876 http fetch GET 200 https://registry.npmjs.org/merge2/-/merge2-1.4.1.tgz 37718ms (cache miss)
1877 timing reifyNode:node_modules/merge2 Completed in 39956ms
1878 http fetch GET 200 https://registry.npmjs.org/json-buffer/-/json-buffer-3.0.1.tgz 37709ms (cache miss)
1879 timing reifyNode:node_modules/json-buffer Completed in 39958ms
1880 http fetch GET 200 https://registry.npmjs.org/leven/-/leven-3.1.0.tgz 37727ms (cache miss)
1881 timing reifyNode:node_modules/leven Completed in 39961ms
1882 http fetch GET 200 https://registry.npmjs.org/jstransformer-markdown-it/-/jstransformer-markdown-it-3.0.0.tgz 37725ms (cache miss)
1883 timing reifyNode:node_modules/jstransformer-markdown-it Completed in 39966ms
1884 http fetch GET 200 https://registry.npmjs.org/js-stringify/-/js-stringify-1.0.2.tgz 37727ms (cache miss)
1885 timing reifyNode:node_modules/js-stringify Completed in 39980ms
1886 http fetch GET 200 https://registry.npmjs.org/jsonlines/-/jsonlines-0.1.1.tgz 37744ms (cache miss)
1887 timing reifyNode:node_modules/jsonlines Completed in 39983ms
1888 http fetch GET 200 https://registry.npmjs.org/json-parse-helpfulerror/-/json-parse-helpfulerror-1.0.3.tgz 37749ms (cache miss)
1889 timing reifyNode:node_modules/json-parse-helpfulerror Completed in 39994ms
1890 http fetch GET 200 https://registry.npmjs.org/dottie/-/dottie-2.0.6.tgz 37560ms (cache miss)
1891 timing reifyNode:node_modules/dottie Completed in 39980ms
1892 http fetch GET 200 https://registry.npmjs.org/crypto-random-string/-/crypto-random-string-4.0.0.tgz 37565ms (cache miss)
1893 timing reifyNode:node_modules/crypto-random-string Completed in 40007ms
1894 http fetch GET 200 https://registry.npmjs.org/deep-extend/-/deep-extend-0.6.0.tgz 37578ms (cache miss)
1895 timing reifyNode:node_modules/deep-extend Completed in 40011ms
1896 http fetch GET 200 https://registry.npmjs.org/confusing-browser-globals/-/confusing-browser-globals-1.0.11.tgz 37576ms (cache miss)
1897 timing reifyNode:node_modules/confusing-browser-globals Completed in 40028ms
1898 http fetch GET 200 https://registry.npmjs.org/@babel/plugin-syntax-optional-catch-binding/-/plugin-syntax-optional-catch-binding-7.8.3.tgz 37383ms (cache miss)
1899 timing reifyNode:node_modules/@babel/plugin-syntax-optional-catch-binding Completed in 40005ms
1900 http fetch GET 200 https://registry.npmjs.org/commist/-/commist-3.0.0.tgz 37579ms (cache miss)
1901 http fetch GET 200 https://registry.npmjs.org/@types/stack-trace/-/stack-trace-0.0.29.tgz 37485ms (cache miss)
1902 timing reifyNode:node_modules/@types/stack-trace Completed in 40024ms
1903 http fetch GET 200 https://registry.npmjs.org/@babel/plugin-syntax-object-rest-spread/-/plugin-syntax-object-rest-spread-7.8.3.tgz 37392ms (cache miss)
1904 timing reifyNode:node_modules/@babel/plugin-syntax-object-rest-spread Completed in 40017ms
1905 http fetch GET 200 https://registry.npmjs.org/brace-expansion/-/brace-expansion-1.1.11.tgz 37592ms (cache miss)
1906 timing reifyNode:node_modules/brace-expansion Completed in 40077ms
1907 http fetch GET 200 https://registry.npmjs.org/color-name/-/color-name-1.1.3.tgz 37213ms (cache miss)
1908 timing reifyNode:node_modules/@babel/highlight/node_modules/color-name Completed in 40081ms
1909 http fetch GET 200 https://registry.npmjs.org/inflight/-/inflight-1.0.6.tgz 37822ms (cache miss)
1910 timing reifyNode:node_modules/inflight Completed in 40129ms
1911 http fetch GET 200 https://registry.npmjs.org/interpret/-/interpret-2.2.0.tgz 37826ms (cache miss)
1912 timing reifyNode:node_modules/interpret Completed in 40139ms
1913 http fetch GET 200 https://registry.npmjs.org/ignore-walk/-/ignore-walk-6.0.4.tgz 37836ms (cache miss)
1914 timing reifyNode:node_modules/ignore-walk Completed in 40154ms
1915 http fetch GET 200 https://registry.npmjs.org/humanize-ms/-/humanize-ms-1.2.1.tgz 37848ms (cache miss)
1916 timing reifyNode:node_modules/humanize-ms Completed in 40168ms
1917 http fetch GET 200 https://registry.npmjs.org/hasown/-/hasown-2.0.2.tgz 37848ms (cache miss)
1918 http fetch GET 200 https://registry.npmjs.org/has-yarn/-/has-yarn-3.0.0.tgz 37860ms (cache miss)
1919 timing reifyNode:node_modules/has-yarn Completed in 40188ms
1920 http fetch GET 200 https://registry.npmjs.org/hashlru/-/hashlru-2.3.0.tgz 37863ms (cache miss)
1921 timing reifyNode:node_modules/hashlru Completed in 40190ms
1922 http fetch GET 200 https://registry.npmjs.org/get-stream/-/get-stream-6.0.1.tgz 37860ms (cache miss)
1923 timing reifyNode:node_modules/get-stream Completed in 40204ms
1924 http fetch GET 200 https://registry.npmjs.org/file-uri-to-path/-/file-uri-to-path-1.0.0.tgz 37856ms (cache miss)
1925 timing reifyNode:node_modules/file-uri-to-path Completed in 40221ms
1926 http fetch GET 200 https://registry.npmjs.org/find-up/-/find-up-5.0.0.tgz 37864ms (cache miss)
1927 timing reifyNode:node_modules/find-up Completed in 40224ms
1928 http fetch GET 200 https://registry.npmjs.org/fb-watchman/-/fb-watchman-2.0.2.tgz 37870ms (cache miss)
1929 timing reifyNode:node_modules/fb-watchman Completed in 40235ms
1930 http fetch GET 200 https://registry.npmjs.org/fast-decode-uri-component/-/fast-decode-uri-component-1.0.1.tgz 37883ms (cache miss)
1931 timing reifyNode:node_modules/fast-decode-uri-component Completed in 40263ms
1932 http fetch GET 200 https://registry.npmjs.org/joycon/-/joycon-3.1.1.tgz 38040ms (cache miss)
1933 timing reifyNode:node_modules/joycon Completed in 40298ms
1934 http fetch GET 200 https://registry.npmjs.org/jest-docblock/-/jest-docblock-29.7.0.tgz 38037ms (cache miss)
1935 timing reifyNode:node_modules/jest-docblock Completed in 40303ms
1936 http fetch GET 200 https://registry.npmjs.org/is-installed-globally/-/is-installed-globally-0.4.0.tgz 38026ms (cache miss)
1937 timing reifyNode:node_modules/is-installed-globally Completed in 40318ms
1938 http fetch GET 200 https://registry.npmjs.org/@fastify/accept-negotiator/-/accept-negotiator-1.0.0.tgz 37673ms (cache miss)
1939 timing reifyNode:node_modules/@fastify/accept-negotiator Completed in 40285ms
1940 http fetch GET 200 https://registry.npmjs.org/ansi-align/-/ansi-align-3.0.1.tgz 37816ms (cache miss)
1941 timing reifyNode:node_modules/ansi-align Completed in 40326ms
1942 http fetch GET 200 https://registry.npmjs.org/ansi-regex/-/ansi-regex-5.0.1.tgz 37870ms (cache miss)
1943 timing reifyNode:node_modules/ansi-regex Completed in 40383ms
1944 http fetch GET 200 https://registry.npmjs.org/@types/keyv/-/keyv-3.1.4.tgz 37875ms (cache miss)
1945 timing reifyNode:node_modules/@types/keyv Completed in 40415ms
1946 http fetch GET 200 https://registry.npmjs.org/@types/graceful-fs/-/graceful-fs-4.1.9.tgz 37867ms (cache miss)
1947 timing reifyNode:node_modules/@types/graceful-fs Completed in 40417ms
1948 http fetch GET 200 https://registry.npmjs.org/@types/babel__template/-/babel__template-7.4.4.tgz 37867ms (cache miss)
1949 timing reifyNode:node_modules/@types/babel__template Completed in 40422ms
1950 http fetch GET 200 https://registry.npmjs.org/@webassemblyjs/floating-point-hex-parser/-/floating-point-hex-parser-1.11.6.tgz 37920ms (cache miss)
1951 timing reifyNode:node_modules/@webassemblyjs/floating-point-hex-parser Completed in 40454ms
1952 http fetch GET 200 https://registry.npmjs.org/@webassemblyjs/helper-buffer/-/helper-buffer-1.12.1.tgz 37927ms (cache miss)
1953 timing reifyNode:node_modules/@webassemblyjs/helper-buffer Completed in 40459ms
1954 http fetch GET 200 https://registry.npmjs.org/@webassemblyjs/helper-wasm-bytecode/-/helper-wasm-bytecode-1.11.6.tgz 37931ms (cache miss)
1955 timing reifyNode:node_modules/@webassemblyjs/helper-wasm-bytecode Completed in 40464ms
1956 http fetch GET 200 https://registry.npmjs.org/ansi-regex/-/ansi-regex-6.0.1.tgz 37808ms (cache miss)
1957 timing reifyNode:node_modules/widest-line/node_modules/ansi-regex Completed in 40555ms
1958 http fetch GET 200 https://registry.npmjs.org/@babel/helper-environment-visitor/-/helper-environment-visitor-7.22.20.tgz 37820ms (cache miss)
1959 timing reifyNode:node_modules/@babel/helper-environment-visitor Completed in 40459ms
1960 http fetch GET 200 https://registry.npmjs.org/string-width/-/string-width-5.1.2.tgz 37818ms (cache miss)
1961 timing reifyNode:node_modules/wrap-ansi/node_modules/string-width Completed in 40564ms
1962 http fetch GET 200 https://registry.npmjs.org/string-width/-/string-width-5.1.2.tgz 37811ms (cache miss)
1963 timing reifyNode:node_modules/widest-line/node_modules/string-width Completed in 40565ms
1964 http fetch GET 200 https://registry.npmjs.org/expand-template/-/expand-template-2.0.3.tgz 38136ms (cache miss)
1965 timing reifyNode:node_modules/expand-template Completed in 40524ms
1966 http fetch GET 200 https://registry.npmjs.org/end-of-stream/-/end-of-stream-1.4.4.tgz 38206ms (cache miss)
1967 timing reifyNode:node_modules/end-of-stream Completed in 40621ms
1968 http fetch GET 200 https://registry.npmjs.org/encoding/-/encoding-0.1.13.tgz 38216ms (cache miss)
1969 timing reifyNode:node_modules/encoding Completed in 40630ms
1970 http fetch GET 200 https://registry.npmjs.org/env-paths/-/env-paths-2.2.1.tgz 38223ms (cache miss)
1971 timing reifyNode:node_modules/env-paths Completed in 40633ms
1972 http fetch GET 200 https://registry.npmjs.org/toidentifier/-/toidentifier-1.0.1.tgz 38685ms (cache miss)
1973 timing reifyNode:node_modules/toidentifier Completed in 40696ms
1974 http fetch GET 200 https://registry.npmjs.org/jest-resolve-dependencies/-/jest-resolve-dependencies-29.7.0.tgz 38410ms (cache miss)
1975 timing reifyNode:node_modules/jest-resolve-dependencies Completed in 40670ms
1976 http fetch GET 200 https://registry.npmjs.org/jest/-/jest-29.7.0.tgz 38406ms (cache miss)
1977 timing reifyNode:node_modules/jest Completed in 40679ms
1978 http fetch GET 200 https://registry.npmjs.org/responselike/-/responselike-2.0.1.tgz 38636ms (cache miss)
1979 timing reifyNode:node_modules/responselike Completed in 40715ms
1980 http fetch GET 200 https://registry.npmjs.org/@babel/plugin-syntax-async-generators/-/plugin-syntax-async-generators-7.8.4.tgz 38019ms (cache miss)
1981 timing reifyNode:node_modules/@babel/plugin-syntax-async-generators Completed in 40647ms
1982 timing metavuln:cache:put:security-advisory:qs:vVSN+MRVpdux32gCUfPGidHUGmS/0G5Ziwtmb1YXw3NARw1r47LtySeR7yFf/LZ4sKzi41443WWDDZzPHuCh9g== Completed in 24884ms
1983 timing metavuln:calculate:security-advisory:qs:1113161 Completed in 39180ms
1984 timing metavuln:cache:put:security-advisory:tar:UWW3Y4BpqE/fE3Qp2/QBaix5a7TZZoP7gM6asxPYL9ED9MweoK3ryao+Bp0Y6Y8Xds/rmjAafpG21YRYkP3N4g== Completed in 27516ms
1985 timing metavuln:calculate:security-advisory:tar:1114302 Completed in 39189ms
1986 timing metavuln:cache:put:security-advisory:qs:iChjlXxtVMTpyXsUse674XoeCayLW4gF6rE7sQcXvHRFegwpM44fUr9Eqlmsmu+S9udu9w9eZmpzcAcyiUJMIQ== Completed in 24892ms
1987 timing metavuln:calculate:security-advisory:qs:1113719 Completed in 39193ms
1988 timing metavuln:cache:put:security-advisory:tar:vbDW3SJe6e2hhLv65iuyXehzCzEAirdu2MloZluu8ApJ5S0mpjZNCz+7tMRaz8WDOzMKfYQKi/M/IfcFNOa3Cw== Completed in 27519ms
1989 timing metavuln:calculate:security-advisory:tar:1114680 Completed in 39194ms
1990 http fetch GET 200 https://registry.npmjs.org/make-fetch-happen/-/make-fetch-happen-9.1.0.tgz 38041ms (cache miss)
1991 timing reifyNode:node_modules/sqlite3/node_modules/make-fetch-happen Completed in 40799ms
1992 http fetch GET 200 https://registry.npmjs.org/glob/-/glob-7.2.3.tgz 38049ms (cache miss)
1993 timing reifyNode:node_modules/test-exclude/node_modules/glob Completed in 40806ms
1994 http fetch GET 200 https://registry.npmjs.org/help-me/-/help-me-5.0.0.tgz 37945ms (cache miss)
1995 http fetch GET 200 https://registry.npmjs.org/@jest/globals/-/globals-29.7.0.tgz 38145ms (cache miss)
1996 timing reifyNode:node_modules/@jest/globals Completed in 40737ms
1997 http fetch GET 200 https://registry.npmjs.org/@babel/plugin-syntax-import-meta/-/plugin-syntax-import-meta-7.10.4.tgz 38115ms (cache miss)
1998 timing reifyNode:node_modules/@babel/plugin-syntax-import-meta Completed in 40740ms
1999 http fetch GET 200 https://registry.npmjs.org/eslint-visitor-keys/-/eslint-visitor-keys-4.0.0.tgz 37983ms (cache miss)
2000 timing reifyNode:node_modules/espree/node_modules/eslint-visitor-keys Completed in 40792ms
2001 http fetch GET 200 https://registry.npmjs.org/is-promise/-/is-promise-2.2.2.tgz 38521ms (cache miss)
2002 timing reifyNode:node_modules/is-promise Completed in 40808ms
2003 http fetch GET 200 https://registry.npmjs.org/import-local/-/import-local-3.1.0.tgz 38518ms (cache miss)
2004 timing reifyNode:node_modules/import-local Completed in 40830ms
2005 http fetch GET 200 https://registry.npmjs.org/unique-string/-/unique-string-3.0.0.tgz 38903ms (cache miss)
2006 timing reifyNode:node_modules/unique-string Completed in 40904ms
2007 http fetch GET 200 https://registry.npmjs.org/typedarray-to-buffer/-/typedarray-to-buffer-3.1.5.tgz 38919ms (cache miss)
2008 timing reifyNode:node_modules/typedarray-to-buffer Completed in 40923ms
2009 http fetch GET 200 https://registry.npmjs.org/tmpl/-/tmpl-1.0.5.tgz 38913ms (cache miss)
2010 timing reifyNode:node_modules/tmpl Completed in 40934ms
2011 http fetch GET 200 https://registry.npmjs.org/to-fast-properties/-/to-fast-properties-2.0.0.tgz 38924ms (cache miss)
2012 timing reifyNode:node_modules/to-fast-properties Completed in 40946ms
2013 http fetch GET 200 https://registry.npmjs.org/supports-preserve-symlinks-flag/-/supports-preserve-symlinks-flag-1.0.0.tgz 38919ms (cache miss)
2014 http fetch GET 200 https://registry.npmjs.org/spawn-command/-/spawn-command-0.0.2.tgz 38918ms (cache miss)
2015 timing reifyNode:node_modules/spawn-command Completed in 40962ms
2016 http fetch GET 200 https://registry.npmjs.org/spdx-expression-parse/-/spdx-expression-parse-3.0.1.tgz 38919ms (cache miss)
2017 timing reifyNode:node_modules/spdx-expression-parse Completed in 40966ms
2018 timing reifyNode:node_modules/simple-get Completed in 40968ms
2019 http fetch GET 200 https://registry.npmjs.org/serialize-javascript/-/serialize-javascript-6.0.2.tgz 38904ms (cache miss)
2020 timing reifyNode:node_modules/serialize-javascript Completed in 40970ms
2021 http fetch GET 200 https://registry.npmjs.org/shallow-clone/-/shallow-clone-3.0.1.tgz 38914ms (cache miss)
2022 timing reifyNode:node_modules/shallow-clone Completed in 40976ms
2023 http fetch GET 200 https://registry.npmjs.org/semver-utils/-/semver-utils-1.1.4.tgz 38918ms (cache miss)
2024 timing reifyNode:node_modules/semver-utils Completed in 40989ms
2025 http fetch GET 200 https://registry.npmjs.org/strip-final-newline/-/strip-final-newline-2.0.0.tgz 38943ms (cache miss)
2026 timing reifyNode:node_modules/strip-final-newline Completed in 41001ms
2027 http fetch GET 200 https://registry.npmjs.org/resolve-alpn/-/resolve-alpn-1.2.1.tgz 38916ms (cache miss)
2028 timing reifyNode:node_modules/resolve-alpn Completed in 41003ms
2029 http fetch GET 200 https://registry.npmjs.org/readdirp/-/readdirp-3.6.0.tgz 38913ms (cache miss)
2030 timing reifyNode:node_modules/readdirp Completed in 41006ms
2031 http fetch GET 200 https://registry.npmjs.org/queue-microtask/-/queue-microtask-1.2.3.tgz 38913ms (cache miss)
2032 timing reifyNode:node_modules/queue-microtask Completed in 41015ms
2033 http fetch GET 200 https://registry.npmjs.org/randombytes/-/randombytes-2.1.0.tgz 38925ms (cache miss)
2034 timing reifyNode:node_modules/randombytes Completed in 41027ms
2035 http fetch GET 200 https://registry.npmjs.org/pug-filters/-/pug-filters-4.0.0.tgz 38921ms (cache miss)
2036 timing reifyNode:node_modules/pug-filters Completed in 41035ms
2037 http fetch GET 200 https://registry.npmjs.org/safe-stable-stringify/-/safe-stable-stringify-2.4.3.tgz 38911ms (cache miss)
2038 timing reifyNode:node_modules/safe-stable-stringify Completed in 41057ms
2039 http fetch GET 200 https://registry.npmjs.org/postcss-modules-values/-/postcss-modules-values-4.0.0.tgz 38917ms (cache miss)
2040 timing reifyNode:node_modules/postcss-modules-values Completed in 41057ms
2041 http fetch GET 200 https://registry.npmjs.org/postcss-modules-scope/-/postcss-modules-scope-3.2.0.tgz 38922ms (cache miss)
2042 timing reifyNode:node_modules/postcss-modules-scope Completed in 41060ms
2043 http fetch GET 200 https://registry.npmjs.org/process/-/process-0.11.10.tgz 38941ms (cache miss)
2044 timing reifyNode:node_modules/process Completed in 41063ms
2045 http fetch GET 200 https://registry.npmjs.org/possible-typed-array-names/-/possible-typed-array-names-1.0.0.tgz 38923ms (cache miss)
2046 timing reifyNode:node_modules/possible-typed-array-names Completed in 41069ms
2047 http fetch GET 200 https://registry.npmjs.org/pgpass/-/pgpass-1.0.5.tgz 38915ms (cache miss)
2048 timing reifyNode:node_modules/pgpass Completed in 41070ms
2049 http fetch GET 200 https://registry.npmjs.org/path-type/-/path-type-4.0.0.tgz 38914ms (cache miss)
2050 timing reifyNode:node_modules/path-type Completed in 41073ms
2051 http fetch GET 200 https://registry.npmjs.org/pg-connection-string/-/pg-connection-string-2.6.2.tgz 38919ms (cache miss)
2052 timing reifyNode:node_modules/pg-connection-string Completed in 41079ms
2053 http fetch GET 200 https://registry.npmjs.org/parent-module/-/parent-module-1.0.1.tgz 38916ms (cache miss)
2054 timing reifyNode:node_modules/parent-module Completed in 41081ms
2055 http fetch GET 200 https://registry.npmjs.org/path-is-absolute/-/path-is-absolute-1.0.1.tgz 38922ms (cache miss)
2056 timing reifyNode:node_modules/path-is-absolute Completed in 41090ms
2057 http fetch GET 200 https://registry.npmjs.org/npm-bundled/-/npm-bundled-3.0.0.tgz 38931ms (cache miss)
2058 timing reifyNode:node_modules/npm-bundled Completed in 41114ms
2059 http fetch GET 200 https://registry.npmjs.org/npm-normalize-package-bin/-/npm-normalize-package-bin-3.0.1.tgz 38939ms (cache miss)
2060 timing reifyNode:node_modules/npm-normalize-package-bin Completed in 41123ms
2061 http fetch GET 200 https://registry.npmjs.org/next-tick/-/next-tick-1.1.0.tgz 38934ms (cache miss)
2062 timing reifyNode:node_modules/next-tick Completed in 41131ms
2063 http fetch GET 200 https://registry.npmjs.org/minipass-collect/-/minipass-collect-1.0.2.tgz 38925ms (cache miss)
2064 timing reifyNode:node_modules/minipass-collect Completed in 41135ms
2065 http fetch GET 200 https://registry.npmjs.org/mimic-response/-/mimic-response-1.0.1.tgz 38926ms (cache miss)
2066 timing reifyNode:node_modules/mimic-response Completed in 41139ms
2067 http fetch GET 200 https://registry.npmjs.org/kleur/-/kleur-3.0.3.tgz 38907ms (cache miss)
2068 timing reifyNode:node_modules/kleur Completed in 41144ms
2069 http fetch GET 200 https://registry.npmjs.org/jstransformer/-/jstransformer-1.0.0.tgz 38909ms (cache miss)
2070 timing reifyNode:node_modules/jstransformer Completed in 41150ms
2071 http fetch GET 200 https://registry.npmjs.org/js-tokens/-/js-tokens-4.0.0.tgz 38938ms (cache miss)
2072 timing reifyNode:node_modules/js-tokens Completed in 41191ms
2073 http fetch GET 200 https://registry.npmjs.org/is-path-inside/-/is-path-inside-3.0.3.tgz 38912ms (cache miss)
2074 timing reifyNode:node_modules/is-path-inside Completed in 41198ms
2075 http fetch GET 200 https://registry.npmjs.org/dir-glob/-/dir-glob-3.0.1.tgz 38769ms (cache miss)
2076 timing reifyNode:node_modules/dir-glob Completed in 41192ms
2077 http fetch GET 200 https://registry.npmjs.org/dot-prop/-/dot-prop-6.0.1.tgz 38775ms (cache miss)
2078 timing reifyNode:node_modules/dot-prop Completed in 41196ms
2079 http fetch GET 200 https://registry.npmjs.org/eastasianwidth/-/eastasianwidth-0.2.0.tgz 38781ms (cache miss)
2080 timing reifyNode:node_modules/eastasianwidth Completed in 41201ms
2081 http fetch GET 200 https://registry.npmjs.org/delegates/-/delegates-1.0.0.tgz 38773ms (cache miss)
2082 timing reifyNode:node_modules/delegates Completed in 41204ms
2083 http fetch GET 200 https://registry.npmjs.org/defer-to-connect/-/defer-to-connect-2.0.1.tgz 38775ms (cache miss)
2084 timing reifyNode:node_modules/defer-to-connect Completed in 41207ms
2085 http fetch GET 200 https://registry.npmjs.org/deep-is/-/deep-is-0.1.4.tgz 38778ms (cache miss)
2086 timing reifyNode:node_modules/deep-is Completed in 41210ms
2087 http fetch GET 200 https://registry.npmjs.org/configstore/-/configstore-6.0.0.tgz 38765ms (cache miss)
2088 timing reifyNode:node_modules/configstore Completed in 41218ms
2089 http fetch GET 200 https://registry.npmjs.org/@babel/plugin-syntax-typescript/-/plugin-syntax-typescript-7.24.1.tgz 38582ms (cache miss)
2090 timing reifyNode:node_modules/@babel/plugin-syntax-typescript Completed in 41202ms
2091 http fetch GET 200 https://registry.npmjs.org/colorette/-/colorette-2.0.19.tgz 38774ms (cache miss)
2092 timing reifyNode:node_modules/colorette Completed in 41232ms
2093 http fetch GET 200 https://registry.npmjs.org/chownr/-/chownr-2.0.0.tgz 38781ms (cache miss)
2094 timing reifyNode:node_modules/chownr Completed in 41248ms
2095 http fetch GET 200 https://registry.npmjs.org/clone-deep/-/clone-deep-4.0.1.tgz 38792ms (cache miss)
2096 timing reifyNode:node_modules/clone-deep Completed in 41252ms
2097 http fetch GET 200 https://registry.npmjs.org/cli-boxes/-/cli-boxes-3.0.0.tgz 38798ms (cache miss)
2098 timing reifyNode:node_modules/cli-boxes Completed in 41262ms
2099 http fetch GET 200 https://registry.npmjs.org/color-support/-/color-support-1.1.3.tgz 38803ms (cache miss)
2100 timing reifyNode:node_modules/color-support Completed in 41268ms
2101 http fetch GET 200 https://registry.npmjs.org/balanced-match/-/balanced-match-1.0.2.tgz 38787ms (cache miss)
2102 timing reifyNode:node_modules/balanced-match Completed in 41274ms
2103 http fetch GET 200 https://registry.npmjs.org/babel-preset-current-node-syntax/-/babel-preset-current-node-syntax-1.0.1.tgz 38795ms (cache miss)
2104 timing reifyNode:node_modules/babel-preset-current-node-syntax Completed in 41288ms
2105 http fetch GET 200 https://registry.npmjs.org/@types/debug/-/debug-4.1.12.tgz 38747ms (cache miss)
2106 timing reifyNode:node_modules/@types/debug Completed in 41300ms
2107 timing reifyNode:node_modules/hasown Completed in 41361ms
2108 http fetch GET 200 https://registry.npmjs.org/has-unicode/-/has-unicode-2.0.1.tgz 39036ms (cache miss)
2109 timing reifyNode:node_modules/has-unicode Completed in 41362ms
2110 http fetch GET 200 https://registry.npmjs.org/glob-parent/-/glob-parent-6.0.2.tgz 39042ms (cache miss)
2111 timing reifyNode:node_modules/glob-parent Completed in 41383ms
2112 http fetch GET 200 https://registry.npmjs.org/isobject/-/isobject-3.0.1.tgz 39171ms (cache miss)
2113 timing reifyNode:node_modules/isobject Completed in 41447ms
2114 http fetch GET 200 https://registry.npmjs.org/is-plain-object/-/is-plain-object-2.0.4.tgz 39179ms (cache miss)
2115 timing reifyNode:node_modules/is-plain-object Completed in 41464ms
2116 http fetch GET 200 https://registry.npmjs.org/@fastify/flash/-/flash-5.1.0.tgz 38820ms (cache miss)
2117 http fetch GET 200 https://registry.npmjs.org/@jest/console/-/console-29.7.0.tgz 38863ms (cache miss)
2118 http fetch GET 200 https://registry.npmjs.org/@jest/schemas/-/schemas-29.6.3.tgz 38878ms (cache miss)
2119 timing reifyNode:node_modules/@jest/schemas Completed in 41465ms
2120 http fetch GET 200 https://registry.npmjs.org/@jest/test-sequencer/-/test-sequencer-29.7.0.tgz 38881ms (cache miss)
2121 timing reifyNode:node_modules/@jest/test-sequencer Completed in 41469ms
2122 http fetch GET 200 https://registry.npmjs.org/@babel/plugin-syntax-json-strings/-/plugin-syntax-json-strings-7.8.3.tgz 38855ms (cache miss)
2123 timing reifyNode:node_modules/@babel/plugin-syntax-json-strings Completed in 41483ms
2124 http fetch GET 200 https://registry.npmjs.org/@webpack-cli/info/-/info-2.0.2.tgz 38981ms (cache miss)
2125 timing reifyNode:node_modules/@webpack-cli/info Completed in 41503ms
2126 http fetch GET 200 https://registry.npmjs.org/babel-jest/-/babel-jest-29.7.0.tgz 39023ms (cache miss)
2127 timing reifyNode:node_modules/babel-jest Completed in 41518ms
2128 http fetch GET 200 https://registry.npmjs.org/@webassemblyjs/utf8/-/utf8-1.11.6.tgz 38992ms (cache miss)
2129 timing reifyNode:node_modules/@webassemblyjs/utf8 Completed in 41519ms
2130 http fetch GET 200 https://registry.npmjs.org/aproba/-/aproba-2.0.0.tgz 39019ms (cache miss)
2131 timing reifyNode:node_modules/aproba Completed in 41526ms
2132 http fetch GET 200 https://registry.npmjs.org/abstract-logging/-/abstract-logging-2.0.1.tgz 39012ms (cache miss)
2133 timing reifyNode:node_modules/abstract-logging Completed in 41525ms
2134 http fetch GET 200 https://registry.npmjs.org/@webassemblyjs/helper-numbers/-/helper-numbers-1.11.6.tgz 39007ms (cache miss)
2135 timing reifyNode:node_modules/@webassemblyjs/helper-numbers Completed in 41537ms
2136 http fetch GET 200 https://registry.npmjs.org/@types/semver-utils/-/semver-utils-1.1.3.tgz 38999ms (cache miss)
2137 timing reifyNode:node_modules/@types/semver-utils Completed in 41539ms
2138 http fetch GET 200 https://registry.npmjs.org/acorn-import-assertions/-/acorn-import-assertions-1.9.0.tgz 39041ms (cache miss)
2139 timing reifyNode:node_modules/acorn-import-assertions Completed in 41552ms
2140 http fetch GET 200 https://registry.npmjs.org/@types/http-cache-semantics/-/http-cache-semantics-4.0.1.tgz 39001ms (cache miss)
2141 timing reifyNode:node_modules/@types/http-cache-semantics Completed in 41550ms
2142 http fetch GET 200 https://registry.npmjs.org/@tootallnate/once/-/once-2.0.0.tgz 38998ms (cache miss)
2143 http fetch GET 200 https://registry.npmjs.org/@types/babel__generator/-/babel__generator-7.6.8.tgz 39009ms (cache miss)
2144 timing reifyNode:node_modules/@types/babel__generator Completed in 41568ms
2145 http fetch GET 200 https://registry.npmjs.org/@webassemblyjs/helper-wasm-section/-/helper-wasm-section-1.12.1.tgz 39043ms (cache miss)
2146 http fetch GET 200 https://registry.npmjs.org/@types/stack-utils/-/stack-utils-2.0.3.tgz 39035ms (cache miss)
2147 timing reifyNode:node_modules/@types/stack-utils Completed in 41573ms
2148 http fetch GET 200 https://registry.npmjs.org/@babel/helper-validator-option/-/helper-validator-option-7.23.5.tgz 38951ms (cache miss)
2149 http fetch GET 200 https://registry.npmjs.org/interpret/-/interpret-3.1.1.tgz 38929ms (cache miss)
2150 timing reifyNode:node_modules/webpack-cli/node_modules/interpret Completed in 41685ms
2151 http fetch GET 200 https://registry.npmjs.org/strip-bom/-/strip-bom-3.0.0.tgz 38934ms (cache miss)
2152 timing reifyNode:node_modules/tsconfig-paths/node_modules/strip-bom Completed in 41685ms
2153 http fetch GET 200 https://registry.npmjs.org/@babel/helper-plugin-utils/-/helper-plugin-utils-7.24.0.tgz 38961ms (cache miss)
2154 timing reifyNode:node_modules/@babel/helper-plugin-utils Completed in 41593ms
2155 http fetch GET 200 https://registry.npmjs.org/@babel/helper-split-export-declaration/-/helper-split-export-declaration-7.22.6.tgz 38969ms (cache miss)
2156 timing reifyNode:node_modules/@babel/helper-split-export-declaration Completed in 41601ms
2157 http fetch GET 200 https://registry.npmjs.org/@aashutoshrathi/word-wrap/-/word-wrap-1.2.6.tgz 38956ms (cache miss)
2158 timing reifyNode:node_modules/@aashutoshrathi/word-wrap Completed in 41600ms
2159 http fetch GET 200 https://registry.npmjs.org/@babel/plugin-syntax-numeric-separator/-/plugin-syntax-numeric-separator-7.10.4.tgz 38989ms (cache miss)
2160 timing reifyNode:node_modules/@babel/plugin-syntax-numeric-separator Completed in 41613ms
2161 http fetch GET 200 https://registry.npmjs.org/escalade/-/escalade-3.1.1.tgz 39248ms (cache miss)
2162 http fetch GET 200 https://registry.npmjs.org/error-ex/-/error-ex-1.3.2.tgz 39243ms (cache miss)
2163 timing reifyNode:node_modules/error-ex Completed in 41655ms
2164 http fetch GET 200 https://registry.npmjs.org/isbinaryfile/-/isbinaryfile-4.0.10.tgz 39435ms (cache miss)
2165 timing reifyNode:node_modules/isbinaryfile Completed in 41711ms
2166 http fetch GET 200 https://registry.npmjs.org/pug-walk/-/pug-walk-2.0.0.tgz 39635ms (cache miss)
2167 timing reifyNode:node_modules/pug-walk Completed in 41745ms
2168 http fetch GET 200 https://registry.npmjs.org/rechoir/-/rechoir-0.8.0.tgz 39660ms (cache miss)
2169 timing reifyNode:node_modules/rechoir Completed in 41751ms
2170 http fetch GET 200 https://registry.npmjs.org/isexe/-/isexe-2.0.0.tgz 39459ms (cache miss)
2171 timing reifyNode:node_modules/isexe Completed in 41736ms
2172 http fetch GET 200 https://registry.npmjs.org/read-package-json-fast/-/read-package-json-fast-3.0.2.tgz 39671ms (cache miss)
2173 timing reifyNode:node_modules/read-package-json-fast Completed in 41764ms
2174 http fetch GET 200 https://registry.npmjs.org/registry-url/-/registry-url-6.0.1.tgz 39677ms (cache miss)
2175 timing reifyNode:node_modules/registry-url Completed in 41770ms
2176 http fetch GET 200 https://registry.npmjs.org/semver-diff/-/semver-diff-4.0.0.tgz 39708ms (cache miss)
2177 timing reifyNode:node_modules/semver-diff Completed in 41779ms
2178 http fetch GET 200 https://registry.npmjs.org/slash/-/slash-3.0.0.tgz 39734ms (cache miss)
2179 timing reifyNode:node_modules/slash Completed in 41784ms
2180 http fetch GET 200 https://registry.npmjs.org/ssri/-/ssri-9.0.1.tgz 38953ms (cache miss)
2181 timing reifyNode:node_modules/node-gyp/node_modules/ssri Completed in 41768ms
2182 http fetch GET 200 https://registry.npmjs.org/minipass/-/minipass-5.0.0.tgz 38981ms (cache miss)
2183 timing reifyNode:node_modules/make-fetch-happen/node_modules/minipass Completed in 41777ms
2184 timing metavuln:cache:put:security-advisory:fastify:5OdrwYv5Xzq+rI3bchsuaHIz85Yyo5gTdhOrQGf2Em7pRhXXR2ur0R7W7qQ6UpWsSxuRBW8Fdp57dyqUhR5/yw== Completed in 28544ms
2185 timing metavuln:calculate:security-advisory:fastify:1112876 Completed in 40266ms
2186 timing reifyNode:node_modules/@fastify/ajv-compiler/node_modules/json-schema-traverse Completed in 41787ms
2187 timing reifyNode:node_modules/fast-json-stringify/node_modules/json-schema-traverse Completed in 41822ms
2188 http fetch GET 200 https://registry.npmjs.org/jest-leak-detector/-/jest-leak-detector-29.7.0.tgz 39589ms (cache miss)
2189 timing reifyNode:node_modules/jest-leak-detector Completed in 41851ms
2190 timing reifyNode:node_modules/ajv-formats/node_modules/json-schema-traverse Completed in 41819ms
2191 http fetch GET 200 https://registry.npmjs.org/is-stream/-/is-stream-2.0.1.tgz 39583ms (cache miss)
2192 timing reifyNode:node_modules/is-stream Completed in 41868ms
2193 http fetch GET 200 https://registry.npmjs.org/is-glob/-/is-glob-4.0.3.tgz 39579ms (cache miss)
2194 timing reifyNode:node_modules/is-glob Completed in 41879ms
2195 http fetch GET 200 https://registry.npmjs.org/is-expression/-/is-expression-4.0.0.tgz 39587ms (cache miss)
2196 timing reifyNode:node_modules/is-expression Completed in 41883ms
2197 http fetch GET 200 https://registry.npmjs.org/import-fresh/-/import-fresh-3.3.0.tgz 39569ms (cache miss)
2198 timing reifyNode:node_modules/import-fresh Completed in 41884ms
2199 http fetch GET 200 https://registry.npmjs.org/ieee754/-/ieee754-1.2.1.tgz 39572ms (cache miss)
2200 timing reifyNode:node_modules/ieee754 Completed in 41890ms
2201 http fetch GET 200 https://registry.npmjs.org/imurmurhash/-/imurmurhash-0.1.4.tgz 39585ms (cache miss)
2202 timing reifyNode:node_modules/imurmurhash Completed in 41895ms
2203 http fetch GET 200 https://registry.npmjs.org/import-lazy/-/import-lazy-4.0.0.tgz 39587ms (cache miss)
2204 timing reifyNode:node_modules/import-lazy Completed in 41900ms
2205 http fetch GET 200 https://registry.npmjs.org/util-deprecate/-/util-deprecate-1.0.2.tgz 39985ms (cache miss)
2206 timing reifyNode:node_modules/util-deprecate Completed in 41984ms
2207 http fetch GET 200 https://registry.npmjs.org/which/-/which-2.0.2.tgz 40011ms (cache miss)
2208 timing reifyNode:node_modules/which Completed in 41991ms
2209 http fetch GET 200 https://registry.npmjs.org/type-detect/-/type-detect-4.0.8.tgz 39984ms (cache miss)
2210 timing reifyNode:node_modules/type-detect Completed in 41992ms
2211 http fetch GET 200 https://registry.npmjs.org/stack-utils/-/stack-utils-2.0.6.tgz 39959ms (cache miss)
2212 timing reifyNode:node_modules/stack-utils Completed in 41993ms
2213 http fetch GET 200 https://registry.npmjs.org/spdx-correct/-/spdx-correct-3.2.0.tgz 39952ms (cache miss)
2214 timing reifyNode:node_modules/spdx-correct Completed in 41995ms
2215 http fetch GET 200 https://registry.npmjs.org/string-width/-/string-width-4.2.3.tgz 39979ms (cache miss)
2216 timing reifyNode:node_modules/string-width-cjs Completed in 42011ms
2217 http fetch GET 200 https://registry.npmjs.org/signal-exit/-/signal-exit-3.0.7.tgz 39952ms (cache miss)
2218 timing reifyNode:node_modules/signal-exit Completed in 42027ms
2219 timing reifyNode:node_modules/safe-regex-test Completed in 42035ms
2220 http fetch GET 200 https://registry.npmjs.org/set-cookie-parser/-/set-cookie-parser-2.6.0.tgz 39973ms (cache miss)
2221 timing reifyNode:node_modules/set-cookie-parser Completed in 42039ms
2222 http fetch GET 200 https://registry.npmjs.org/punycode/-/punycode-2.1.1.tgz 39938ms (cache miss)
2223 timing reifyNode:node_modules/punycode Completed in 42041ms
2224 http fetch GET 200 https://registry.npmjs.org/pug-code-gen/-/pug-code-gen-3.0.2.tgz 39943ms (cache miss)
2225 timing reifyNode:node_modules/pug-code-gen Completed in 42059ms
2226 http fetch GET 200 https://registry.npmjs.org/pkg-dir/-/pkg-dir-4.2.0.tgz 39929ms (cache miss)
2227 timing reifyNode:node_modules/pkg-dir Completed in 42082ms
2228 http fetch GET 200 https://registry.npmjs.org/pirates/-/pirates-4.0.6.tgz 39954ms (cache miss)
2229 timing reifyNode:node_modules/pirates Completed in 42103ms
2230 http fetch GET 200 https://registry.npmjs.org/package-json/-/package-json-8.1.0.tgz 39940ms (cache miss)
2231 timing reifyNode:node_modules/package-json Completed in 42108ms
2232 http fetch GET 200 https://registry.npmjs.org/normalize-url/-/normalize-url-6.1.0.tgz 39924ms (cache miss)
2233 timing reifyNode:node_modules/normalize-url Completed in 42113ms
2234 http fetch GET 200 https://registry.npmjs.org/npm-install-checks/-/npm-install-checks-6.3.0.tgz 39934ms (cache miss)
2235 timing reifyNode:node_modules/npm-install-checks Completed in 42118ms
2236 http fetch GET 200 https://registry.npmjs.org/npm-packlist/-/npm-packlist-7.0.4.tgz 39947ms (cache miss)
2237 timing reifyNode:node_modules/npm-packlist Completed in 42130ms
2238 http fetch GET 200 https://registry.npmjs.org/node-releases/-/node-releases-2.0.14.tgz 39939ms (cache miss)
2239 timing reifyNode:node_modules/node-releases Completed in 42132ms
2240 http fetch GET 200 https://registry.npmjs.org/node-abi/-/node-abi-3.60.0.tgz 39939ms (cache miss)
2241 timing reifyNode:node_modules/node-abi Completed in 42143ms
2242 http fetch GET 200 https://registry.npmjs.org/lodash.compact/-/lodash.compact-3.0.1.tgz 39942ms (cache miss)
2243 timing reifyNode:node_modules/lodash.compact Completed in 42172ms
2244 http fetch GET 200 https://registry.npmjs.org/keyv/-/keyv-4.5.4.tgz 39937ms (cache miss)
2245 timing reifyNode:node_modules/keyv Completed in 42175ms
2246 http fetch GET 200 https://registry.npmjs.org/loader-runner/-/loader-runner-4.3.0.tgz 39960ms (cache miss)
2247 timing reifyNode:node_modules/loader-runner Completed in 42192ms
2248 http fetch GET 200 https://registry.npmjs.org/json-stable-stringify-without-jsonify/-/json-stable-stringify-without-jsonify-1.0.1.tgz 39946ms (cache miss)
2249 http fetch GET 200 https://registry.npmjs.org/decompress-response/-/decompress-response-6.0.0.tgz 39780ms (cache miss)
2250 timing reifyNode:node_modules/decompress-response Completed in 42214ms
2251 http fetch GET 200 https://registry.npmjs.org/cssesc/-/cssesc-3.0.0.tgz 39777ms (cache miss)
2252 timing reifyNode:node_modules/cssesc Completed in 42217ms
2253 http fetch GET 200 https://registry.npmjs.org/config-chain/-/config-chain-1.1.13.tgz 39782ms (cache miss)
2254 timing reifyNode:node_modules/config-chain Completed in 42228ms
2255 http fetch GET 200 https://registry.npmjs.org/data-view-byte-length/-/data-view-byte-length-1.0.1.tgz 39794ms (cache miss)
2256 http fetch GET 200 https://registry.npmjs.org/content-disposition/-/content-disposition-0.5.4.tgz 39791ms (cache miss)
2257 timing reifyNode:node_modules/content-disposition Completed in 42238ms
2258 timing reifyNode:node_modules/commist Completed in 42239ms
2259 http fetch GET 200 https://registry.npmjs.org/@babel/plugin-syntax-bigint/-/plugin-syntax-bigint-7.8.3.tgz 39590ms (cache miss)
2260 timing reifyNode:node_modules/@babel/plugin-syntax-bigint Completed in 42217ms
2261 http fetch GET 200 https://registry.npmjs.org/ansi-styles/-/ansi-styles-3.2.1.tgz 39342ms (cache miss)
2262 timing reifyNode:node_modules/@babel/highlight/node_modules/ansi-styles Completed in 42219ms
2263 http fetch GET 200 https://registry.npmjs.org/@lukeed/ms/-/ms-2.0.2.tgz 39656ms (cache miss)
2264 timing reifyNode:node_modules/@lukeed/ms Completed in 42236ms
2265 http fetch GET 200 https://registry.npmjs.org/@npmcli/installed-package-contents/-/installed-package-contents-2.0.2.tgz 39664ms (cache miss)
2266 timing reifyNode:node_modules/@npmcli/installed-package-contents Completed in 42239ms
2267 http fetch GET 200 https://registry.npmjs.org/clone-response/-/clone-response-1.0.3.tgz 39809ms (cache miss)
2268 timing reifyNode:node_modules/clone-response Completed in 42269ms
2269 http fetch GET 200 https://registry.npmjs.org/callsites/-/callsites-3.1.0.tgz 39800ms (cache miss)
2270 timing reifyNode:node_modules/callsites Completed in 42269ms
2271 http fetch GET 200 https://registry.npmjs.org/boxen/-/boxen-7.0.0.tgz 39797ms (cache miss)
2272 timing reifyNode:node_modules/boxen Completed in 42281ms
2273 http fetch GET 200 https://registry.npmjs.org/babel-plugin-jest-hoist/-/babel-plugin-jest-hoist-29.6.3.tgz 39794ms (cache miss)
2274 timing reifyNode:node_modules/babel-plugin-jest-hoist Completed in 42283ms
2275 http fetch GET 200 https://registry.npmjs.org/babel-preset-jest/-/babel-preset-jest-29.6.3.tgz 39799ms (cache miss)
2276 timing reifyNode:node_modules/babel-preset-jest Completed in 42286ms
2277 http fetch GET 200 https://registry.npmjs.org/infer-owner/-/infer-owner-1.0.4.tgz 40009ms (cache miss)
2278 timing reifyNode:node_modules/infer-owner Completed in 42317ms
2279 http fetch GET 200 https://registry.npmjs.org/@webpack-cli/serve/-/serve-2.0.5.tgz 39763ms (cache miss)
2280 timing reifyNode:node_modules/@webpack-cli/serve Completed in 42290ms
2281 http fetch GET 200 https://registry.npmjs.org/ip/-/ip-2.0.0.tgz 40021ms (cache miss)
2282 timing reifyNode:node_modules/ip Completed in 42326ms
2283 http fetch GET 200 https://registry.npmjs.org/hosted-git-info/-/hosted-git-info-5.2.1.tgz 40001ms (cache miss)
2284 timing reifyNode:node_modules/hosted-git-info Completed in 42326ms
2285 http fetch GET 200 https://registry.npmjs.org/html-escaper/-/html-escaper-2.0.2.tgz 40012ms (cache miss)
2286 http fetch GET 200 https://registry.npmjs.org/http-errors/-/http-errors-2.0.0.tgz 40015ms (cache miss)
2287 timing reifyNode:node_modules/http-errors Completed in 42337ms
2288 http fetch GET 200 https://registry.npmjs.org/gopd/-/gopd-1.0.1.tgz 40000ms (cache miss)
2289 timing reifyNode:node_modules/gopd Completed in 42341ms
2290 http fetch GET 200 https://registry.npmjs.org/fp-and-or/-/fp-and-or-0.1.4.tgz 39989ms (cache miss)
2291 timing reifyNode:node_modules/fp-and-or Completed in 42341ms
2292 http fetch GET 200 https://registry.npmjs.org/has-flag/-/has-flag-4.0.0.tgz 40017ms (cache miss)
2293 timing reifyNode:node_modules/has-flag Completed in 42348ms
2294 http fetch GET 200 https://registry.npmjs.org/get-stdin/-/get-stdin-8.0.0.tgz 40009ms (cache miss)
2295 timing reifyNode:node_modules/get-stdin Completed in 42354ms
2296 http fetch GET 200 https://registry.npmjs.org/fastify-method-override/-/fastify-method-override-1.5.10.tgz 40006ms (cache miss)
2297 timing reifyNode:node_modules/fastify-method-override Completed in 42376ms
2298 http fetch GET 200 https://registry.npmjs.org/fs-minipass/-/fs-minipass-2.1.0.tgz 40031ms (cache miss)
2299 timing reifyNode:node_modules/fs-minipass Completed in 42382ms
2300 http fetch GET 200 https://registry.npmjs.org/github-from-package/-/github-from-package-0.0.0.tgz 40044ms (cache miss)
2301 http fetch GET 200 https://registry.npmjs.org/fast-levenshtein/-/fast-levenshtein-2.0.6.tgz 40006ms (cache miss)
2302 timing reifyNode:node_modules/fast-levenshtein Completed in 42396ms
2303 http fetch GET 200 https://registry.npmjs.org/is-number/-/is-number-7.0.0.tgz 40140ms (cache miss)
2304 timing reifyNode:node_modules/is-number Completed in 42426ms
2305 http fetch GET 200 https://registry.npmjs.org/@gar/promisify/-/promisify-1.1.3.tgz 39839ms (cache miss)
2306 timing reifyNode:node_modules/@gar/promisify Completed in 42441ms
2307 http fetch GET 200 https://registry.npmjs.org/@jest/expect/-/expect-29.7.0.tgz 39855ms (cache miss)
2308 timing reifyNode:node_modules/@jest/expect Completed in 42448ms
2309 http fetch GET 200 https://registry.npmjs.org/archy/-/archy-1.0.0.tgz 39991ms (cache miss)
2310 timing reifyNode:node_modules/archy Completed in 42498ms
2311 http fetch GET 200 https://registry.npmjs.org/abbrev/-/abbrev-1.1.1.tgz 39990ms (cache miss)
2312 timing reifyNode:node_modules/abbrev Completed in 42505ms
2313 http fetch GET 200 https://registry.npmjs.org/@xtuc/ieee754/-/ieee754-1.2.0.tgz 39984ms (cache miss)
2314 timing reifyNode:node_modules/@xtuc/ieee754 Completed in 42508ms
2315 http fetch GET 200 https://registry.npmjs.org/@webassemblyjs/wasm-opt/-/wasm-opt-1.12.1.tgz 39985ms (cache miss)
2316 timing reifyNode:node_modules/@webassemblyjs/wasm-opt Completed in 42511ms
2317 http fetch GET 200 https://registry.npmjs.org/ansi-escapes/-/ansi-escapes-4.3.2.tgz 40008ms (cache miss)
2318 timing reifyNode:node_modules/ansi-escapes Completed in 42522ms
2319 http fetch GET 200 https://registry.npmjs.org/@npmcli/move-file/-/move-file-2.0.1.tgz 39945ms (cache miss)
2320 warn deprecated @npmcli/move-file@2.0.1: This functionality has been moved to @npmcli/fs
2321 timing reifyNode:node_modules/@npmcli/move-file Completed in 42521ms
2322 http fetch GET 200 https://registry.npmjs.org/@types/istanbul-lib-coverage/-/istanbul-lib-coverage-2.0.6.tgz 39990ms (cache miss)
2323 timing reifyNode:node_modules/@types/istanbul-lib-coverage Completed in 42540ms
2324 http fetch GET 200 https://registry.npmjs.org/ansi-styles/-/ansi-styles-4.3.0.tgz 40039ms (cache miss)
2325 timing reifyNode:node_modules/ansi-styles Completed in 42551ms
2326 http fetch GET 200 https://registry.npmjs.org/@types/istanbul-reports/-/istanbul-reports-3.0.4.tgz 39999ms (cache miss)
2327 timing reifyNode:node_modules/@types/istanbul-reports Completed in 42547ms
2328 http fetch GET 200 https://registry.npmjs.org/@npmcli/node-gyp/-/node-gyp-3.0.0.tgz 39975ms (cache miss)
2329 timing reifyNode:node_modules/@npmcli/node-gyp Completed in 42552ms
2330 http fetch GET 200 https://registry.npmjs.org/@tufjs/canonical-json/-/canonical-json-1.0.0.tgz 40002ms (cache miss)
2331 timing reifyNode:node_modules/@tufjs/canonical-json Completed in 42559ms
2332 http fetch GET 200 https://registry.npmjs.org/@types/yargs-parser/-/yargs-parser-21.0.3.tgz 40030ms (cache miss)
2333 timing reifyNode:node_modules/@types/yargs-parser Completed in 42568ms
2334 http fetch GET 200 https://registry.npmjs.org/@types/istanbul-lib-report/-/istanbul-lib-report-3.0.3.tgz 40021ms (cache miss)
2335 timing reifyNode:node_modules/@types/istanbul-lib-report Completed in 42573ms
2336 http fetch GET 200 https://registry.npmjs.org/@webassemblyjs/wasm-gen/-/wasm-gen-1.12.1.tgz 40055ms (cache miss)
2337 http fetch GET 200 https://registry.npmjs.org/@types/json5/-/json5-0.0.29.tgz 40041ms (cache miss)
2338 timing reifyNode:node_modules/@types/json5 Completed in 42588ms
2339 http fetch GET 200 https://registry.npmjs.org/@babel/plugin-syntax-nullish-coalescing-operator/-/plugin-syntax-nullish-coalescing-operator-7.8.3.tgz 39974ms (cache miss)
2340 timing reifyNode:node_modules/@babel/plugin-syntax-nullish-coalescing-operator Completed in 42598ms
2341 timing reifyNode:node_modules/escalade Completed in 42642ms
2342 http fetch GET 200 https://registry.npmjs.org/tree-kill/-/tree-kill-1.2.2.tgz 40703ms (cache miss)
2343 timing reifyNode:node_modules/tree-kill Completed in 42717ms
2344 http fetch GET 200 https://registry.npmjs.org/eslint-import-resolver-node/-/eslint-import-resolver-node-0.3.9.tgz 40265ms (cache miss)
2345 timing reifyNode:node_modules/eslint-import-resolver-node Completed in 42660ms
2346 http fetch GET 200 https://registry.npmjs.org/real-require/-/real-require-0.2.0.tgz 40635ms (cache miss)
2347 timing reifyNode:node_modules/real-require Completed in 42727ms
2348 http fetch GET 200 https://registry.npmjs.org/npmlog/-/npmlog-6.0.2.tgz 40545ms (cache miss)
2349 timing reifyNode:node_modules/npmlog Completed in 42727ms
2350 http fetch GET 200 https://registry.npmjs.org/safe-regex2/-/safe-regex2-2.0.0.tgz 40656ms (cache miss)
2351 timing reifyNode:node_modules/safe-regex2 Completed in 42750ms
2352 http fetch GET 200 https://registry.npmjs.org/setprototypeof/-/setprototypeof-1.2.0.tgz 40692ms (cache miss)
2353 timing reifyNode:node_modules/setprototypeof Completed in 42755ms
2354 http fetch GET 200 https://registry.npmjs.org/@babel/plugin-syntax-class-properties/-/plugin-syntax-class-properties-7.12.13.tgz 40058ms (cache miss)
2355 timing reifyNode:node_modules/@babel/plugin-syntax-class-properties Completed in 42682ms
2356 http fetch GET 200 https://registry.npmjs.org/espree/-/espree-9.6.1.tgz 39967ms (cache miss)
2357 timing reifyNode:node_modules/eslint/node_modules/espree Completed in 42779ms
2358 timing metavuln:cache:put:security-advisory:nanoid:SvMVdtEUVO5ESues2DL9aEFMy6oMG+saOn/tNitKJcx7q7CvMfC5ZcstpC8dbnZl5KL/q/3pYBvQrAPBFsC+nQ== Completed in 23366ms
2359 timing metavuln:calculate:security-advisory:nanoid:1109563 Completed in 41244ms
2360 http fetch GET 200 https://registry.npmjs.org/glob/-/glob-7.2.3.tgz 40028ms (cache miss)
2361 timing reifyNode:node_modules/node-gyp/node_modules/glob Completed in 42819ms
2362 http fetch GET 200 https://registry.npmjs.org/glob/-/glob-7.2.3.tgz 40082ms (cache miss)
2363 timing reifyNode:node_modules/sqlite3/node_modules/glob Completed in 42844ms
2364 http fetch GET 200 https://registry.npmjs.org/glob/-/glob-7.2.3.tgz 40074ms (cache miss)
2365 timing reifyNode:node_modules/rimraf/node_modules/glob Completed in 42840ms
2366 http fetch GET 200 https://registry.npmjs.org/depd/-/depd-1.1.2.tgz 39976ms (cache miss)
2367 timing reifyNode:node_modules/agentkeepalive/node_modules/depd Completed in 42796ms
2368 http fetch GET 200 https://registry.npmjs.org/@fastify/deepmerge/-/deepmerge-1.3.0.tgz 40190ms (cache miss)
2369 timing reifyNode:node_modules/@fastify/deepmerge Completed in 42796ms
2370 http fetch GET 200 https://registry.npmjs.org/@babel/helper-simple-access/-/helper-simple-access-7.22.5.tgz 40162ms (cache miss)
2371 timing reifyNode:node_modules/@babel/helper-simple-access Completed in 42795ms
2372 http fetch GET 200 https://registry.npmjs.org/is-ci/-/is-ci-3.0.1.tgz 40548ms (cache miss)
2373 timing reifyNode:node_modules/is-ci Completed in 42848ms
2374 http fetch GET 200 https://registry.npmjs.org/validate-npm-package-license/-/validate-npm-package-license-3.0.4.tgz 40959ms (cache miss)
2375 timing reifyNode:node_modules/validate-npm-package-license Completed in 42965ms
2376 http fetch GET 200 https://registry.npmjs.org/text-table/-/text-table-0.2.0.tgz 40940ms (cache miss)
2377 timing reifyNode:node_modules/supports-preserve-symlinks-flag Completed in 42996ms
2378 http fetch GET 200 https://registry.npmjs.org/statuses/-/statuses-2.0.1.tgz 40960ms (cache miss)
2379 timing reifyNode:node_modules/statuses Completed in 42994ms
2380 http fetch GET 200 https://registry.npmjs.org/strip-ansi/-/strip-ansi-6.0.1.tgz 40973ms (cache miss)
2381 timing reifyNode:node_modules/strip-ansi Completed in 43003ms
2382 http fetch GET 200 https://registry.npmjs.org/strip-json-comments/-/strip-json-comments-3.1.1.tgz 40978ms (cache miss)
2383 timing reifyNode:node_modules/strip-json-comments Completed in 43005ms
2384 http fetch GET 200 https://registry.npmjs.org/split2/-/split2-3.2.2.tgz 40972ms (cache miss)
2385 timing reifyNode:node_modules/split2 Completed in 43016ms
2386 http fetch GET 200 https://registry.npmjs.org/run-parallel/-/run-parallel-1.2.0.tgz 40946ms (cache miss)
2387 timing reifyNode:node_modules/run-parallel Completed in 43020ms
2388 http fetch GET 200 https://registry.npmjs.org/rimraf/-/rimraf-3.0.2.tgz 40951ms (cache miss)
2389 timing reifyNode:node_modules/rimraf Completed in 43027ms
2390 http fetch GET 200 https://registry.npmjs.org/postgres-interval/-/postgres-interval-1.2.0.tgz 40925ms (cache miss)
2391 timing reifyNode:node_modules/postgres-interval Completed in 43050ms
2392 http fetch GET 200 https://registry.npmjs.org/postcss-modules-local-by-default/-/postcss-modules-local-by-default-4.0.5.tgz 40913ms (cache miss)
2393 timing reifyNode:node_modules/postcss-modules-local-by-default Completed in 43053ms
2394 http fetch GET 200 https://registry.npmjs.org/parse-github-url/-/parse-github-url-1.0.2.tgz 40888ms (cache miss)
2395 timing reifyNode:node_modules/parse-github-url Completed in 43053ms
2396 http fetch GET 200 https://registry.npmjs.org/object-assign/-/object-assign-4.1.1.tgz 40899ms (cache miss)
2397 timing reifyNode:node_modules/object-assign Completed in 43077ms
2398 http fetch GET 200 https://registry.npmjs.org/npm-pick-manifest/-/npm-pick-manifest-8.0.2.tgz 40901ms (cache miss)
2399 timing reifyNode:node_modules/npm-pick-manifest Completed in 43084ms
2400 http fetch GET 200 https://registry.npmjs.org/p-cancelable/-/p-cancelable-3.0.0.tgz 40915ms (cache miss)
2401 timing reifyNode:node_modules/p-cancelable Completed in 43091ms
2402 http fetch GET 200 https://registry.npmjs.org/mkdirp-classic/-/mkdirp-classic-0.5.3.tgz 40885ms (cache miss)
2403 timing reifyNode:node_modules/mkdirp-classic Completed in 43089ms
2404 http fetch GET 200 https://registry.npmjs.org/node-gyp-build/-/node-gyp-build-4.8.0.tgz 40905ms (cache miss)
2405 timing reifyNode:node_modules/node-gyp-build Completed in 43095ms
2406 http fetch GET 200 https://registry.npmjs.org/node-int64/-/node-int64-0.4.0.tgz 40917ms (cache miss)
2407 timing reifyNode:node_modules/node-int64 Completed in 43108ms
2408 http fetch GET 200 https://registry.npmjs.org/make-dir/-/make-dir-4.0.0.tgz 40898ms (cache miss)
2409 timing reifyNode:node_modules/make-dir Completed in 43120ms
2410 http fetch GET 200 https://registry.npmjs.org/levn/-/levn-0.4.1.tgz 40892ms (cache miss)
2411 timing reifyNode:node_modules/levn Completed in 43127ms
2412 http fetch GET 200 https://registry.npmjs.org/jsesc/-/jsesc-2.5.2.tgz 40882ms (cache miss)
2413 timing reifyNode:node_modules/jsesc Completed in 43131ms
2414 http fetch GET 200 https://registry.npmjs.org/detect-newline/-/detect-newline-3.1.0.tgz 40724ms (cache miss)
2415 timing reifyNode:node_modules/detect-newline Completed in 43147ms
2416 http fetch GET 200 https://registry.npmjs.org/jsonfile/-/jsonfile-6.1.0.tgz 40936ms (cache miss)
2417 timing reifyNode:node_modules/jsonfile Completed in 43178ms
2418 http fetch GET 200 https://registry.npmjs.org/jest-message-util/-/jest-message-util-29.7.0.tgz 40933ms (cache miss)
2419 timing reifyNode:node_modules/jest-message-util Completed in 43197ms
2420 http fetch GET 200 https://registry.npmjs.org/depd/-/depd-2.0.0.tgz 40755ms (cache miss)
2421 timing reifyNode:node_modules/depd Completed in 43183ms
2422 http fetch GET 200 https://registry.npmjs.org/convert-source-map/-/convert-source-map-2.0.0.tgz 40755ms (cache miss)
2423 timing reifyNode:node_modules/convert-source-map Completed in 43201ms
2424 http fetch GET 200 https://registry.npmjs.org/d/-/d-1.0.2.tgz 40788ms (cache miss)
2425 timing reifyNode:node_modules/d Completed in 43227ms
2426 http fetch GET 200 https://registry.npmjs.org/@babel/plugin-syntax-logical-assignment-operators/-/plugin-syntax-logical-assignment-operators-7.10.4.tgz 40579ms (cache miss)
2427 timing reifyNode:node_modules/@babel/plugin-syntax-logical-assignment-operators Completed in 43210ms
2428 http fetch GET 200 https://registry.npmjs.org/@babel/plugin-syntax-top-level-await/-/plugin-syntax-top-level-await-7.14.5.tgz 40593ms (cache miss)
2429 timing reifyNode:node_modules/@babel/plugin-syntax-top-level-await Completed in 43214ms
2430 http fetch GET 200 https://registry.npmjs.org/has-flag/-/has-flag-3.0.0.tgz 40361ms (cache miss)
2431 timing reifyNode:node_modules/@babel/highlight/node_modules/has-flag Completed in 43220ms
2432 http fetch GET 200 https://registry.npmjs.org/char-regex/-/char-regex-1.0.2.tgz 40776ms (cache miss)
2433 timing reifyNode:node_modules/char-regex Completed in 43247ms
2434 http fetch GET 200 https://registry.npmjs.org/cacheable-request/-/cacheable-request-7.0.2.tgz 40864ms (cache miss)
2435 timing reifyNode:node_modules/cacheable-request Completed in 43344ms
2436 http fetch GET 200 https://registry.npmjs.org/bindings/-/bindings-1.5.0.tgz 40864ms (cache miss)
2437 timing reifyNode:node_modules/bindings Completed in 43351ms
2438 http fetch GET 200 https://registry.npmjs.org/base64-js/-/base64-js-1.5.1.tgz 40868ms (cache miss)
2439 timing reifyNode:node_modules/base64-js Completed in 43354ms
2440 http fetch GET 200 https://registry.npmjs.org/icss-utils/-/icss-utils-5.1.0.tgz 41062ms (cache miss)
2441 timing reifyNode:node_modules/icss-utils Completed in 43382ms
2442 http fetch GET 200 https://registry.npmjs.org/http-proxy-agent/-/http-proxy-agent-5.0.0.tgz 41062ms (cache miss)
2443 timing reifyNode:node_modules/http-proxy-agent Completed in 43385ms
2444 http fetch GET 200 https://registry.npmjs.org/glob-to-regexp/-/glob-to-regexp-0.4.1.tgz 41047ms (cache miss)
2445 timing reifyNode:node_modules/glob-to-regexp Completed in 43386ms
2446 http fetch GET 200 https://registry.npmjs.org/fs.realpath/-/fs.realpath-1.0.0.tgz 41046ms (cache miss)
2447 timing reifyNode:node_modules/fs.realpath Completed in 43399ms
2448 http fetch GET 200 https://registry.npmjs.org/tunnel-agent/-/tunnel-agent-0.6.0.tgz 41449ms (cache miss)
2449 timing reifyNode:node_modules/tunnel-agent Completed in 43458ms
2450 http fetch GET 200 https://registry.npmjs.org/fastify-reverse-routes/-/fastify-reverse-routes-3.0.0.tgz 41042ms (cache miss)
2451 timing reifyNode:node_modules/fastify-reverse-routes Completed in 43407ms
2452 timing reifyNode:node_modules/github-from-package Completed in 43411ms
2453 timing reifyNode:node_modules/@jest/console Completed in 43437ms
2454 http fetch GET 200 https://registry.npmjs.org/@jest/test-result/-/test-result-29.7.0.tgz 40855ms (cache miss)
2455 timing reifyNode:node_modules/@jest/test-result Completed in 43441ms
2456 http fetch GET 200 https://registry.npmjs.org/@types/json-schema/-/json-schema-7.0.11.tgz 40901ms (cache miss)
2457 timing reifyNode:node_modules/@types/json-schema Completed in 43449ms
2458 http fetch GET 200 https://registry.npmjs.org/anymatch/-/anymatch-3.1.2.tgz 40972ms (cache miss)
2459 timing reifyNode:node_modules/anymatch Completed in 43482ms
2460 http fetch GET 200 https://registry.npmjs.org/aggregate-error/-/aggregate-error-3.1.0.tgz 40993ms (cache miss)
2461 timing reifyNode:node_modules/aggregate-error Completed in 43509ms
2462 timing reifyNode:node_modules/@webassemblyjs/helper-wasm-section Completed in 43523ms
2463 http fetch GET 200 https://registry.npmjs.org/@webassemblyjs/wast-printer/-/wast-printer-1.12.1.tgz 41001ms (cache miss)
2464 timing reifyNode:node_modules/@webassemblyjs/wast-printer Completed in 43535ms
2465 http fetch GET 200 https://registry.npmjs.org/@types/responselike/-/responselike-1.0.0.tgz 41026ms (cache miss)
2466 timing reifyNode:node_modules/@types/responselike Completed in 43567ms
2467 http fetch GET 200 https://registry.npmjs.org/@babel/helper-hoist-variables/-/helper-hoist-variables-7.22.5.tgz 40917ms (cache miss)
2468 timing reifyNode:node_modules/@babel/helper-hoist-variables Completed in 43556ms
2469 timing reifyNode:node_modules/@babel/helper-validator-option Completed in 43561ms
2470 http fetch GET 200 https://registry.npmjs.org/@babel/plugin-syntax-jsx/-/plugin-syntax-jsx-7.24.1.tgz 40956ms (cache miss)
2471 timing reifyNode:node_modules/@babel/plugin-syntax-jsx Completed in 43586ms
2472 http fetch GET 200 https://registry.npmjs.org/fast-deep-equal/-/fast-deep-equal-3.1.3.tgz 41247ms (cache miss)
2473 timing reifyNode:node_modules/fast-deep-equal Completed in 43624ms
2474 http fetch GET 200 https://registry.npmjs.org/escape-goat/-/escape-goat-4.0.0.tgz 41222ms (cache miss)
2475 timing reifyNode:node_modules/escape-goat Completed in 43623ms
2476 http fetch GET 200 https://registry.npmjs.org/emoji-regex/-/emoji-regex-8.0.0.tgz 41223ms (cache miss)
2477 timing reifyNode:node_modules/emoji-regex Completed in 43639ms
2478 http fetch GET 200 https://registry.npmjs.org/es-shim-unscopables/-/es-shim-unscopables-1.0.2.tgz 41237ms (cache miss)
2479 timing reifyNode:node_modules/es-shim-unscopables Completed in 43643ms
2480 http fetch GET 200 https://registry.npmjs.org/proxy-addr/-/proxy-addr-2.0.7.tgz 41580ms (cache miss)
2481 timing reifyNode:node_modules/proxy-addr Completed in 43697ms
2482 http fetch GET 200 https://registry.npmjs.org/read-package-json/-/read-package-json-6.0.4.tgz 41608ms (cache miss)
2483 timing reifyNode:node_modules/read-package-json Completed in 43703ms
2484 http fetch GET 200 https://registry.npmjs.org/jest-pnp-resolver/-/jest-pnp-resolver-1.2.3.tgz 41414ms (cache miss)
2485 timing reifyNode:node_modules/jest-pnp-resolver Completed in 43684ms
2486 http fetch GET 200 https://registry.npmjs.org/isarray/-/isarray-2.0.5.tgz 41406ms (cache miss)
2487 timing reifyNode:node_modules/isarray Completed in 43686ms
2488 http fetch GET 200 https://registry.npmjs.org/jest-environment-node/-/jest-environment-node-29.7.0.tgz 41428ms (cache miss)
2489 timing reifyNode:node_modules/jest-environment-node Completed in 43693ms
2490 http fetch GET 200 https://registry.npmjs.org/npm-run-path/-/npm-run-path-4.0.1.tgz 41521ms (cache miss)
2491 timing reifyNode:node_modules/npm-run-path Completed in 43717ms
2492 http fetch GET 200 https://registry.npmjs.org/require-directory/-/require-directory-2.1.1.tgz 41645ms (cache miss)
2493 timing reifyNode:node_modules/require-directory Completed in 43734ms
2494 http fetch GET 200 https://registry.npmjs.org/ret/-/ret-0.2.2.tgz 41656ms (cache miss)
2495 timing reifyNode:node_modules/ret Completed in 43737ms
2496 http fetch GET 200 https://registry.npmjs.org/string_decoder/-/string_decoder-1.3.0.tgz 41711ms (cache miss)
2497 timing reifyNode:node_modules/string_decoder Completed in 43749ms
2498 http fetch GET 200 https://registry.npmjs.org/@isaacs/cliui/-/cliui-8.0.2.tgz 41082ms (cache miss)
2499 timing reifyNode:node_modules/@isaacs/cliui Completed in 43684ms
2500 http fetch GET 200 https://registry.npmjs.org/buffer/-/buffer-6.0.3.tgz 41004ms (cache miss)
2501 timing reifyNode:node_modules/pino-pretty/node_modules/buffer Completed in 43783ms
2502 http fetch GET 200 https://registry.npmjs.org/buffer/-/buffer-6.0.3.tgz 40958ms (cache miss)
2503 timing reifyNode:node_modules/fastify-cli/node_modules/buffer Completed in 43762ms
2504 timing reifyNode:node_modules/fastify-cli/node_modules/pino-pretty/node_modules/help-me Completed in 43771ms
2505 http fetch GET 200 https://registry.npmjs.org/emoji-regex/-/emoji-regex-9.2.2.tgz 40916ms (cache miss)
2506 timing reifyNode:node_modules/@isaacs/cliui/node_modules/emoji-regex Completed in 43758ms
2507 http fetch GET 200 https://registry.npmjs.org/commander/-/commander-2.20.3.tgz 41088ms (cache miss)
2508 timing reifyNode:node_modules/terser/node_modules/commander Completed in 43846ms
2509 http fetch GET 200 https://registry.npmjs.org/vary/-/vary-1.1.2.tgz 41925ms (cache miss)
2510 timing reifyNode:node_modules/vary Completed in 43911ms
2511 http fetch GET 200 https://registry.npmjs.org/toposort-class/-/toposort-class-1.0.1.tgz 41926ms (cache miss)
2512 http fetch GET 200 https://registry.npmjs.org/spawn-please/-/spawn-please-2.0.2.tgz 41922ms (cache miss)
2513 http fetch GET 200 https://registry.npmjs.org/set-function-length/-/set-function-length-1.2.2.tgz 41904ms (cache miss)
2514 timing reifyNode:node_modules/set-function-length Completed in 43969ms
2515 http fetch GET 200 https://registry.npmjs.org/socks-proxy-agent/-/socks-proxy-agent-7.0.0.tgz 41924ms (cache miss)
2516 timing reifyNode:node_modules/socks-proxy-agent Completed in 43973ms
2517 http fetch GET 200 https://registry.npmjs.org/react-is/-/react-is-18.2.0.tgz 41890ms (cache miss)
2518 timing reifyNode:node_modules/react-is Completed in 43986ms
2519 http fetch GET 200 https://registry.npmjs.org/npm-package-arg/-/npm-package-arg-10.1.0.tgz 41839ms (cache miss)
2520 timing reifyNode:node_modules/npm-package-arg Completed in 44021ms
2521 http fetch GET 200 https://registry.npmjs.org/json-schema-traverse/-/json-schema-traverse-0.4.1.tgz 41829ms (cache miss)
2522 timing reifyNode:node_modules/json-schema-traverse Completed in 44074ms
2523 http fetch GET 200 https://registry.npmjs.org/define-properties/-/define-properties-1.2.1.tgz 41637ms (cache miss)
2524 timing reifyNode:node_modules/define-properties Completed in 44068ms
2525 http fetch GET 200 https://registry.npmjs.org/@szmarczak/http-timer/-/http-timer-5.0.1.tgz 41511ms (cache miss)
2526 timing reifyNode:node_modules/@szmarczak/http-timer Completed in 44070ms
2527 http fetch GET 200 https://registry.npmjs.org/co/-/co-4.6.0.tgz 41644ms (cache miss)
2528 timing reifyNode:node_modules/co Completed in 44101ms
2529 http fetch GET 200 https://registry.npmjs.org/ci-info/-/ci-info-3.3.2.tgz 41641ms (cache miss)
2530 timing reifyNode:node_modules/ci-info Completed in 44109ms
2531 http fetch GET 200 https://registry.npmjs.org/buffer-from/-/buffer-from-1.1.2.tgz 41642ms (cache miss)
2532 timing reifyNode:node_modules/buffer-from Completed in 44120ms
2533 http fetch GET 200 https://registry.npmjs.org/graceful-fs/-/graceful-fs-4.2.10.tgz 41843ms (cache miss)
2534 timing reifyNode:node_modules/graceful-fs Completed in 44177ms
2535 http fetch GET 200 https://registry.npmjs.org/getopts/-/getopts-2.3.0.tgz 41885ms (cache miss)
2536 timing reifyNode:node_modules/getopts Completed in 44228ms
2537 http fetch GET 200 https://registry.npmjs.org/fast-querystring/-/fast-querystring-1.0.0.tgz 41864ms (cache miss)
2538 timing reifyNode:node_modules/fast-querystring Completed in 44239ms
2539 http fetch GET 200 https://registry.npmjs.org/jest-matcher-utils/-/jest-matcher-utils-29.7.0.tgz 41994ms (cache miss)
2540 timing reifyNode:node_modules/jest-matcher-utils Completed in 44257ms
2541 timing reifyNode:node_modules/@fastify/flash Completed in 44221ms
2542 http fetch GET 200 https://registry.npmjs.org/@istanbuljs/load-nyc-config/-/load-nyc-config-1.1.0.tgz 41671ms (cache miss)
2543 timing reifyNode:node_modules/@istanbuljs/load-nyc-config Completed in 44268ms
2544 http fetch GET 200 https://registry.npmjs.org/@eslint/js/-/js-9.1.1.tgz 41660ms (cache miss)
2545 timing reifyNode:node_modules/@eslint/js Completed in 44268ms
2546 http fetch GET 200 https://registry.npmjs.org/acorn-jsx/-/acorn-jsx-5.3.2.tgz 41796ms (cache miss)
2547 timing reifyNode:node_modules/acorn-jsx Completed in 44307ms
2548 http fetch GET 200 https://registry.npmjs.org/@types/cacheable-request/-/cacheable-request-6.0.2.tgz 41772ms (cache miss)
2549 timing reifyNode:node_modules/@types/cacheable-request Completed in 44328ms
2550 http fetch GET 200 https://registry.npmjs.org/@types/estree/-/estree-1.0.5.tgz 41781ms (cache miss)
2551 timing reifyNode:node_modules/@types/estree Completed in 44332ms
2552 http fetch GET 200 https://registry.npmjs.org/@npmcli/promise-spawn/-/promise-spawn-6.0.2.tgz 41766ms (cache miss)
2553 timing reifyNode:node_modules/@npmcli/promise-spawn Completed in 44340ms
2554 timing reifyNode:node_modules/@tootallnate/once Completed in 44342ms
2555 http fetch GET 200 https://registry.npmjs.org/ansi-styles/-/ansi-styles-6.1.0.tgz 41707ms (cache miss)
2556 timing reifyNode:node_modules/wrap-ansi/node_modules/ansi-styles Completed in 44456ms
2557 http fetch GET 200 https://registry.npmjs.org/chrome-trace-event/-/chrome-trace-event-1.0.3.tgz 41714ms (cache miss)
2558 timing reifyNode:node_modules/chrome-trace-event Completed in 44388ms
2559 http fetch GET 200 https://registry.npmjs.org/estraverse/-/estraverse-4.3.0.tgz 41721ms (cache miss)
2560 timing reifyNode:node_modules/webpack/node_modules/estraverse Completed in 44472ms
2561 http fetch GET 200 https://registry.npmjs.org/fill-range/-/fill-range-7.0.1.tgz 42061ms (cache miss)
2562 timing reifyNode:node_modules/fill-range Completed in 44422ms
2563 http fetch GET 200 https://registry.npmjs.org/esrecurse/-/esrecurse-4.3.0.tgz 42035ms (cache miss)
2564 timing reifyNode:node_modules/esrecurse Completed in 44425ms
2565 http fetch GET 200 https://registry.npmjs.org/eslint-visitor-keys/-/eslint-visitor-keys-3.4.3.tgz 42056ms (cache miss)
2566 http fetch GET 200 https://registry.npmjs.org/escape-html/-/escape-html-1.0.3.tgz 42064ms (cache miss)
2567 timing reifyNode:node_modules/escape-html Completed in 44461ms
2568 http fetch GET 200 https://registry.npmjs.org/pupa/-/pupa-3.1.0.tgz 42426ms (cache miss)
2569 timing reifyNode:node_modules/pupa Completed in 44529ms
2570 http fetch GET 200 https://registry.npmjs.org/pug-parser/-/pug-parser-6.0.0.tgz 42426ms (cache miss)
2571 timing reifyNode:node_modules/pug-parser Completed in 44537ms
2572 http fetch GET 200 https://registry.npmjs.org/resolve-from/-/resolve-from-5.0.0.tgz 42462ms (cache miss)
2573 timing reifyNode:node_modules/resolve-from Completed in 44542ms
2574 http fetch GET 200 https://registry.npmjs.org/make-fetch-happen/-/make-fetch-happen-10.2.1.tgz 41742ms (cache miss)
2575 timing reifyNode:node_modules/node-gyp/node_modules/make-fetch-happen Completed in 44532ms
2576 http fetch GET 200 https://registry.npmjs.org/chalk/-/chalk-5.0.1.tgz 41723ms (cache miss)
2577 timing reifyNode:node_modules/boxen/node_modules/chalk Completed in 44547ms
2578 http fetch GET 200 https://registry.npmjs.org/doctrine/-/doctrine-2.1.0.tgz 41768ms (cache miss)
2579 timing reifyNode:node_modules/eslint-plugin-import/node_modules/doctrine Completed in 44572ms
2580 http fetch GET 200 https://registry.npmjs.org/@jridgewell/set-array/-/set-array-1.2.1.tgz 41982ms (cache miss)
2581 timing reifyNode:node_modules/@jridgewell/set-array Completed in 44565ms
2582 http fetch GET 200 https://registry.npmjs.org/update-browserslist-db/-/update-browserslist-db-1.0.13.tgz 42699ms (cache miss)
2583 timing reifyNode:node_modules/update-browserslist-db Completed in 44690ms
2584 http fetch GET 200 https://registry.npmjs.org/unbox-primitive/-/unbox-primitive-1.0.2.tgz 42710ms (cache miss)
2585 timing reifyNode:node_modules/unbox-primitive Completed in 44711ms
2586 timing reifyNode:node_modules/text-table Completed in 44717ms
2587 http fetch GET 200 https://registry.npmjs.org/tar-stream/-/tar-stream-2.2.0.tgz 42693ms (cache miss)
2588 timing reifyNode:node_modules/tar-stream Completed in 44718ms
2589 http fetch GET 200 https://registry.npmjs.org/toad-cache/-/toad-cache-3.7.0.tgz 42705ms (cache miss)
2590 timing reifyNode:node_modules/toad-cache Completed in 44725ms
2591 http fetch GET 200 https://registry.npmjs.org/resolve.exports/-/resolve.exports-2.0.2.tgz 42675ms (cache miss)
2592 timing reifyNode:node_modules/resolve.exports Completed in 44753ms
2593 http fetch GET 200 https://registry.npmjs.org/reusify/-/reusify-1.0.4.tgz 42678ms (cache miss)
2594 timing reifyNode:node_modules/reusify Completed in 44757ms
2595 http fetch GET 200 https://registry.npmjs.org/pg-cloudflare/-/pg-cloudflare-1.1.1.tgz 42613ms (cache miss)
2596 http fetch GET 200 https://registry.npmjs.org/nopt/-/nopt-5.0.0.tgz 42610ms (cache miss)
2597 timing reifyNode:node_modules/nopt Completed in 44800ms
2598 http fetch GET 200 https://registry.npmjs.org/minimatch/-/minimatch-3.1.2.tgz 42591ms (cache miss)
2599 timing reifyNode:node_modules/minimatch Completed in 44808ms
2600 http fetch GET 200 https://registry.npmjs.org/lodash.merge/-/lodash.merge-4.6.2.tgz 42591ms (cache miss)
2601 timing reifyNode:node_modules/lodash.merge Completed in 44818ms
2602 timing reifyNode:node_modules/json-stable-stringify-without-jsonify Completed in 44827ms
2603 http fetch GET 200 https://registry.npmjs.org/kind-of/-/kind-of-6.0.3.tgz 42581ms (cache miss)
2604 timing reifyNode:node_modules/kind-of Completed in 44837ms
2605 http fetch GET 200 https://registry.npmjs.org/detect-libc/-/detect-libc-2.0.3.tgz 42390ms (cache miss)
2606 timing reifyNode:node_modules/detect-libc Completed in 44820ms
2607 http fetch GET 200 https://registry.npmjs.org/dedent/-/dedent-1.5.3.tgz 42403ms (cache miss)
2608 timing reifyNode:node_modules/dedent Completed in 44839ms
2609 http fetch GET 200 https://registry.npmjs.org/define-data-property/-/define-data-property-1.1.4.tgz 42411ms (cache miss)
2610 timing reifyNode:node_modules/define-data-property Completed in 44844ms
2611 timing reifyNode:node_modules/data-view-byte-length Completed in 44844ms
2612 http fetch GET 200 https://registry.npmjs.org/fast-memoize/-/fast-memoize-2.5.2.tgz 42406ms (cache miss)
2613 timing reifyNode:node_modules/fast-memoize Completed in 44860ms
2614 http fetch GET 200 https://registry.npmjs.org/bser/-/bser-2.1.1.tgz 42397ms (cache miss)
2615 timing reifyNode:node_modules/bser Completed in 44878ms
2616 http fetch GET 200 https://registry.npmjs.org/cliui/-/cliui-8.0.1.tgz 42422ms (cache miss)
2617 timing reifyNode:node_modules/cliui Completed in 44883ms
2618 http fetch GET 200 https://registry.npmjs.org/has-bigints/-/has-bigints-1.0.2.tgz 42585ms (cache miss)
2619 timing reifyNode:node_modules/has-bigints Completed in 44917ms
2620 timing reifyNode:node_modules/html-escaper Completed in 44926ms
2621 http fetch GET 200 https://registry.npmjs.org/gensync/-/gensync-1.0.0-beta.2.tgz 42613ms (cache miss)
2622 timing reifyNode:node_modules/gensync Completed in 44960ms
2623 http fetch GET 200 https://registry.npmjs.org/@jest/source-map/-/source-map-29.6.3.tgz 42440ms (cache miss)
2624 timing reifyNode:node_modules/@jest/source-map Completed in 45025ms
2625 http fetch GET 200 https://registry.npmjs.org/@jest/environment/-/environment-29.7.0.tgz 42435ms (cache miss)
2626 timing reifyNode:node_modules/@jest/environment Completed in 45028ms
2627 http fetch GET 200 https://registry.npmjs.org/@jest/fake-timers/-/fake-timers-29.7.0.tgz 42449ms (cache miss)
2628 timing reifyNode:node_modules/@jest/fake-timers Completed in 45040ms
2629 http fetch GET 200 https://registry.npmjs.org/@istanbuljs/schema/-/schema-0.1.3.tgz 42446ms (cache miss)
2630 timing reifyNode:node_modules/@istanbuljs/schema Completed in 45047ms
2631 http fetch GET 200 https://registry.npmjs.org/@humanwhocodes/object-schema/-/object-schema-2.0.3.tgz 42463ms (cache miss)
2632 timing reifyNode:node_modules/@humanwhocodes/object-schema Completed in 45059ms
2633 timing reifyNode:node_modules/@webassemblyjs/wasm-gen Completed in 45126ms
2634 http fetch GET 200 https://registry.npmjs.org/@types/eslint-scope/-/eslint-scope-3.7.4.tgz 42584ms (cache miss)
2635 timing reifyNode:node_modules/@types/eslint-scope Completed in 45134ms
2636 http fetch GET 200 https://registry.npmjs.org/graceful-fs/-/graceful-fs-4.2.11.tgz 42485ms (cache miss)
2637 timing reifyNode:node_modules/webpack/node_modules/graceful-fs Completed in 45237ms
2638 http fetch GET 200 https://registry.npmjs.org/err-code/-/err-code-2.0.3.tgz 42806ms (cache miss)
2639 timing reifyNode:node_modules/err-code Completed in 45218ms
2640 http fetch GET 200 https://registry.npmjs.org/fastify-objectionjs/-/fastify-objectionjs-2.0.1.tgz 42895ms (cache miss)
2641 timing reifyNode:node_modules/fastify-objectionjs Completed in 45264ms
2642 http fetch GET 200 https://registry.npmjs.org/rfdc/-/rfdc-1.3.1.tgz 43232ms (cache miss)
2643 timing reifyNode:node_modules/rfdc Completed in 45309ms
2644 http fetch GET 200 https://registry.npmjs.org/source-map-support/-/source-map-support-0.5.21.tgz 42512ms (cache miss)
2645 timing reifyNode:node_modules/npm-check-updates/node_modules/source-map-support Completed in 45300ms
2646 http fetch GET 200 https://registry.npmjs.org/minipass/-/minipass-5.0.0.tgz 42524ms (cache miss)
2647 timing reifyNode:node_modules/npm-registry-fetch/node_modules/minipass Completed in 45305ms
2648 http fetch GET 200 https://registry.npmjs.org/minipass/-/minipass-5.0.0.tgz 42530ms (cache miss)
2649 timing reifyNode:node_modules/pacote/node_modules/minipass Completed in 45309ms
2650 http fetch GET 200 https://registry.npmjs.org/youch/-/youch-2.2.2.tgz 43381ms (cache miss)
2651 timing reifyNode:node_modules/youch Completed in 45350ms
2652 http fetch GET 200 https://registry.npmjs.org/chalk/-/chalk-5.0.1.tgz 42618ms (cache miss)
2653 timing reifyNode:node_modules/update-notifier/node_modules/chalk Completed in 45374ms
2654 http fetch GET 200 https://registry.npmjs.org/is-date-object/-/is-date-object-1.0.5.tgz 43077ms (cache miss)
2655 timing reifyNode:node_modules/is-date-object Completed in 45375ms
2656 http fetch GET 200 https://registry.npmjs.org/update-notifier/-/update-notifier-6.0.2.tgz 43441ms (cache miss)
2657 timing reifyNode:node_modules/update-notifier Completed in 45430ms
2658 http fetch GET 200 https://registry.npmjs.org/wildcard/-/wildcard-2.0.0.tgz 43458ms (cache miss)
2659 timing reifyNode:node_modules/wildcard Completed in 45436ms
2660 http fetch GET 200 https://registry.npmjs.org/typed-array-byte-length/-/typed-array-byte-length-1.0.1.tgz 43432ms (cache miss)
2661 timing reifyNode:node_modules/typed-array-byte-length Completed in 45438ms
2662 http fetch GET 200 https://registry.npmjs.org/typed-array-buffer/-/typed-array-buffer-1.0.2.tgz 43439ms (cache miss)
2663 timing reifyNode:node_modules/typed-array-buffer Completed in 45445ms
2664 http fetch GET 200 https://registry.npmjs.org/to-regex-range/-/to-regex-range-5.0.1.tgz 43445ms (cache miss)
2665 timing reifyNode:node_modules/to-regex-range Completed in 45464ms
2666 http fetch GET 200 https://registry.npmjs.org/test-exclude/-/test-exclude-6.0.0.tgz 43435ms (cache miss)
2667 timing reifyNode:node_modules/test-exclude Completed in 45470ms
2668 http fetch GET 200 https://registry.npmjs.org/side-channel/-/side-channel-1.0.6.tgz 43425ms (cache miss)
2669 timing reifyNode:node_modules/side-channel Completed in 45481ms
2670 http fetch GET 200 https://registry.npmjs.org/pug-runtime/-/pug-runtime-3.0.1.tgz 43380ms (cache miss)
2671 timing reifyNode:node_modules/pug-runtime Completed in 45489ms
2672 http fetch GET 200 https://registry.npmjs.org/on-exit-leak-free/-/on-exit-leak-free-2.1.2.tgz 43345ms (cache miss)
2673 http fetch GET 200 https://registry.npmjs.org/dateformat/-/dateformat-4.6.3.tgz 43130ms (cache miss)
2674 timing reifyNode:node_modules/dateformat Completed in 45569ms
2675 http fetch GET 200 https://registry.npmjs.org/character-parser/-/character-parser-2.2.0.tgz 43132ms (cache miss)
2676 timing reifyNode:node_modules/character-parser Completed in 45598ms
2677 http fetch GET 200 https://registry.npmjs.org/cacheable-lookup/-/cacheable-lookup-6.1.0.tgz 43219ms (cache miss)
2678 timing reifyNode:node_modules/cacheable-lookup Completed in 45696ms
2679 http fetch GET 200 https://registry.npmjs.org/babel-plugin-istanbul/-/babel-plugin-istanbul-6.1.1.tgz 43203ms (cache miss)
2680 timing reifyNode:node_modules/babel-plugin-istanbul Completed in 45695ms
2681 http fetch GET 200 https://registry.npmjs.org/has-proto/-/has-proto-1.0.3.tgz 43405ms (cache miss)
2682 timing reifyNode:node_modules/has-proto Completed in 45734ms
2683 http fetch GET 200 https://registry.npmjs.org/flat-cache/-/flat-cache-3.2.0.tgz 43396ms (cache miss)
2684 timing reifyNode:node_modules/flat-cache Completed in 45751ms
2685 http fetch GET 200 https://registry.npmjs.org/functions-have-names/-/functions-have-names-1.2.3.tgz 43408ms (cache miss)
2686 timing reifyNode:node_modules/functions-have-names Completed in 45759ms
2687 http fetch GET 200 https://registry.npmjs.org/jest-changed-files/-/jest-changed-files-29.7.0.tgz 43565ms (cache miss)
2688 timing reifyNode:node_modules/jest-changed-files Completed in 45838ms
2689 http fetch GET 200 https://registry.npmjs.org/@humanwhocodes/module-importer/-/module-importer-1.0.1.tgz 43258ms (cache miss)
2690 http fetch GET 200 https://registry.npmjs.org/estraverse/-/estraverse-5.3.0.tgz 43614ms (cache miss)
2691 timing reifyNode:node_modules/estraverse Completed in 46006ms
2692 timing reifyNode:node_modules/eslint-visitor-keys Completed in 46004ms
2693 http fetch GET 200 https://registry.npmjs.org/es-object-atoms/-/es-object-atoms-1.0.0.tgz 43606ms (cache miss)
2694 http fetch GET 200 https://registry.npmjs.org/lru-cache/-/lru-cache-7.18.3.tgz 43250ms (cache miss)
2695 timing reifyNode:node_modules/cacache/node_modules/lru-cache Completed in 46064ms
2696 http fetch GET 200 https://registry.npmjs.org/is-number-object/-/is-number-object-1.0.7.tgz 43887ms (cache miss)
2697 timing reifyNode:node_modules/is-number-object Completed in 46175ms
2698 http fetch GET 200 https://registry.npmjs.org/is-weakref/-/is-weakref-1.0.2.tgz 43901ms (cache miss)
2699 timing reifyNode:node_modules/is-weakref Completed in 46181ms
2700 http fetch GET 200 https://registry.npmjs.org/is-bigint/-/is-bigint-1.0.4.tgz 43888ms (cache miss)
2701 timing reifyNode:node_modules/is-bigint Completed in 46191ms
2702 http fetch GET 200 https://registry.npmjs.org/uc.micro/-/uc.micro-1.0.6.tgz 44263ms (cache miss)
2703 timing reifyNode:node_modules/toposort-class Completed in 46268ms
2704 timing reifyNode:node_modules/spawn-please Completed in 46291ms
2705 http fetch GET 200 https://registry.npmjs.org/set-function-name/-/set-function-name-2.0.2.tgz 44233ms (cache miss)
2706 timing reifyNode:node_modules/set-function-name Completed in 46300ms
2707 http fetch GET 200 https://registry.npmjs.org/ssri/-/ssri-10.0.5.tgz 44265ms (cache miss)
2708 timing reifyNode:node_modules/ssri Completed in 46305ms
2709 http fetch GET 200 https://registry.npmjs.org/safer-buffer/-/safer-buffer-2.1.2.tgz 44234ms (cache miss)
2710 timing reifyNode:node_modules/safer-buffer Completed in 46306ms
2711 http fetch GET 200 https://registry.npmjs.org/safe-buffer/-/safe-buffer-5.2.1.tgz 44237ms (cache miss)
2712 timing reifyNode:node_modules/safe-buffer Completed in 46311ms
2713 http fetch GET 200 https://registry.npmjs.org/pug-lexer/-/pug-lexer-5.0.1.tgz 44210ms (cache miss)
2714 timing reifyNode:node_modules/pug-lexer Completed in 46324ms
2715 timing reifyNode:node_modules/pg-cloudflare Completed in 46332ms
2716 http fetch GET 200 https://registry.npmjs.org/linkify-it/-/linkify-it-4.0.1.tgz 44168ms (cache miss)
2717 timing reifyNode:node_modules/linkify-it Completed in 46401ms
2718 http fetch GET 200 https://registry.npmjs.org/data-view-byte-offset/-/data-view-byte-offset-1.0.0.tgz 43955ms (cache miss)
2719 timing reifyNode:node_modules/data-view-byte-offset Completed in 46394ms
2720 http fetch GET 200 https://registry.npmjs.org/data-view-buffer/-/data-view-buffer-1.0.1.tgz 43959ms (cache miss)
2721 timing reifyNode:node_modules/data-view-buffer Completed in 46399ms
2722 http fetch GET 200 https://registry.npmjs.org/ipaddr.js/-/ipaddr.js-1.9.1.tgz 44160ms (cache miss)
2723 timing reifyNode:node_modules/ipaddr.js Completed in 46467ms
2724 http fetch GET 200 https://registry.npmjs.org/which-boxed-primitive/-/which-boxed-primitive-1.0.2.tgz 44540ms (cache miss)
2725 timing reifyNode:node_modules/which-boxed-primitive Completed in 46520ms
2726 http fetch GET 200 https://registry.npmjs.org/http-cache-semantics/-/http-cache-semantics-4.1.1.tgz 44145ms (cache miss)
2727 timing reifyNode:node_modules/http-cache-semantics Completed in 46469ms
2728 http fetch GET 200 https://registry.npmjs.org/globby/-/globby-11.1.0.tgz 44267ms (cache miss)
2729 timing reifyNode:node_modules/globby Completed in 46605ms
2730 http fetch GET 200 https://registry.npmjs.org/has-property-descriptors/-/has-property-descriptors-1.0.2.tgz 44278ms (cache miss)
2731 timing reifyNode:node_modules/has-property-descriptors Completed in 46609ms
2732 http fetch GET 200 https://registry.npmjs.org/fast-safe-stringify/-/fast-safe-stringify-2.1.1.tgz 44249ms (cache miss)
2733 timing reifyNode:node_modules/fast-safe-stringify Completed in 46621ms
2734 timing reifyNode:node_modules/@humanwhocodes/module-importer Completed in 46676ms
2735 http fetch GET 200 https://registry.npmjs.org/@babel/helper-function-name/-/helper-function-name-7.23.0.tgz 44095ms (cache miss)
2736 timing reifyNode:node_modules/@babel/helper-function-name Completed in 46734ms
2737 http fetch GET 200 https://registry.npmjs.org/@webassemblyjs/wasm-edit/-/wasm-edit-1.12.1.tgz 44229ms (cache miss)
2738 timing reifyNode:node_modules/@webassemblyjs/wasm-edit Completed in 46757ms
2739 http fetch GET 200 https://registry.npmjs.org/type-check/-/type-check-0.4.0.tgz 44847ms (cache miss)
2740 timing reifyNode:node_modules/type-check Completed in 46856ms
2741 http fetch GET 200 https://registry.npmjs.org/es-set-tostringtag/-/es-set-tostringtag-2.0.3.tgz 44395ms (cache miss)
2742 timing reifyNode:node_modules/es-set-tostringtag Completed in 46805ms
2743 http fetch GET 200 https://registry.npmjs.org/quick-format-unescaped/-/quick-format-unescaped-4.0.4.tgz 44763ms (cache miss)
2744 timing reifyNode:node_modules/quick-format-unescaped Completed in 46862ms
2745 http fetch GET 200 https://registry.npmjs.org/regenerator-runtime/-/regenerator-runtime-0.14.1.tgz 44773ms (cache miss)
2746 timing reifyNode:node_modules/regenerator-runtime Completed in 46867ms
2747 http fetch GET 200 https://registry.npmjs.org/semver/-/semver-6.3.1.tgz 44044ms (cache miss)
2748 timing reifyNode:node_modules/eslint-plugin-import/node_modules/semver Completed in 46844ms
2749 http fetch GET 200 https://registry.npmjs.org/semver/-/semver-6.3.1.tgz 44010ms (cache miss)
2750 timing reifyNode:node_modules/babel-plugin-istanbul/node_modules/semver Completed in 46833ms
2751 http fetch GET 200 https://registry.npmjs.org/@npmcli/fs/-/fs-2.1.2.tgz 44097ms (cache miss)
2752 timing reifyNode:node_modules/node-gyp/node_modules/@npmcli/fs Completed in 46894ms
2753 http fetch GET 200 https://registry.npmjs.org/fastify-plugin/-/fastify-plugin-2.3.4.tgz 44054ms (cache miss)
2754 timing reifyNode:node_modules/fastify-error-page/node_modules/fastify-plugin Completed in 46880ms
2755 http fetch GET 200 https://registry.npmjs.org/help-me/-/help-me-5.0.0.tgz 44140ms (cache miss)
2756 http fetch GET 200 https://registry.npmjs.org/glob/-/glob-7.2.3.tgz 44040ms (cache miss)
2757 timing reifyNode:node_modules/@jest/reporters/node_modules/glob Completed in 46865ms
2758 http fetch GET 200 https://registry.npmjs.org/glob/-/glob-7.2.3.tgz 44112ms (cache miss)
2759 timing reifyNode:node_modules/jest-runtime/node_modules/glob Completed in 46914ms
2760 http fetch GET 200 https://registry.npmjs.org/is-data-view/-/is-data-view-1.0.1.tgz 44647ms (cache miss)
2761 timing reifyNode:node_modules/is-data-view Completed in 46943ms
2762 http fetch GET 200 https://registry.npmjs.org/retry-as-promised/-/retry-as-promised-7.0.4.tgz 44999ms (cache miss)
2763 timing reifyNode:node_modules/retry-as-promised Completed in 47076ms
2764 http fetch GET 200 https://registry.npmjs.org/object-keys/-/object-keys-1.1.1.tgz 44931ms (cache miss)
2765 timing reifyNode:node_modules/object-keys Completed in 47111ms
2766 http fetch GET 200 https://registry.npmjs.org/mdurl/-/mdurl-1.0.1.tgz 44901ms (cache miss)
2767 timing reifyNode:node_modules/mdurl Completed in 47120ms
2768 http fetch GET 200 https://registry.npmjs.org/jest-watcher/-/jest-watcher-29.7.0.tgz 44887ms (cache miss)
2769 timing reifyNode:node_modules/jest-watcher Completed in 47145ms
2770 http fetch GET 200 https://registry.npmjs.org/diff-sequences/-/diff-sequences-29.6.3.tgz 44703ms (cache miss)
2771 timing reifyNode:node_modules/diff-sequences Completed in 47125ms
2772 http fetch GET 200 https://registry.npmjs.org/emittery/-/emittery-0.13.1.tgz 44713ms (cache miss)
2773 timing reifyNode:node_modules/emittery Completed in 47132ms
2774 http fetch GET 200 https://registry.npmjs.org/cookie/-/cookie-0.6.0.tgz 44692ms (cache miss)
2775 timing reifyNode:node_modules/cookie Completed in 47136ms
2776 http fetch GET 200 https://registry.npmjs.org/@rails/ujs/-/ujs-7.1.3-2.tgz 44569ms (cache miss)
2777 timing reifyNode:node_modules/@rails/ujs Completed in 47138ms
2778 http fetch GET 200 https://registry.npmjs.org/chalk/-/chalk-2.4.2.tgz 44271ms (cache miss)
2779 timing reifyNode:node_modules/@babel/highlight/node_modules/chalk Completed in 47141ms
2780 http fetch GET 200 https://registry.npmjs.org/get-symbol-description/-/get-symbol-description-1.0.2.tgz 44868ms (cache miss)
2781 timing reifyNode:node_modules/get-symbol-description Completed in 47212ms
2782 http fetch GET 200 https://registry.npmjs.org/for-each/-/for-each-0.3.3.tgz 44872ms (cache miss)
2783 timing reifyNode:node_modules/for-each Completed in 47229ms
2784 http fetch GET 200 https://registry.npmjs.org/esutils/-/esutils-2.0.3.tgz 44841ms (cache miss)
2785 timing reifyNode:node_modules/esutils Completed in 47232ms
2786 http fetch GET 200 https://registry.npmjs.org/file-entry-cache/-/file-entry-cache-6.0.1.tgz 44865ms (cache miss)
2787 timing reifyNode:node_modules/file-entry-cache Completed in 47239ms
2788 http fetch GET 200 https://registry.npmjs.org/internal-slot/-/internal-slot-1.0.7.tgz 44884ms (cache miss)
2789 timing reifyNode:node_modules/internal-slot Completed in 47253ms
2790 http fetch GET 200 https://registry.npmjs.org/@jridgewell/sourcemap-codec/-/sourcemap-codec-1.4.15.tgz 44674ms (cache miss)
2791 timing reifyNode:node_modules/@jridgewell/sourcemap-codec Completed in 47254ms
2792 http fetch GET 200 https://registry.npmjs.org/array-buffer-byte-length/-/array-buffer-byte-length-1.0.1.tgz 44789ms (cache miss)
2793 timing reifyNode:node_modules/array-buffer-byte-length Completed in 47294ms
2794 http fetch GET 200 https://registry.npmjs.org/@types/babel__core/-/babel__core-7.20.5.tgz 44737ms (cache miss)
2795 timing reifyNode:node_modules/@types/babel__core Completed in 47294ms
2796 http fetch GET 200 https://registry.npmjs.org/rc/-/rc-1.2.8.tgz 45417ms (cache miss)
2797 timing reifyNode:node_modules/rc Completed in 47516ms
2798 http fetch GET 200 https://registry.npmjs.org/glob/-/glob-8.1.0.tgz 44710ms (cache miss)
2799 timing reifyNode:node_modules/help-me/node_modules/glob Completed in 47509ms
2800 http fetch GET 200 https://registry.npmjs.org/fastify-plugin/-/fastify-plugin-4.2.0.tgz 44654ms (cache miss)
2801 http fetch GET 200 https://registry.npmjs.org/fastify-plugin/-/fastify-plugin-4.5.1.tgz 44667ms (cache miss)
2802 timing reifyNode:node_modules/@fastify/sensible/node_modules/fastify-plugin Completed in 47493ms
2803 http fetch GET 200 https://registry.npmjs.org/fastify-plugin/-/fastify-plugin-4.2.0.tgz 44675ms (cache miss)
2804 timing metavuln:cache:put:security-advisory:ajv:u4HOZ0QFYFTDLqnZ5TPSC8VEvP+HMuGcZACJuTqG8bm/gunrgkQwsiiH2pbF9tNIl45RK0sW2ccPzEojb1k0xQ== Completed in 17535ms
2805 timing metavuln:calculate:security-advisory:ajv:1113714 Completed in 45994ms
2806 http fetch GET 200 https://registry.npmjs.org/emoji-regex/-/emoji-regex-9.2.2.tgz 44723ms (cache miss)
2807 http fetch GET 200 https://registry.npmjs.org/is-core-module/-/is-core-module-2.13.1.tgz 45328ms (cache miss)
2808 timing reifyNode:node_modules/is-core-module Completed in 47627ms
2809 http fetch GET 200 https://registry.npmjs.org/typed-array-byte-offset/-/typed-array-byte-offset-1.0.2.tgz 45681ms (cache miss)
2810 timing reifyNode:node_modules/typed-array-byte-offset Completed in 47685ms
2811 http fetch GET 200 https://registry.npmjs.org/safe-array-concat/-/safe-array-concat-1.1.2.tgz 45655ms (cache miss)
2812 timing reifyNode:node_modules/safe-array-concat Completed in 47730ms
2813 timing reifyNode:node_modules/on-exit-leak-free Completed in 47750ms
2814 http fetch GET 200 https://registry.npmjs.org/object.fromentries/-/object.fromentries-2.0.8.tgz 45604ms (cache miss)
2815 timing reifyNode:node_modules/object.fromentries Completed in 47780ms
2816 http fetch GET 200 https://registry.npmjs.org/negotiator/-/negotiator-0.6.3.tgz 45589ms (cache miss)
2817 timing reifyNode:node_modules/negotiator Completed in 47785ms
2818 http fetch GET 200 https://registry.npmjs.org/minipass/-/minipass-3.3.4.tgz 45578ms (cache miss)
2819 timing reifyNode:node_modules/minipass Completed in 47787ms
2820 http fetch GET 200 https://registry.npmjs.org/es-define-property/-/es-define-property-1.0.0.tgz 45397ms (cache miss)
2821 timing reifyNode:node_modules/es-define-property Completed in 47808ms
2822 http fetch GET 200 https://registry.npmjs.org/jsonparse/-/jsonparse-1.3.1.tgz 45593ms (cache miss)
2823 http fetch GET 200 https://registry.npmjs.org/color-convert/-/color-convert-2.0.1.tgz 45373ms (cache miss)
2824 timing reifyNode:node_modules/color-convert Completed in 47832ms
2825 http fetch GET 200 https://registry.npmjs.org/create-jest/-/create-jest-29.7.0.tgz 45380ms (cache miss)
2826 timing reifyNode:node_modules/create-jest Completed in 47839ms
2827 http fetch GET 200 https://registry.npmjs.org/color-convert/-/color-convert-1.9.3.tgz 44975ms (cache miss)
2828 timing reifyNode:node_modules/@babel/highlight/node_modules/color-convert Completed in 47839ms
2829 http fetch GET 200 https://registry.npmjs.org/is-boolean-object/-/is-boolean-object-1.1.2.tgz 45599ms (cache miss)
2830 timing reifyNode:node_modules/is-boolean-object Completed in 47900ms
2831 http fetch GET 200 https://registry.npmjs.org/jest-runner/-/jest-runner-29.7.0.tgz 45720ms (cache miss)
2832 timing reifyNode:node_modules/jest-runner Completed in 47982ms
2833 http fetch GET 200 https://registry.npmjs.org/@babel/highlight/-/highlight-7.24.2.tgz 45315ms (cache miss)
2834 timing reifyNode:node_modules/@babel/highlight Completed in 47946ms
2835 http fetch GET 200 https://registry.npmjs.org/is-typed-array/-/is-typed-array-1.1.13.tgz 45715ms (cache miss)
2836 timing reifyNode:node_modules/is-typed-array Completed in 47997ms
2837 http fetch GET 200 https://registry.npmjs.org/are-we-there-yet/-/are-we-there-yet-3.0.1.tgz 45512ms (cache miss)
2838 timing reifyNode:node_modules/are-we-there-yet Completed in 48021ms
2839 http fetch GET 200 https://registry.npmjs.org/@babel/helper-string-parser/-/helper-string-parser-7.24.1.tgz 45450ms (cache miss)
2840 timing reifyNode:node_modules/@babel/helper-string-parser Completed in 48083ms
2841 http fetch GET 200 https://registry.npmjs.org/@babel/code-frame/-/code-frame-7.24.2.tgz 45451ms (cache miss)
2842 timing reifyNode:node_modules/@babel/code-frame Completed in 48092ms
2843 http fetch GET 200 https://registry.npmjs.org/cookie/-/cookie-0.4.2.tgz 45444ms (cache miss)
2844 timing reifyNode:node_modules/youch/node_modules/cookie Completed in 48199ms
2845 timing reifyNode:node_modules/es-object-atoms Completed in 48153ms
2846 http fetch GET 200 https://registry.npmjs.org/es6-weak-map/-/es6-weak-map-2.0.3.tgz 45777ms (cache miss)
2847 timing reifyNode:node_modules/es6-weak-map Completed in 48176ms
2848 http fetch GET 200 https://registry.npmjs.org/source-map-support/-/source-map-support-0.5.21.tgz 45495ms (cache miss)
2849 timing reifyNode:node_modules/terser/node_modules/source-map-support Completed in 48255ms
2850 timing metavuln:cache:put:security-advisory:ajv:URErmxoyazZWR5lFcXpgTkGsbkrUBDlzD8W6txjBw2wZoOC7oHjHFfCrRr/VnGeJvbyUY9E2jxrL8p2XbwfP8g== Completed in 18210ms
2851 timing metavuln:calculate:security-advisory:ajv:1113715 Completed in 46690ms
2852 http fetch GET 200 https://registry.npmjs.org/@fastify/formbody/-/formbody-7.4.0.tgz 45624ms (cache miss)
2853 timing reifyNode:node_modules/uc.micro Completed in 48349ms
2854 http fetch GET 200 https://registry.npmjs.org/cross-spawn/-/cross-spawn-7.0.3.tgz 46008ms (cache miss)
2855 timing reifyNode:node_modules/cross-spawn Completed in 48457ms
2856 http fetch GET 200 https://registry.npmjs.org/@jest/expect-utils/-/expect-utils-29.7.0.tgz 45855ms (cache miss)
2857 timing reifyNode:node_modules/@jest/expect-utils Completed in 48448ms
2858 http fetch GET 200 https://registry.npmjs.org/asap/-/asap-2.0.6.tgz 45987ms (cache miss)
2859 timing reifyNode:node_modules/asap Completed in 48479ms
2860 http fetch GET 200 https://registry.npmjs.org/call-bind/-/call-bind-1.0.7.tgz 46010ms (cache miss)
2861 timing reifyNode:node_modules/call-bind Completed in 48489ms
2862 http fetch GET 200 https://registry.npmjs.org/https-proxy-agent/-/https-proxy-agent-5.0.1.tgz 46191ms (cache miss)
2863 timing reifyNode:node_modules/https-proxy-agent Completed in 48514ms
2864 http fetch GET 200 https://registry.npmjs.org/ignore/-/ignore-5.2.0.tgz 46206ms (cache miss)
2865 timing reifyNode:node_modules/ignore Completed in 48522ms
2866 http fetch GET 200 https://registry.npmjs.org/fastest-levenshtein/-/fastest-levenshtein-1.0.16.tgz 46157ms (cache miss)
2867 timing reifyNode:node_modules/fastest-levenshtein Completed in 48526ms
2868 http fetch GET 200 https://registry.npmjs.org/@jridgewell/resolve-uri/-/resolve-uri-3.1.2.tgz 45974ms (cache miss)
2869 timing reifyNode:node_modules/@jridgewell/resolve-uri Completed in 48556ms
2870 http fetch GET 200 https://registry.npmjs.org/@fastify/fast-json-stringify-compiler/-/fast-json-stringify-compiler-4.3.0.tgz 45950ms (cache miss)
2871 http fetch GET 200 https://registry.npmjs.org/agent-base/-/agent-base-6.0.2.tgz 46098ms (cache miss)
2872 timing reifyNode:node_modules/agent-base Completed in 48614ms
2873 http fetch GET 200 https://registry.npmjs.org/@pnpm/npm-conf/-/npm-conf-1.0.5.tgz 46064ms (cache miss)
2874 timing reifyNode:node_modules/@pnpm/npm-conf Completed in 48626ms
2875 http fetch GET 200 https://registry.npmjs.org/rc-config-loader/-/rc-config-loader-4.1.3.tgz 46645ms (cache miss)
2876 timing reifyNode:node_modules/rc-config-loader Completed in 48744ms
2877 http fetch GET 200 https://registry.npmjs.org/debug/-/debug-3.2.7.tgz 45902ms (cache miss)
2878 timing reifyNode:node_modules/eslint-plugin-import/node_modules/debug Completed in 48710ms
2879 http fetch GET 200 https://registry.npmjs.org/debug/-/debug-3.2.7.tgz 45906ms (cache miss)
2880 timing reifyNode:node_modules/eslint-module-utils/node_modules/debug Completed in 48713ms
2881 http fetch GET 200 https://registry.npmjs.org/lru-cache/-/lru-cache-7.18.3.tgz 45945ms (cache miss)
2882 timing reifyNode:node_modules/make-fetch-happen/node_modules/lru-cache Completed in 48740ms
2883 http fetch GET 200 https://registry.npmjs.org/lru-cache/-/lru-cache-7.18.3.tgz 45951ms (cache miss)
2884 timing reifyNode:node_modules/normalize-package-data/node_modules/lru-cache Completed in 48747ms
2885 timing reifyNode:node_modules/pino-pretty/node_modules/help-me Completed in 48775ms
2886 timing reifyNode:node_modules/boxen/node_modules/emoji-regex Completed in 48735ms
2887 http fetch GET 200 https://registry.npmjs.org/glob/-/glob-7.2.3.tgz 45987ms (cache miss)
2888 timing reifyNode:node_modules/jest-config/node_modules/glob Completed in 48787ms
2889 http fetch GET 200 https://registry.npmjs.org/is-array-buffer/-/is-array-buffer-3.0.4.tgz 46489ms (cache miss)
2890 timing reifyNode:node_modules/is-array-buffer Completed in 48795ms
2891 http fetch GET 200 https://registry.npmjs.org/is-callable/-/is-callable-1.2.7.tgz 46504ms (cache miss)
2892 timing reifyNode:node_modules/is-callable Completed in 48806ms
2893 http fetch GET 200 https://registry.npmjs.org/typed-array-length/-/typed-array-length-1.0.6.tgz 46871ms (cache miss)
2894 timing reifyNode:node_modules/typed-array-length Completed in 48877ms
2895 http fetch GET 200 https://registry.npmjs.org/postcss-value-parser/-/postcss-value-parser-4.2.0.tgz 46797ms (cache miss)
2896 timing reifyNode:node_modules/postcss-value-parser Completed in 48926ms
2897 http fetch GET 200 https://registry.npmjs.org/prelude-ls/-/prelude-ls-1.2.1.tgz 46808ms (cache miss)
2898 timing reifyNode:node_modules/prelude-ls Completed in 48934ms
2899 http fetch GET 200 https://registry.npmjs.org/normalize-package-data/-/normalize-package-data-5.0.0.tgz 46765ms (cache miss)
2900 timing reifyNode:node_modules/normalize-package-data Completed in 48955ms
2901 http fetch GET 200 https://registry.npmjs.org/js-cookie/-/js-cookie-3.0.5.tgz 46716ms (cache miss)
2902 timing reifyNode:node_modules/js-cookie Completed in 48971ms
2903 http fetch GET 200 https://registry.npmjs.org/editorconfig/-/editorconfig-1.0.4.tgz 46541ms (cache miss)
2904 timing reifyNode:node_modules/editorconfig Completed in 48960ms
2905 http fetch GET 200 https://registry.npmjs.org/deepmerge/-/deepmerge-4.3.1.tgz 46537ms (cache miss)
2906 timing reifyNode:node_modules/deepmerge Completed in 48968ms
2907 http fetch GET 200 https://registry.npmjs.org/function-bind/-/function-bind-1.1.2.tgz 46692ms (cache miss)
2908 timing reifyNode:node_modules/function-bind Completed in 49043ms
2909 http fetch GET 200 https://registry.npmjs.org/fastq/-/fastq-1.17.1.tgz 46692ms (cache miss)
2910 http fetch GET 200 https://registry.npmjs.org/istanbul-lib-source-maps/-/istanbul-lib-source-maps-4.0.1.tgz 46810ms (cache miss)
2911 timing reifyNode:node_modules/istanbul-lib-source-maps Completed in 49090ms
2912 http fetch GET 200 https://registry.npmjs.org/jest-cli/-/jest-cli-29.7.0.tgz 46824ms (cache miss)
2913 timing reifyNode:node_modules/jest-cli Completed in 49092ms
2914 http fetch GET 200 https://registry.npmjs.org/available-typed-arrays/-/available-typed-arrays-1.0.7.tgz 46576ms (cache miss)
2915 timing reifyNode:node_modules/available-typed-arrays Completed in 49078ms
2916 http fetch GET 200 https://registry.npmjs.org/@webassemblyjs/leb128/-/leb128-1.11.6.tgz 46585ms (cache miss)
2917 timing reifyNode:node_modules/@webassemblyjs/leb128 Completed in 49116ms
2918 http fetch GET 200 https://registry.npmjs.org/is-string/-/is-string-1.0.7.tgz 46949ms (cache miss)
2919 timing reifyNode:node_modules/is-string Completed in 49233ms
2920 http fetch GET 200 https://registry.npmjs.org/mkdirp/-/mkdirp-1.0.4.tgz 47040ms (cache miss)
2921 timing reifyNode:node_modules/mkdirp Completed in 49247ms
2922 http fetch GET 200 https://registry.npmjs.org/is-shared-array-buffer/-/is-shared-array-buffer-1.0.3.tgz 46957ms (cache miss)
2923 timing reifyNode:node_modules/is-shared-array-buffer Completed in 49241ms
2924 http fetch GET 200 https://registry.npmjs.org/yargs-parser/-/yargs-parser-21.1.1.tgz 47332ms (cache miss)
2925 timing reifyNode:node_modules/yargs-parser Completed in 49301ms
2926 timing reifyNode:node_modules/@fastify/view/node_modules/fastify-plugin Completed in 49212ms
2927 timing reifyNode:node_modules/@fastify/static/node_modules/fastify-plugin Completed in 49216ms
2928 http fetch GET 200 https://registry.npmjs.org/is-negative-zero/-/is-negative-zero-2.0.3.tgz 46998ms (cache miss)
2929 timing reifyNode:node_modules/is-negative-zero Completed in 49293ms
2930 http fetch GET 200 https://registry.npmjs.org/secure-json-parse/-/secure-json-parse-2.7.0.tgz 47302ms (cache miss)
2931 http fetch GET 200 https://registry.npmjs.org/micromatch/-/micromatch-4.0.5.tgz 47205ms (cache miss)
2932 timing reifyNode:node_modules/micromatch Completed in 49420ms
2933 timing reifyNode:node_modules/jsonparse Completed in 49429ms
2934 http fetch GET 200 https://registry.npmjs.org/jest-mock/-/jest-mock-29.7.0.tgz 47189ms (cache miss)
2935 timing reifyNode:node_modules/jest-mock Completed in 49449ms
2936 http fetch GET 200 https://registry.npmjs.org/constantinople/-/constantinople-4.0.1.tgz 46984ms (cache miss)
2937 timing reifyNode:node_modules/constantinople Completed in 49430ms
2938 http fetch GET 200 https://registry.npmjs.org/close-with-grace/-/close-with-grace-1.1.0.tgz 46991ms (cache miss)
2939 http fetch GET 200 https://registry.npmjs.org/fast-content-type-parse/-/fast-content-type-parse-1.1.0.tgz 47151ms (cache miss)
2940 http fetch GET 200 https://registry.npmjs.org/jest-each/-/jest-each-29.7.0.tgz 47303ms (cache miss)
2941 timing reifyNode:node_modules/jest-each Completed in 49570ms
2942 http fetch GET 200 https://registry.npmjs.org/is-regex/-/is-regex-1.1.4.tgz 47286ms (cache miss)
2943 timing reifyNode:node_modules/is-regex Completed in 49571ms
2944 timing reifyNode:node_modules/@fastify/fast-json-stringify-compiler Completed in 49541ms
2945 http fetch GET 200 https://registry.npmjs.org/is-symbol/-/is-symbol-1.0.4.tgz 47442ms (cache miss)
2946 timing reifyNode:node_modules/is-symbol Completed in 49725ms
2947 http fetch GET 200 https://registry.npmjs.org/chalk/-/chalk-5.3.0.tgz 46969ms (cache miss)
2948 timing reifyNode:node_modules/npm-check-updates/node_modules/chalk Completed in 49756ms
2949 http fetch GET 200 https://registry.npmjs.org/ajv-formats/-/ajv-formats-3.0.1.tgz 46937ms (cache miss)
2950 timing reifyNode:node_modules/fast-json-stringify/node_modules/ajv-formats Completed in 49738ms
2951 timing reifyNode:node_modules/@fastify/formbody Completed in 49759ms
2952 http fetch GET 200 https://registry.npmjs.org/v8-to-istanbul/-/v8-to-istanbul-9.2.0.tgz 47860ms (cache miss)
2953 timing reifyNode:node_modules/v8-to-istanbul Completed in 49870ms
2954 http fetch GET 200 https://registry.npmjs.org/tuf-js/-/tuf-js-1.1.7.tgz 47868ms (cache miss)
2955 http fetch GET 200 https://registry.npmjs.org/tarn/-/tarn-3.0.2.tgz 47872ms (cache miss)
2956 timing reifyNode:node_modules/tarn Completed in 49898ms
2957 http fetch GET 200 https://registry.npmjs.org/pug/-/pug-3.0.2.tgz 47786ms (cache miss)
2958 timing reifyNode:node_modules/pug Completed in 49901ms
2959 http fetch GET 200 https://registry.npmjs.org/pg-types/-/pg-types-2.2.0.tgz 47776ms (cache miss)
2960 timing reifyNode:node_modules/pg-types Completed in 49933ms
2961 http fetch GET 200 https://registry.npmjs.org/object.groupby/-/object.groupby-1.0.3.tgz 47765ms (cache miss)
2962 timing reifyNode:node_modules/object.groupby Completed in 49943ms
2963 timing reifyNode:node_modules/close-with-grace Completed in 49968ms
2964 http fetch GET 200 https://registry.npmjs.org/chalk/-/chalk-4.1.2.tgz 47503ms (cache miss)
2965 timing reifyNode:node_modules/chalk Completed in 49972ms
2966 timing reifyNode:node_modules/fastq Completed in 50017ms
2967 http fetch GET 200 https://registry.npmjs.org/array.prototype.flat/-/array.prototype.flat-1.3.2.tgz 47540ms (cache miss)
2968 timing reifyNode:node_modules/array.prototype.flat Completed in 50040ms
2969 http fetch GET 200 https://registry.npmjs.org/arraybuffer.prototype.slice/-/arraybuffer.prototype.slice-1.0.3.tgz 47550ms (cache miss)
2970 timing reifyNode:node_modules/arraybuffer.prototype.slice Completed in 50050ms
2971 http fetch GET 200 https://registry.npmjs.org/@sindresorhus/is/-/is-5.3.0.tgz 47554ms (cache miss)
2972 timing reifyNode:node_modules/@sindresorhus/is Completed in 50114ms
2973 http fetch GET 200 https://registry.npmjs.org/es-errors/-/es-errors-1.3.0.tgz 47786ms (cache miss)
2974 http fetch GET 200 https://registry.npmjs.org/@npmcli/fs/-/fs-1.1.1.tgz 47576ms (cache miss)
2975 timing reifyNode:node_modules/sqlite3/node_modules/@npmcli/fs Completed in 50339ms
2976 http fetch GET 200 https://registry.npmjs.org/which-typed-array/-/which-typed-array-1.1.15.tgz 48386ms (cache miss)
2977 timing reifyNode:node_modules/which-typed-array Completed in 50365ms
2978 http fetch GET 200 https://registry.npmjs.org/@fastify/error/-/error-3.4.1.tgz 47688ms (cache miss)
2979 http fetch GET 200 https://registry.npmjs.org/string.prototype.trimend/-/string.prototype.trimend-1.0.8.tgz 48354ms (cache miss)
2980 timing reifyNode:node_modules/string.prototype.trimend Completed in 50384ms
2981 http fetch GET 200 https://registry.npmjs.org/sprintf-js/-/sprintf-js-1.0.3.tgz 48347ms (cache miss)
2982 http fetch GET 200 https://registry.npmjs.org/prebuild-install/-/prebuild-install-7.1.2.tgz 48290ms (cache miss)
2983 timing reifyNode:node_modules/prebuild-install Completed in 50414ms
2984 http fetch GET 200 https://registry.npmjs.org/optionator/-/optionator-0.9.3.tgz 48269ms (cache miss)
2985 timing reifyNode:node_modules/optionator Completed in 50439ms
2986 http fetch GET 200 https://registry.npmjs.org/@humanwhocodes/config-array/-/config-array-0.11.14.tgz 47872ms (cache miss)
2987 timing reifyNode:node_modules/@humanwhocodes/config-array Completed in 50474ms
2988 http fetch GET 200 https://registry.npmjs.org/array.prototype.flatmap/-/array.prototype.flatmap-1.3.2.tgz 48069ms (cache miss)
2989 timing reifyNode:node_modules/array.prototype.flatmap Completed in 50570ms
2990 http fetch GET 200 https://registry.npmjs.org/istanbul-lib-report/-/istanbul-lib-report-3.0.1.tgz 48339ms (cache miss)
2991 timing reifyNode:node_modules/istanbul-lib-report Completed in 50619ms
2992 http fetch GET 200 https://registry.npmjs.org/@types/babel__traverse/-/babel__traverse-7.20.5.tgz 48056ms (cache miss)
2993 timing reifyNode:node_modules/@types/babel__traverse Completed in 50610ms
2994 http fetch GET 200 https://registry.npmjs.org/@types/jest/-/jest-29.5.12.tgz 48068ms (cache miss)
2995 timing reifyNode:node_modules/@types/jest Completed in 50614ms
2996 http fetch GET 200 https://registry.npmjs.org/@sigstore/tuf/-/tuf-1.0.3.tgz 48062ms (cache miss)
2997 timing reifyNode:node_modules/@sigstore/tuf Completed in 50623ms
2998 http fetch GET 200 https://registry.npmjs.org/@pnpm/network.ca-file/-/network.ca-file-1.0.1.tgz 48055ms (cache miss)
2999 http fetch GET 200 https://registry.npmjs.org/@types/yargs/-/yargs-17.0.32.tgz 48094ms (cache miss)
3000 timing reifyNode:node_modules/@types/yargs Completed in 50631ms
3001 http fetch GET 200 https://registry.npmjs.org/@ungap/structured-clone/-/structured-clone-1.2.0.tgz 48096ms (cache miss)
3002 timing reifyNode:node_modules/@ungap/structured-clone Completed in 50634ms
3003 http fetch GET 200 https://registry.npmjs.org/lru-cache/-/lru-cache-7.18.3.tgz 47928ms (cache miss)
3004 timing reifyNode:node_modules/node-gyp/node_modules/lru-cache Completed in 50722ms
3005 http fetch GET 200 https://registry.npmjs.org/lru-cache/-/lru-cache-7.18.3.tgz 47951ms (cache miss)
3006 timing reifyNode:node_modules/npm-package-arg/node_modules/lru-cache Completed in 50728ms
3007 http fetch GET 200 https://registry.npmjs.org/yargs-parser/-/yargs-parser-20.2.9.tgz 47996ms (cache miss)
3008 timing reifyNode:node_modules/sequelize-cli/node_modules/yargs-parser Completed in 50762ms
3009 http fetch GET 200 https://registry.npmjs.org/inflection/-/inflection-1.13.4.tgz 48467ms (cache miss)
3010 timing reifyNode:node_modules/inflection Completed in 50774ms
3011 http fetch GET 200 https://registry.npmjs.org/watchpack/-/watchpack-2.4.1.tgz 48847ms (cache miss)
3012 timing reifyNode:node_modules/watchpack Completed in 50831ms
3013 timing reifyNode:node_modules/secure-json-parse Completed in 50851ms
3014 http fetch GET 200 https://registry.npmjs.org/minipass-fetch/-/minipass-fetch-3.0.4.tgz 48673ms (cache miss)
3015 timing reifyNode:node_modules/minipass-fetch Completed in 50884ms
3016 http fetch GET 200 https://registry.npmjs.org/json-schema-ref-resolver/-/json-schema-ref-resolver-1.0.1.tgz 48649ms (cache miss)
3017 timing reifyNode:node_modules/json-schema-ref-resolver Completed in 50897ms
3018 http fetch GET 200 https://registry.npmjs.org/debug/-/debug-4.3.4.tgz 48449ms (cache miss)
3019 timing reifyNode:node_modules/debug Completed in 50884ms
3020 http fetch GET 200 https://registry.npmjs.org/bl/-/bl-4.1.0.tgz 48408ms (cache miss)
3021 timing reifyNode:node_modules/bl Completed in 50893ms
3022 http fetch GET 200 https://registry.npmjs.org/has-tostringtag/-/has-tostringtag-1.0.2.tgz 48603ms (cache miss)
3023 timing reifyNode:node_modules/has-tostringtag Completed in 50931ms
3024 http fetch GET 200 https://registry.npmjs.org/get-intrinsic/-/get-intrinsic-1.2.4.tgz 48598ms (cache miss)
3025 timing reifyNode:node_modules/get-intrinsic Completed in 50943ms
3026 timing reifyNode:node_modules/fast-content-type-parse Completed in 50965ms
3027 http fetch GET 200 https://registry.npmjs.org/istanbul-lib-instrument/-/istanbul-lib-instrument-6.0.2.tgz 48722ms (cache miss)
3028 timing reifyNode:node_modules/istanbul-lib-instrument Completed in 50997ms
3029 http fetch GET 200 https://registry.npmjs.org/istanbul-lib-coverage/-/istanbul-lib-coverage-3.2.2.tgz 48721ms (cache miss)
3030 timing reifyNode:node_modules/istanbul-lib-coverage Completed in 50999ms
3031 http fetch GET 200 https://registry.npmjs.org/@jest/types/-/types-29.6.3.tgz 48378ms (cache miss)
3032 timing reifyNode:node_modules/@jest/types Completed in 50961ms
3033 http fetch GET 200 https://registry.npmjs.org/@jridgewell/gen-mapping/-/gen-mapping-0.3.5.tgz 48402ms (cache miss)
3034 timing reifyNode:node_modules/@jridgewell/gen-mapping Completed in 50986ms
3035 http fetch GET 200 https://registry.npmjs.org/array.prototype.findlastindex/-/array.prototype.findlastindex-1.2.5.tgz 48503ms (cache miss)
3036 timing reifyNode:node_modules/array.prototype.findlastindex Completed in 51006ms
3037 http fetch GET 200 https://registry.npmjs.org/@sinonjs/fake-timers/-/fake-timers-10.3.0.tgz 48455ms (cache miss)
3038 timing reifyNode:node_modules/@sinonjs/fake-timers Completed in 51014ms
3039 http fetch GET 200 https://registry.npmjs.org/@sigstore/bundle/-/bundle-1.1.0.tgz 48456ms (cache miss)
3040 timing reifyNode:node_modules/@sigstore/bundle Completed in 51021ms
3041 http fetch GET 200 https://registry.npmjs.org/@babel/compat-data/-/compat-data-7.24.4.tgz 48414ms (cache miss)
3042 timing reifyNode:node_modules/@babel/compat-data Completed in 51056ms
3043 http fetch GET 200 https://registry.npmjs.org/@ampproject/remapping/-/remapping-2.3.0.tgz 48419ms (cache miss)
3044 http fetch GET 200 https://registry.npmjs.org/fast-json-stable-stringify/-/fast-json-stable-stringify-2.1.0.tgz 48728ms (cache miss)
3045 timing reifyNode:node_modules/fast-json-stable-stringify Completed in 51113ms
3046 timing reifyNode:node_modules/es-errors Completed in 51127ms
3047 timing reifyNode:node_modules/tuf-js Completed in 51279ms
3048 http fetch GET 200 https://registry.npmjs.org/timers-ext/-/timers-ext-0.1.7.tgz 49289ms (cache miss)
3049 http fetch GET 200 https://registry.npmjs.org/string.prototype.trimstart/-/string.prototype.trimstart-1.0.8.tgz 49280ms (cache miss)
3050 timing reifyNode:node_modules/string.prototype.trimstart Completed in 51310ms
3051 http fetch GET 200 https://registry.npmjs.org/npm-registry-fetch/-/npm-registry-fetch-14.0.5.tgz 49171ms (cache miss)
3052 timing reifyNode:node_modules/npm-registry-fetch Completed in 51366ms
3053 http fetch GET 200 https://registry.npmjs.org/semver/-/semver-6.3.1.tgz 48405ms (cache miss)
3054 timing reifyNode:node_modules/@babel/core/node_modules/semver Completed in 51354ms
3055 http fetch GET 200 https://registry.npmjs.org/semver/-/semver-6.3.1.tgz 48358ms (cache miss)
3056 timing reifyNode:node_modules/@babel/helper-compilation-targets/node_modules/semver Completed in 51359ms
3057 http fetch GET 200 https://registry.npmjs.org/browserslist/-/browserslist-4.23.0.tgz 48908ms (cache miss)
3058 timing reifyNode:node_modules/browserslist Completed in 51389ms
3059 http fetch GET 200 https://registry.npmjs.org/jest-runtime/-/jest-runtime-29.7.0.tgz 49223ms (cache miss)
3060 timing reifyNode:node_modules/jest-runtime Completed in 51483ms
3061 http fetch GET 200 https://registry.npmjs.org/@jest/transform/-/transform-29.7.0.tgz 48861ms (cache miss)
3062 timing reifyNode:node_modules/@jest/transform Completed in 51444ms
3063 http fetch GET 200 https://registry.npmjs.org/array-includes/-/array-includes-3.1.8.tgz 48954ms (cache miss)
3064 timing reifyNode:node_modules/array-includes Completed in 51460ms
3065 http fetch GET 200 https://registry.npmjs.org/@npmcli/git/-/git-4.1.0.tgz 48911ms (cache miss)
3066 timing reifyNode:node_modules/@npmcli/git Completed in 51487ms
3067 http fetch GET 200 https://registry.npmjs.org/event-emitter/-/event-emitter-0.3.5.tgz 49170ms (cache miss)
3068 http fetch GET 200 https://registry.npmjs.org/es6-symbol/-/es6-symbol-3.1.4.tgz 49168ms (cache miss)
3069 timing reifyNode:node_modules/es6-symbol Completed in 51568ms
3070 http fetch GET 200 https://registry.npmjs.org/fastify-plugin/-/fastify-plugin-4.5.1.tgz 48772ms (cache miss)
3071 timing reifyNode:node_modules/fastify-method-override/node_modules/fastify-plugin Completed in 51578ms
3072 http fetch GET 200 https://registry.npmjs.org/fastify-plugin/-/fastify-plugin-4.5.1.tgz 48717ms (cache miss)
3073 http fetch GET 200 https://registry.npmjs.org/fastify-plugin/-/fastify-plugin-4.5.1.tgz 48784ms (cache miss)
3074 http fetch GET 200 https://registry.npmjs.org/fastify-plugin/-/fastify-plugin-4.5.1.tgz 48720ms (cache miss)
3075 http fetch GET 200 https://registry.npmjs.org/fastify-plugin/-/fastify-plugin-4.5.1.tgz 48722ms (cache miss)
3076 http fetch GET 200 https://registry.npmjs.org/fastify-plugin/-/fastify-plugin-4.5.1.tgz 48724ms (cache miss)
3077 http fetch GET 200 https://registry.npmjs.org/fastify-plugin/-/fastify-plugin-4.5.1.tgz 48796ms (cache miss)
3078 timing reifyNode:node_modules/@fastify/secure-session/node_modules/fastify-plugin Completed in 51560ms
3079 timing reifyNode:node_modules/fastify-cli/node_modules/fastify-plugin Completed in 51595ms
3080 timing reifyNode:node_modules/@fastify/cookie/node_modules/fastify-plugin Completed in 51562ms
3081 timing reifyNode:node_modules/@fastify/formbody/node_modules/fastify-plugin Completed in 51566ms
3082 http fetch GET 200 https://registry.npmjs.org/emoji-regex/-/emoji-regex-9.2.2.tgz 48933ms (cache miss)
3083 timing reifyNode:node_modules/@fastify/flash/node_modules/fastify-plugin Completed in 51603ms
3084 timing reifyNode:node_modules/@fastify/error Completed in 51637ms
3085 timing reifyNode:node_modules/sprintf-js Completed in 51718ms
3086 http fetch GET 200 https://registry.npmjs.org/retry/-/retry-0.12.0.tgz 49662ms (cache miss)
3087 timing reifyNode:node_modules/retry Completed in 51743ms
3088 http fetch GET 200 https://registry.npmjs.org/pino-abstract-transport/-/pino-abstract-transport-1.2.0.tgz 49606ms (cache miss)
3089 http fetch GET 200 https://registry.npmjs.org/path-to-regexp/-/path-to-regexp-6.2.1.tgz 49601ms (cache miss)
3090 timing reifyNode:node_modules/path-to-regexp Completed in 51762ms
3091 http fetch GET 200 https://registry.npmjs.org/nanoid/-/nanoid-3.3.7.tgz 49555ms (cache miss)
3092 http fetch GET 200 https://registry.npmjs.org/object.values/-/object.values-1.2.0.tgz 49595ms (cache miss)
3093 timing reifyNode:node_modules/object.values Completed in 51775ms
3094 http fetch GET 200 https://registry.npmjs.org/globals/-/globals-14.0.0.tgz 48894ms (cache miss)
3095 timing reifyNode:node_modules/@eslint/eslintrc/node_modules/globals Completed in 51757ms
3096 http fetch GET 200 https://registry.npmjs.org/objection-unique/-/objection-unique-1.2.2.tgz 49689ms (cache miss)
3097 timing reifyNode:node_modules/objection-unique Completed in 51863ms
3098 http fetch GET 200 https://registry.npmjs.org/@npmcli/fs/-/fs-3.1.0.tgz 49258ms (cache miss)
3099 timing reifyNode:node_modules/@npmcli/fs Completed in 51837ms
3100 timing reifyNode:node_modules/@pnpm/network.ca-file Completed in 51852ms
3101 timing reifyNode:node_modules/@ampproject/remapping Completed in 51861ms
3102 http fetch GET 200 https://registry.npmjs.org/@babel/helper-module-imports/-/helper-module-imports-7.24.3.tgz 49230ms (cache miss)
3103 timing reifyNode:node_modules/@babel/helper-module-imports Completed in 51868ms
3104 http fetch GET 200 https://registry.npmjs.org/string.prototype.trim/-/string.prototype.trim-1.2.9.tgz 49967ms (cache miss)
3105 timing reifyNode:node_modules/string.prototype.trim Completed in 51997ms
3106 timing reifyNode:node_modules/widest-line/node_modules/emoji-regex Completed in 52037ms
3107 timing reifyNode:node_modules/fastify-objectionjs/node_modules/fastify-plugin Completed in 52005ms
3108 http fetch GET 200 https://registry.npmjs.org/source-map-support/-/source-map-support-0.5.13.tgz 50057ms (cache miss)
3109 timing reifyNode:node_modules/source-map-support Completed in 52102ms
3110 http fetch GET 200 https://registry.npmjs.org/sequelize-pool/-/sequelize-pool-7.1.0.tgz 50065ms (cache miss)
3111 timing reifyNode:node_modules/sequelize-pool Completed in 52133ms
3112 http fetch GET 200 https://registry.npmjs.org/has-symbols/-/has-symbols-1.0.3.tgz 49864ms (cache miss)
3113 timing reifyNode:node_modules/has-symbols Completed in 52191ms
3114 http fetch GET 200 https://registry.npmjs.org/human-signals/-/human-signals-2.1.0.tgz 49875ms (cache miss)
3115 timing reifyNode:node_modules/human-signals Completed in 52195ms
3116 http fetch GET 200 https://registry.npmjs.org/globalthis/-/globalthis-1.0.3.tgz 49858ms (cache miss)
3117 timing reifyNode:node_modules/globalthis Completed in 52197ms
3118 http fetch GET 200 https://registry.npmjs.org/agentkeepalive/-/agentkeepalive-4.2.1.tgz 49741ms (cache miss)
3119 timing reifyNode:node_modules/agentkeepalive Completed in 52251ms
3120 http fetch GET 200 https://registry.npmjs.org/emoji-regex/-/emoji-regex-9.2.2.tgz 49594ms (cache miss)
3121 http fetch GET 200 https://registry.npmjs.org/es6-iterator/-/es6-iterator-2.0.3.tgz 49898ms (cache miss)
3122 timing reifyNode:node_modules/timers-ext Completed in 52437ms
3123 http fetch GET 200 https://registry.npmjs.org/mime-db/-/mime-db-1.52.0.tgz 50277ms (cache miss)
3124 timing reifyNode:node_modules/mime-db Completed in 52493ms
3125 http fetch GET 200 https://registry.npmjs.org/cli-table3/-/cli-table3-0.6.4.tgz 50043ms (cache miss)
3126 timing reifyNode:node_modules/cli-table3 Completed in 52504ms
3127 http fetch GET 200 https://registry.npmjs.org/buffer/-/buffer-5.7.1.tgz 50027ms (cache miss)
3128 timing reifyNode:node_modules/buffer Completed in 52506ms
3129 http fetch GET 200 https://registry.npmjs.org/fastify-plugin/-/fastify-plugin-3.0.1.tgz 50184ms (cache miss)
3130 http fetch GET 200 https://registry.npmjs.org/jest-resolve/-/jest-resolve-29.7.0.tgz 50313ms (cache miss)
3131 timing reifyNode:node_modules/jest-resolve Completed in 52580ms
3132 http fetch GET 200 https://registry.npmjs.org/@nodelib/fs.stat/-/fs.stat-2.0.5.tgz 49977ms (cache miss)
3133 timing reifyNode:node_modules/@nodelib/fs.stat Completed in 52555ms
3134 http fetch GET 200 https://registry.npmjs.org/@babel/helper-validator-identifier/-/helper-validator-identifier-7.22.20.tgz 49947ms (cache miss)
3135 timing reifyNode:node_modules/@babel/helper-validator-identifier Completed in 52577ms
3136 timing reifyNode:node_modules/event-emitter Completed in 52637ms
3137 http fetch GET 200 https://registry.npmjs.org/jest-validate/-/jest-validate-29.7.0.tgz 50424ms (cache miss)
3138 timing reifyNode:node_modules/jest-validate Completed in 52682ms
3139 http fetch GET 200 https://registry.npmjs.org/with/-/with-7.0.2.tgz 50819ms (cache miss)
3140 http fetch GET 200 https://registry.npmjs.org/regexp.prototype.flags/-/regexp.prototype.flags-1.5.2.tgz 50731ms (cache miss)
3141 timing reifyNode:node_modules/regexp.prototype.flags Completed in 52827ms
3142 timing reifyNode:node_modules/pino-abstract-transport Completed in 52839ms
3143 timing reifyNode:node_modules/nanoid Completed in 52839ms
3144 http fetch GET 200 https://registry.npmjs.org/object.entries/-/object.entries-1.1.8.tgz 50675ms (cache miss)
3145 timing reifyNode:node_modules/object.entries Completed in 52848ms
3146 http fetch GET 200 https://registry.npmjs.org/function.prototype.name/-/function.prototype.name-1.1.6.tgz 50544ms (cache miss)
3147 timing reifyNode:node_modules/function.prototype.name Completed in 52892ms
3148 http fetch GET 200 https://registry.npmjs.org/@nodelib/fs.scandir/-/fs.scandir-2.1.5.tgz 50337ms (cache miss)
3149 http fetch GET 200 https://registry.npmjs.org/@npmcli/run-script/-/run-script-6.0.2.tgz 50372ms (cache miss)
3150 timing reifyNode:node_modules/@npmcli/run-script Completed in 52945ms
3151 timing reifyNode:node_modules/wrap-ansi/node_modules/emoji-regex Completed in 53036ms
3152 http fetch GET 200 https://registry.npmjs.org/lru-cache/-/lru-cache-7.18.3.tgz 50200ms (cache miss)
3153 timing reifyNode:node_modules/@npmcli/git/node_modules/lru-cache Completed in 53021ms
3154 http fetch GET 200 https://registry.npmjs.org/lru-cache/-/lru-cache-7.18.3.tgz 50270ms (cache miss)
3155 timing reifyNode:node_modules/hosted-git-info/node_modules/lru-cache Completed in 53071ms
3156 http fetch GET 200 https://registry.npmjs.org/tslib/-/tslib-2.6.2.tgz 51157ms (cache miss)
3157 timing reifyNode:node_modules/tslib Completed in 53169ms
3158 http fetch GET 200 https://registry.npmjs.org/process-warning/-/process-warning-3.0.0.tgz 51052ms (cache miss)
3159 http fetch GET 200 https://registry.npmjs.org/doctrine/-/doctrine-3.0.0.tgz 50898ms (cache miss)
3160 timing reifyNode:node_modules/doctrine Completed in 53321ms
3161 http fetch GET 200 https://registry.npmjs.org/braces/-/braces-3.0.2.tgz 50841ms (cache miss)
3162 timing reifyNode:node_modules/braces Completed in 53321ms
3163 http fetch GET 200 https://registry.npmjs.org/globals/-/globals-15.0.0.tgz 51003ms (cache miss)
3164 timing reifyNode:node_modules/globals Completed in 53344ms
3165 timing reifyNode:node_modules/fastify-plugin Completed in 53342ms
3166 timing reifyNode:node_modules/es6-iterator Completed in 53356ms
3167 http fetch GET 200 https://registry.npmjs.org/validator 51816ms (cache miss)
3168 timing metavuln:packument:validator Completed in 51820ms
3169 timing metavuln:load:security-advisory:validator:1109241 Completed in 6ms
3170 timing metavuln:load:security-advisory:validator:1112713 Completed in 4ms
3171 http fetch GET 200 https://registry.npmjs.org/unique-filename/-/unique-filename-1.1.1.tgz 51470ms (cache miss)
3172 timing reifyNode:node_modules/unique-filename Completed in 53470ms
3173 http fetch GET 200 https://registry.npmjs.org/tapable/-/tapable-2.2.1.tgz 51457ms (cache miss)
3174 timing reifyNode:node_modules/tapable Completed in 53485ms
3175 http fetch GET 200 https://registry.npmjs.org/pino-std-serializers/-/pino-std-serializers-6.2.2.tgz 51345ms (cache miss)
3176 http fetch GET 200 https://registry.npmjs.org/minimist/-/minimist-1.2.6.tgz 51293ms (cache miss)
3177 timing reifyNode:node_modules/minimist Completed in 53508ms
3178 http fetch GET 200 https://registry.npmjs.org/mime/-/mime-3.0.0.tgz 51295ms (cache miss)
3179 timing reifyNode:node_modules/mime Completed in 53510ms
3180 http fetch GET 200 https://registry.npmjs.org/jju/-/jju-1.4.0.tgz 51263ms (cache miss)
3181 timing reifyNode:node_modules/jju Completed in 53519ms
3182 http fetch GET 200 https://registry.npmjs.org/es-to-primitive/-/es-to-primitive-1.2.1.tgz 51103ms (cache miss)
3183 timing reifyNode:node_modules/es-to-primitive Completed in 53512ms
3184 http fetch GET 200 https://registry.npmjs.org/babel-walk/-/babel-walk-3.0.0-canary-5.tgz 51019ms (cache miss)
3185 timing reifyNode:node_modules/babel-walk Completed in 53508ms
3186 http fetch GET 200 https://registry.npmjs.org/execa/-/execa-5.1.1.tgz 51285ms (cache miss)
3187 timing reifyNode:node_modules/execa Completed in 53676ms
3188 timing reifyNode:node_modules/with Completed in 53785ms
3189 http fetch GET 200 https://registry.npmjs.org/schema-utils/-/schema-utils-3.3.0.tgz 51027ms (cache miss)
3190 timing reifyNode:node_modules/terser-webpack-plugin/node_modules/schema-utils Completed in 53783ms
3191 http fetch GET 200 https://registry.npmjs.org/eslint-scope/-/eslint-scope-5.1.1.tgz 51228ms (cache miss)
3192 timing reifyNode:node_modules/webpack/node_modules/eslint-scope Completed in 53984ms
3193 timing reifyNode:node_modules/@nodelib/fs.scandir Completed in 53906ms
3194 http fetch GET 200 https://registry.npmjs.org/@nodelib/fs.walk/-/fs.walk-1.2.8.tgz 51339ms (cache miss)
3195 http fetch GET 200 https://registry.npmjs.org/ajv-formats/-/ajv-formats-2.1.1.tgz 51422ms (cache miss)
3196 timing reifyNode:node_modules/ajv-formats Completed in 53934ms
3197 http fetch GET 200 https://registry.npmjs.org/@babel/helper-compilation-targets/-/helper-compilation-targets-7.23.6.tgz 51288ms (cache miss)
3198 timing reifyNode:node_modules/@babel/helper-compilation-targets Completed in 53932ms
3199 http fetch GET 200 https://registry.npmjs.org/jest-worker/-/jest-worker-27.5.1.tgz 51251ms (cache miss)
3200 http fetch GET 200 https://registry.npmjs.org/cacache/-/cacache-16.1.3.tgz 51264ms (cache miss)
3201 timing reifyNode:node_modules/node-gyp/node_modules/cacache Completed in 54060ms
3202 http fetch GET 200 https://registry.npmjs.org/terser-webpack-plugin/-/terser-webpack-plugin-5.3.10.tgz 52103ms (cache miss)
3203 timing reifyNode:node_modules/terser-webpack-plugin Completed in 54127ms
3204 timing reifyNode:node_modules/pino-std-serializers Completed in 54130ms
3205 timing reifyNode:node_modules/process-warning Completed in 54134ms
3206 http fetch GET 200 https://registry.npmjs.org/chokidar/-/chokidar-3.5.3.tgz 51714ms (cache miss)
3207 timing reifyNode:node_modules/chokidar Completed in 54183ms
3208 http fetch GET 200 https://registry.npmjs.org/gauge/-/gauge-4.0.4.tgz 51885ms (cache miss)
3209 timing reifyNode:node_modules/gauge Completed in 54234ms
3210 http fetch GET 200 https://registry.npmjs.org/jest-snapshot/-/jest-snapshot-29.7.0.tgz 52000ms (cache miss)
3211 timing reifyNode:node_modules/jest-snapshot Completed in 54260ms
3212 http fetch GET 200 https://registry.npmjs.org/signal-exit/-/signal-exit-4.1.0.tgz 51554ms (cache miss)
3213 timing reifyNode:node_modules/foreground-child/node_modules/signal-exit Completed in 54356ms
3214 http fetch GET 200 https://registry.npmjs.org/argparse/-/argparse-1.0.10.tgz 51503ms (cache miss)
3215 timing reifyNode:node_modules/@istanbuljs/load-nyc-config/node_modules/argparse Completed in 54325ms
3216 http fetch GET 200 https://registry.npmjs.org/help-me/-/help-me-4.2.0.tgz 52184ms (cache miss)
3217 http fetch GET 200 https://registry.npmjs.org/foreground-child/-/foreground-child-3.1.1.tgz 52171ms (cache miss)
3218 timing reifyNode:node_modules/terser-webpack-plugin/node_modules/jest-worker Completed in 54762ms
3219 http fetch GET 200 https://registry.npmjs.org/es-module-lexer/-/es-module-lexer-1.5.0.tgz 52298ms (cache miss)
3220 timing reifyNode:node_modules/es-module-lexer Completed in 54708ms
3221 http fetch GET 200 https://registry.npmjs.org/shell-quote/-/shell-quote-1.8.1.tgz 52774ms (cache miss)
3222 timing reifyNode:node_modules/shell-quote Completed in 54830ms
3223 http fetch GET 200 https://registry.npmjs.org/smart-buffer/-/smart-buffer-4.2.0.tgz 52799ms (cache miss)
3224 timing reifyNode:node_modules/smart-buffer Completed in 54850ms
3225 http fetch GET 200 https://registry.npmjs.org/minipass-sized/-/minipass-sized-1.0.3.tgz 52644ms (cache miss)
3226 timing reifyNode:node_modules/minipass-sized Completed in 54850ms
3227 http fetch GET 200 https://registry.npmjs.org/dotenv/-/dotenv-16.4.5.tgz 52443ms (cache miss)
3228 timing reifyNode:node_modules/dotenv Completed in 54862ms
3229 http fetch GET 200 https://registry.npmjs.org/flatted/-/flatted-3.3.1.tgz 52569ms (cache miss)
3230 timing reifyNode:node_modules/flatted Completed in 54929ms
3231 timing reifyNode:node_modules/@nodelib/fs.walk Completed in 54904ms
3232 http fetch GET 200 https://registry.npmjs.org/abort-controller/-/abort-controller-3.0.0.tgz 52423ms (cache miss)
3233 timing reifyNode:node_modules/abort-controller Completed in 54936ms
3234 http fetch GET 200 https://registry.npmjs.org/@webassemblyjs/wasm-parser/-/wasm-parser-1.12.1.tgz 52428ms (cache miss)
3235 timing reifyNode:node_modules/@webassemblyjs/wasm-parser Completed in 54954ms
3236 http fetch GET 200 https://registry.npmjs.org/style-loader/-/style-loader-4.0.0.tgz 53097ms (cache miss)
3237 timing reifyNode:node_modules/style-loader Completed in 55139ms
3238 http fetch GET 200 https://registry.npmjs.org/make-fetch-happen/-/make-fetch-happen-11.1.1.tgz 52940ms (cache miss)
3239 timing reifyNode:node_modules/make-fetch-happen Completed in 55162ms
3240 http fetch GET 200 https://registry.npmjs.org/jest-diff/-/jest-diff-29.7.0.tgz 52951ms (cache miss)
3241 timing reifyNode:node_modules/jest-diff Completed in 55220ms
3242 http fetch GET 200 https://registry.npmjs.org/umzug/-/umzug-2.3.0.tgz 53315ms (cache miss)
3243 timing reifyNode:node_modules/umzug Completed in 55318ms
3244 timing reifyNode:node_modules/foreground-child Completed in 55418ms
3245 http fetch GET 200 https://registry.npmjs.org/fast-uri/-/fast-uri-2.3.0.tgz 53056ms (cache miss)
3246 timing reifyNode:node_modules/help-me Completed in 55436ms
3247 http fetch GET 200 https://registry.npmjs.org/jest-circus/-/jest-circus-29.7.0.tgz 53200ms (cache miss)
3248 timing reifyNode:node_modules/jest-circus Completed in 55469ms
3249 http fetch GET 200 https://registry.npmjs.org/@fastify/sensible/-/sensible-5.5.0.tgz 52834ms (cache miss)
3250 http fetch GET 200 https://registry.npmjs.org/json5/-/json5-1.0.2.tgz 52810ms (cache miss)
3251 timing reifyNode:node_modules/tsconfig-paths/node_modules/json5 Completed in 55560ms
3252 http fetch GET 200 https://registry.npmjs.org/espree/-/espree-10.0.1.tgz 53118ms (cache miss)
3253 timing reifyNode:node_modules/espree Completed in 55511ms
3254 http fetch GET 200 https://registry.npmjs.org/exit/-/exit-0.1.2.tgz 53131ms (cache miss)
3255 timing reifyNode:node_modules/exit Completed in 55515ms
3256 http fetch GET 200 https://registry.npmjs.org/pretty-format/-/pretty-format-29.7.0.tgz 53519ms (cache miss)
3257 timing reifyNode:node_modules/pretty-format Completed in 55639ms
3258 http fetch GET 200 https://registry.npmjs.org/object.assign/-/object.assign-4.1.5.tgz 53484ms (cache miss)
3259 timing reifyNode:node_modules/object.assign Completed in 55663ms
3260 http fetch GET 200 https://registry.npmjs.org/expect/-/expect-29.7.0.tgz 53278ms (cache miss)
3261 timing reifyNode:node_modules/expect Completed in 55663ms
3262 http fetch GET 200 https://registry.npmjs.org/@discoveryjs/json-ext/-/json-ext-0.5.7.tgz 53042ms (cache miss)
3263 timing reifyNode:node_modules/@discoveryjs/json-ext Completed in 55659ms
3264 http fetch GET 200 https://registry.npmjs.org/cacache/-/cacache-15.3.0.tgz 53076ms (cache miss)
3265 timing reifyNode:node_modules/sqlite3/node_modules/cacache Completed in 55838ms
3266 http fetch GET 200 https://registry.npmjs.org/picomatch/-/picomatch-2.3.1.tgz 53735ms (cache miss)
3267 timing reifyNode:node_modules/picomatch Completed in 55890ms
3268 http fetch GET 200 https://registry.npmjs.org/form-data-encoder/-/form-data-encoder-2.1.0.tgz 53555ms (cache miss)
3269 http fetch GET 200 https://registry.npmjs.org/@fastify/ajv-compiler/-/ajv-compiler-3.5.0.tgz 53271ms (cache miss)
3270 timing reifyNode:node_modules/@fastify/ajv-compiler Completed in 55878ms
3271 http fetch GET 200 https://registry.npmjs.org/@colors/colors/-/colors-1.5.0.tgz 53321ms (cache miss)
3272 timing reifyNode:node_modules/@colors/colors Completed in 55938ms
3273 http fetch GET 200 https://registry.npmjs.org/eslint-module-utils/-/eslint-module-utils-2.8.1.tgz 53587ms (cache miss)
3274 http fetch GET 200 https://registry.npmjs.org/sonic-boom/-/sonic-boom-3.8.1.tgz 54057ms (cache miss)
3275 timing reifyNode:node_modules/sonic-boom Completed in 56110ms
3276 http fetch GET 200 https://registry.npmjs.org/pacote/-/pacote-15.2.0.tgz 53963ms (cache miss)
3277 timing reifyNode:node_modules/pacote Completed in 56130ms
3278 http fetch GET 200 https://registry.npmjs.org/jest-util/-/jest-util-29.7.0.tgz 53889ms (cache miss)
3279 timing reifyNode:node_modules/jest-util Completed in 56145ms
3280 timing reifyNode:node_modules/fast-uri Completed in 56134ms
3281 timing reifyNode:node_modules/@fastify/sensible Completed in 56125ms
3282 http fetch GET 200 https://registry.npmjs.org/@babel/template/-/template-7.24.0.tgz 53512ms (cache miss)
3283 timing reifyNode:node_modules/@babel/template Completed in 56132ms
3284 http fetch GET 200 https://registry.npmjs.org/@pkgjs/parseargs/-/parseargs-0.11.0.tgz 53598ms (cache miss)
3285 timing reifyNode:node_modules/@pkgjs/parseargs Completed in 56170ms
3286 http fetch GET 200 https://registry.npmjs.org/webpack-merge/-/webpack-merge-5.8.0.tgz 54359ms (cache miss)
3287 timing reifyNode:node_modules/webpack-merge Completed in 56341ms
3288 http fetch GET 200 https://registry.npmjs.org/pg/-/pg-8.11.5.tgz 54204ms (cache miss)
3289 timing reifyNode:node_modules/pg Completed in 56367ms
3290 http fetch GET 200 https://registry.npmjs.org/@one-ini/wasm/-/wasm-0.1.1.tgz 53804ms (cache miss)
3291 timing reifyNode:node_modules/@one-ini/wasm Completed in 56378ms
3292 http fetch GET 200 https://registry.npmjs.org/minipass/-/minipass-7.0.4.tgz 53678ms (cache miss)
3293 timing reifyNode:node_modules/minipass-fetch/node_modules/minipass Completed in 56476ms
3294 http fetch GET 200 https://registry.npmjs.org/node-addon-api/-/node-addon-api-7.1.0.tgz 53749ms (cache miss)
3295 timing reifyNode:node_modules/sqlite3/node_modules/node-addon-api Completed in 56514ms
3296 http fetch GET 200 https://registry.npmjs.org/pg-pool/-/pg-pool-3.6.2.tgz 54451ms (cache miss)
3297 timing reifyNode:node_modules/pg-pool Completed in 56608ms
3298 timing reifyNode:node_modules/form-data-encoder Completed in 56617ms
3299 http fetch GET 200 https://registry.npmjs.org/cli-color/-/cli-color-2.0.4.tgz 54145ms (cache miss)
3300 timing reifyNode:node_modules/cli-color Completed in 56607ms
3301 http fetch GET 200 https://registry.npmjs.org/@types/eslint/-/eslint-8.4.6.tgz 54045ms (cache miss)
3302 timing reifyNode:node_modules/@types/eslint Completed in 56597ms
3303 timing reifyNode:node_modules/eslint-module-utils Completed in 56695ms
3304 http fetch GET 200 https://registry.npmjs.org/eslint-scope/-/eslint-scope-7.2.2.tgz 54332ms (cache miss)
3305 timing reifyNode:node_modules/eslint-scope Completed in 56727ms
3306 http fetch GET 200 https://registry.npmjs.org/webpack-sources/-/webpack-sources-3.2.3.tgz 54855ms (cache miss)
3307 timing reifyNode:node_modules/webpack-sources Completed in 56839ms
3308 http fetch GET 200 https://registry.npmjs.org/webpack-cli/-/webpack-cli-5.1.4.tgz 54858ms (cache miss)
3309 timing reifyNode:node_modules/webpack-cli Completed in 56847ms
3310 http fetch GET 200 https://registry.npmjs.org/argparse/-/argparse-2.0.1.tgz 54369ms (cache miss)
3311 timing reifyNode:node_modules/argparse Completed in 56878ms
3312 http fetch GET 200 https://registry.npmjs.org/schema-utils/-/schema-utils-4.0.0.tgz 54990ms (cache miss)
3313 timing reifyNode:node_modules/schema-utils Completed in 57062ms
3314 http fetch GET 200 https://registry.npmjs.org/electron-to-chromium/-/electron-to-chromium-1.4.746.tgz 54629ms (cache miss)
3315 timing reifyNode:node_modules/electron-to-chromium Completed in 57048ms
3316 http fetch GET 200 https://registry.npmjs.org/cacache/-/cacache-17.1.4.tgz 54608ms (cache miss)
3317 timing reifyNode:node_modules/cacache Completed in 57085ms
3318 http fetch GET 200 https://registry.npmjs.org/fast-redact/-/fast-redact-3.5.0.tgz 55028ms (cache miss)
3319 timing reifyNode:node_modules/fast-redact Completed in 57401ms
3320 http fetch GET 200 https://registry.npmjs.org/@fastify/cookie/-/cookie-9.3.1.tgz 54823ms (cache miss)
3321 http fetch GET 200 https://registry.npmjs.org/minipass/-/minipass-7.0.4.tgz 54819ms (cache miss)
3322 timing reifyNode:node_modules/ssri/node_modules/minipass Completed in 57580ms
3323 http fetch GET 200 https://registry.npmjs.org/minipass/-/minipass-7.0.4.tgz 54790ms (cache miss)
3324 timing reifyNode:node_modules/path-scurry/node_modules/minipass Completed in 57566ms
3325 http fetch GET 200 https://registry.npmjs.org/@jridgewell/source-map/-/source-map-0.3.6.tgz 54940ms (cache miss)
3326 timing reifyNode:node_modules/@jridgewell/source-map Completed in 57520ms
3327 http fetch GET 200 https://registry.npmjs.org/@jridgewell/trace-mapping/-/trace-mapping-0.3.25.tgz 55093ms (cache miss)
3328 timing reifyNode:node_modules/@jridgewell/trace-mapping Completed in 57672ms
3329 timing metavuln:cache:put:security-advisory:validator:IkyJOqfhkev0E9tRX4zbgkqtsxJX67cd4upO2f1EheDpncnx522qyf9oLyXwjDcWGeZOQHSqJUAh/kUyYH60qQ== Completed in 4377ms
3330 timing metavuln:calculate:security-advisory:validator:1109241 Completed in 56205ms
3331 http fetch GET 200 https://registry.npmjs.org/tar-fs/-/tar-fs-2.1.1.tgz 55841ms (cache miss)
3332 http fetch GET 200 https://registry.npmjs.org/cjs-module-lexer/-/cjs-module-lexer-1.2.3.tgz 55385ms (cache miss)
3333 timing reifyNode:node_modules/cjs-module-lexer Completed in 57852ms
3334 http fetch GET 200 https://registry.npmjs.org/@xtuc/long/-/long-4.2.2.tgz 55380ms (cache miss)
3335 timing reifyNode:node_modules/@xtuc/long Completed in 57901ms
3336 http fetch GET 200 https://registry.npmjs.org/eslint-config-airbnb-base/-/eslint-config-airbnb-base-15.0.0.tgz 55565ms (cache miss)
3337 timing reifyNode:node_modules/eslint-config-airbnb-base Completed in 57961ms
3338 http fetch GET 200 https://registry.npmjs.org/esniff/-/esniff-2.0.1.tgz 55581ms (cache miss)
3339 timing reifyNode:node_modules/esniff Completed in 57975ms
3340 http fetch GET 200 https://registry.npmjs.org/undici-types/-/undici-types-5.26.5.tgz 56090ms (cache miss)
3341 timing reifyNode:node_modules/undici-types Completed in 58092ms
3342 http fetch GET 200 https://registry.npmjs.org/memoizee/-/memoizee-0.4.15.tgz 55922ms (cache miss)
3343 timing reifyNode:node_modules/memoizee Completed in 58140ms
3344 timing reifyNode:node_modules/@fastify/cookie Completed in 58136ms
3345 http fetch GET 200 https://registry.npmjs.org/exponential-backoff/-/exponential-backoff-3.1.1.tgz 55847ms (cache miss)
3346 timing metavuln:cache:put:security-advisory:validator:K8tnmsGw+QkTexUmTWxKwuHjWuT7Hea3z5nNI9JdW3F0rI0+n7L2rpU8PIPJJVMbPs2Qmf97TEHw10QorOnMzQ== Completed in 4859ms
3347 timing metavuln:calculate:security-advisory:validator:1112713 Completed in 56695ms
3348 http fetch GET 200 https://registry.npmjs.org/css-loader/-/css-loader-7.1.1.tgz 55919ms (cache miss)
3349 timing reifyNode:node_modules/css-loader Completed in 58359ms
3350 http fetch GET 200 https://registry.npmjs.org/jest-config/-/jest-config-29.7.0.tgz 56163ms (cache miss)
3351 timing reifyNode:node_modules/jest-config Completed in 58430ms
3352 http fetch GET 200 https://registry.npmjs.org/@fastify/secure-session/-/secure-session-7.5.1.tgz 55788ms (cache miss)
3353 timing reifyNode:node_modules/tar-fs Completed in 58564ms
3354 http fetch GET 200 https://registry.npmjs.org/jest-worker/-/jest-worker-29.7.0.tgz 56321ms (cache miss)
3355 timing reifyNode:node_modules/jest-worker Completed in 58577ms
3356 http fetch GET 200 https://registry.npmjs.org/fastify-error-page/-/fastify-error-page-4.0.0.tgz 56255ms (cache miss)
3357 timing reifyNode:node_modules/fastify-error-page Completed in 58623ms
3358 http fetch GET 200 https://registry.npmjs.org/ajv-keywords/-/ajv-keywords-3.5.2.tgz 56105ms (cache miss)
3359 timing reifyNode:node_modules/ajv-keywords Completed in 58614ms
3360 http fetch GET 200 https://registry.npmjs.org/event-target-shim/-/event-target-shim-5.0.1.tgz 56253ms (cache miss)
3361 timing reifyNode:node_modules/event-target-shim Completed in 58641ms
3362 timing reifyNode:node_modules/exponential-backoff Completed in 58651ms
3363 http fetch GET 200 https://registry.npmjs.org/mini-css-extract-plugin/-/mini-css-extract-plugin-2.9.0.tgz 56587ms (cache miss)
3364 timing reifyNode:node_modules/mini-css-extract-plugin Completed in 58802ms
3365 timing reifyNode:node_modules/@fastify/secure-session Completed in 58784ms
3366 http fetch GET 200 https://registry.npmjs.org/envinfo/-/envinfo-7.12.0.tgz 56431ms (cache miss)
3367 timing reifyNode:node_modules/envinfo Completed in 58845ms
3368 http fetch GET 200 https://registry.npmjs.org/promise/-/promise-7.3.1.tgz 56856ms (cache miss)
3369 http fetch GET 200 https://registry.npmjs.org/http2-wrapper/-/http2-wrapper-2.1.11.tgz 56692ms (cache miss)
3370 timing reifyNode:node_modules/http2-wrapper Completed in 59014ms
3371 http fetch GET 200 https://registry.npmjs.org/@babel/helper-module-transforms/-/helper-module-transforms-7.23.3.tgz 56379ms (cache miss)
3372 timing reifyNode:node_modules/@babel/helper-module-transforms Completed in 59020ms
3373 http fetch GET 200 https://registry.npmjs.org/schema-utils/-/schema-utils-3.3.0.tgz 56465ms (cache miss)
3374 timing reifyNode:node_modules/webpack/node_modules/schema-utils Completed in 59218ms
3375 http fetch GET 200 https://registry.npmjs.org/events/-/events-3.3.0.tgz 56883ms (cache miss)
3376 timing reifyNode:node_modules/events Completed in 59273ms
3377 http fetch GET 200 https://registry.npmjs.org/@tufjs/models/-/models-1.0.4.tgz 56725ms (cache miss)
3378 timing reifyNode:node_modules/@tufjs/models Completed in 59281ms
3379 http fetch GET 200 https://registry.npmjs.org/source-map-js/-/source-map-js-1.2.0.tgz 57392ms (cache miss)
3380 timing reifyNode:node_modules/source-map-js Completed in 59436ms
3381 timing reifyNode:node_modules/promise Completed in 59657ms
3382 http fetch GET 200 https://registry.npmjs.org/jest-haste-map/-/jest-haste-map-29.7.0.tgz 57469ms (cache miss)
3383 timing reifyNode:node_modules/jest-haste-map Completed in 59735ms
3384 http fetch GET 200 https://registry.npmjs.org/esprima/-/esprima-4.0.1.tgz 57331ms (cache miss)
3385 timing reifyNode:node_modules/esprima Completed in 59726ms
3386 http fetch GET 200 https://registry.npmjs.org/minipass/-/minipass-7.0.4.tgz 57397ms (cache miss)
3387 timing reifyNode:node_modules/pacote/node_modules/fs-minipass/node_modules/minipass Completed in 60192ms
3388 http fetch GET 200 https://registry.npmjs.org/minipass/-/minipass-7.0.4.tgz 57339ms (cache miss)
3389 timing reifyNode:node_modules/cacache/node_modules/minipass Completed in 60153ms
3390 http fetch GET 200 https://registry.npmjs.org/readable-stream/-/readable-stream-3.6.2.tgz 58177ms (cache miss)
3391 timing reifyNode:node_modules/readable-stream Completed in 60274ms
3392 http fetch GET 200 https://registry.npmjs.org/object-inspect/-/object-inspect-1.13.1.tgz 58235ms (cache miss)
3393 timing reifyNode:node_modules/object-inspect Completed in 60413ms
3394 http fetch GET 200 https://registry.npmjs.org/commander/-/commander-10.0.1.tgz 57948ms (cache miss)
3395 timing reifyNode:node_modules/commander Completed in 60401ms
3396 http fetch GET 200 https://registry.npmjs.org/@eslint-community/regexpp/-/regexpp-4.10.0.tgz 57929ms (cache miss)
3397 timing reifyNode:node_modules/@eslint-community/regexpp Completed in 60540ms
3398 http fetch GET 200 https://registry.npmjs.org/@eslint-community/eslint-utils/-/eslint-utils-4.4.0.tgz 57949ms (cache miss)
3399 timing reifyNode:node_modules/@eslint-community/eslint-utils Completed in 60558ms
3400 http fetch GET 200 https://registry.npmjs.org/minipass/-/minipass-7.0.4.tgz 58002ms (cache miss)
3401 timing reifyNode:node_modules/glob/node_modules/minipass Completed in 60802ms
3402 http fetch GET 200 https://registry.npmjs.org/json5/-/json5-2.2.3.tgz 58634ms (cache miss)
3403 timing reifyNode:node_modules/json5 Completed in 60876ms
3404 http fetch GET 200 https://registry.npmjs.org/@jest/reporters/-/reporters-29.7.0.tgz 58294ms (cache miss)
3405 timing reifyNode:node_modules/@jest/reporters Completed in 60882ms
3406 http fetch GET 200 https://registry.npmjs.org/esm/-/esm-3.2.25.tgz 58527ms (cache miss)
3407 timing reifyNode:node_modules/esm Completed in 60921ms
3408 http fetch GET 200 https://registry.npmjs.org/entities/-/entities-3.0.1.tgz 58510ms (cache miss)
3409 timing reifyNode:node_modules/entities Completed in 60925ms
3410 http fetch GET 200 https://registry.npmjs.org/ext/-/ext-1.7.0.tgz 58654ms (cache miss)
3411 http fetch GET 200 https://registry.npmjs.org/type-fest/-/type-fest-0.21.3.tgz 58473ms (cache miss)
3412 timing reifyNode:node_modules/ansi-escapes/node_modules/type-fest Completed in 61296ms
3413 http fetch GET 200 https://registry.npmjs.org/node-addon-api/-/node-addon-api-4.3.0.tgz 59178ms (cache miss)
3414 timing reifyNode:node_modules/node-addon-api Completed in 61371ms
3415 http fetch GET 200 https://registry.npmjs.org/light-my-request/-/light-my-request-5.13.0.tgz 59154ms (cache miss)
3416 timing reifyNode:node_modules/light-my-request Completed in 61389ms
3417 http fetch GET 200 https://registry.npmjs.org/@sinonjs/commons/-/commons-3.0.1.tgz 58824ms (cache miss)
3418 timing reifyNode:node_modules/ext Completed in 61635ms
3419 http fetch GET 200 https://registry.npmjs.org/lru-cache/-/lru-cache-10.2.0.tgz 58908ms (cache miss)
3420 timing reifyNode:node_modules/path-scurry/node_modules/lru-cache Completed in 61683ms
3421 http fetch GET 200 https://registry.npmjs.org/qs/-/qs-6.12.1.tgz 59620ms (cache miss)
3422 timing reifyNode:node_modules/qs Completed in 61721ms
3423 http fetch GET 200 https://registry.npmjs.org/sequelize-cli/-/sequelize-cli-6.6.2.tgz 59669ms (cache miss)
3424 timing reifyNode:node_modules/sequelize-cli Completed in 61737ms
3425 http fetch GET 200 https://registry.npmjs.org/mustache/-/mustache-4.2.0.tgz 59525ms (cache miss)
3426 timing reifyNode:node_modules/mustache Completed in 61741ms
3427 http fetch GET 200 https://registry.npmjs.org/@fastify/merge-json-schemas/-/merge-json-schemas-0.1.1.tgz 59213ms (cache miss)
3428 timing reifyNode:node_modules/@fastify/merge-json-schemas Completed in 61816ms
3429 http fetch GET 200 https://registry.npmjs.org/thread-stream/-/thread-stream-2.6.0.tgz 59884ms (cache miss)
3430 timing reifyNode:node_modules/@sinonjs/commons Completed in 61891ms
3431 http fetch GET 200 https://registry.npmjs.org/wkx/-/wkx-0.5.0.tgz 60058ms (cache miss)
3432 timing reifyNode:node_modules/wkx Completed in 62034ms
3433 http fetch GET 200 https://registry.npmjs.org/tar/-/tar-6.1.11.tgz 60036ms (cache miss)
3434 timing reifyNode:node_modules/tar Completed in 62064ms
3435 http fetch GET 200 https://registry.npmjs.org/jackspeak/-/jackspeak-2.3.6.tgz 59807ms (cache miss)
3436 timing reifyNode:node_modules/jackspeak Completed in 62082ms
3437 timing reifyNode:node_modules/thread-stream Completed in 62396ms
3438 http fetch GET 200 https://registry.npmjs.org/prompts-ncu/-/prompts-ncu-3.0.0.tgz 60571ms (cache miss)
3439 timing reifyNode:node_modules/prompts-ncu Completed in 62690ms
3440 http fetch GET 200 https://registry.npmjs.org/type-fest/-/type-fest-0.20.2.tgz 61144ms (cache miss)
3441 timing reifyNode:node_modules/type-fest Completed in 63152ms
3442 http fetch GET 200 https://registry.npmjs.org/readable-stream/-/readable-stream-4.5.2.tgz 60670ms (cache miss)
3443 timing reifyNode:node_modules/pino-abstract-transport/node_modules/readable-stream Completed in 63443ms
3444 http fetch GET 200 https://registry.npmjs.org/socks/-/socks-2.7.0.tgz 61590ms (cache miss)
3445 http fetch GET 200 https://registry.npmjs.org/@jest/core/-/core-29.7.0.tgz 61063ms (cache miss)
3446 timing reifyNode:node_modules/@jest/core Completed in 63661ms
3447 http fetch GET 200 https://registry.npmjs.org/readable-stream/-/readable-stream-4.5.2.tgz 61253ms (cache miss)
3448 timing reifyNode:node_modules/pino-pretty/node_modules/readable-stream Completed in 64031ms
3449 timing reifyNode:node_modules/socks Completed in 64059ms
3450 http fetch GET 200 https://registry.npmjs.org/semver/-/semver-7.6.0.tgz 62155ms (cache miss)
3451 timing reifyNode:node_modules/semver Completed in 64226ms
3452 http fetch GET 200 https://registry.npmjs.org/acorn/-/acorn-8.11.3.tgz 61706ms (cache miss)
3453 timing reifyNode:node_modules/acorn Completed in 64221ms
3454 http fetch GET 200 https://registry.npmjs.org/pg-protocol/-/pg-protocol-1.6.1.tgz 62236ms (cache miss)
3455 timing reifyNode:node_modules/pg-protocol Completed in 64395ms
3456 http fetch GET 200 https://registry.npmjs.org/path-scurry/-/path-scurry-1.10.2.tgz 62444ms (cache miss)
3457 timing reifyNode:node_modules/path-scurry Completed in 64607ms
3458 http fetch GET 200 https://registry.npmjs.org/postcss-selector-parser/-/postcss-selector-parser-6.0.16.tgz 62644ms (cache miss)
3459 timing reifyNode:node_modules/postcss-selector-parser Completed in 64774ms
3460 http fetch GET 200 https://registry.npmjs.org/fast-copy/-/fast-copy-3.0.2.tgz 62441ms (cache miss)
3461 http fetch GET 200 https://registry.npmjs.org/type-fest/-/type-fest-1.4.0.tgz 62028ms (cache miss)
3462 timing reifyNode:node_modules/crypto-random-string/node_modules/type-fest Completed in 64838ms
3463 http fetch GET 200 https://registry.npmjs.org/@sigstore/protobuf-specs/-/protobuf-specs-0.2.1.tgz 62355ms (cache miss)
3464 timing reifyNode:node_modules/@sigstore/protobuf-specs Completed in 64919ms
3465 http fetch GET 200 https://registry.npmjs.org/readable-stream/-/readable-stream-4.5.2.tgz 62171ms (cache miss)
3466 timing reifyNode:node_modules/fastify-cli/node_modules/readable-stream Completed in 64971ms
3467 timing reifyNode:node_modules/fast-copy Completed in 65211ms
3468 http fetch GET 200 https://registry.npmjs.org/minimatch/-/minimatch-9.0.4.tgz 62424ms (cache miss)
3469 http fetch GET 200 https://registry.npmjs.org/minimatch/-/minimatch-9.0.1.tgz 62406ms (cache miss)
3470 http fetch GET 200 https://registry.npmjs.org/graphemer/-/graphemer-1.4.0.tgz 62933ms (cache miss)
3471 http fetch GET 200 https://registry.npmjs.org/js-yaml/-/js-yaml-3.14.1.tgz 62518ms (cache miss)
3472 timing reifyNode:node_modules/@istanbuljs/load-nyc-config/node_modules/js-yaml Completed in 65336ms
3473 http fetch GET 200 https://registry.npmjs.org/yargs/-/yargs-16.2.0.tgz 62674ms (cache miss)
3474 timing reifyNode:node_modules/sequelize-cli/node_modules/yargs Completed in 65438ms
3475 http fetch GET 200 https://registry.npmjs.org/fs-extra/-/fs-extra-9.1.0.tgz 63243ms (cache miss)
3476 timing reifyNode:node_modules/fs-extra Completed in 65595ms
3477 timing reifyNode:node_modules/editorconfig/node_modules/minimatch Completed in 65614ms
3478 timing reifyNode:node_modules/ignore-walk/node_modules/minimatch Completed in 65638ms
3479 timing reifyNode:node_modules/graphemer Completed in 65707ms
3480 http fetch GET 200 https://registry.npmjs.org/fast-glob/-/fast-glob-3.2.11.tgz 63387ms (cache miss)
3481 timing reifyNode:node_modules/fast-glob Completed in 65763ms
3482 http fetch GET 200 https://registry.npmjs.org/minimatch/-/minimatch-9.0.4.tgz 63161ms (cache miss)
3483 http fetch GET 200 https://registry.npmjs.org/minimatch/-/minimatch-9.0.4.tgz 63138ms (cache miss)
3484 http fetch GET 200 https://registry.npmjs.org/enhanced-resolve/-/enhanced-resolve-5.16.0.tgz 63792ms (cache miss)
3485 timing reifyNode:node_modules/enhanced-resolve Completed in 66210ms
3486 http fetch GET 200 https://registry.npmjs.org/yargs/-/yargs-17.7.2.tgz 64364ms (cache miss)
3487 http fetch GET 200 https://registry.npmjs.org/@webassemblyjs/ast/-/ast-1.12.1.tgz 63719ms (cache miss)
3488 timing reifyNode:node_modules/@webassemblyjs/ast Completed in 66252ms
3489 http fetch GET 200 https://registry.npmjs.org/postcss/-/postcss-8.4.38.tgz 64168ms (cache miss)
3490 timing reifyNode:node_modules/postcss Completed in 66333ms
3491 timing reifyNode:node_modules/npm-check-updates/node_modules/minimatch Completed in 66376ms
3492 timing reifyNode:node_modules/glob/node_modules/minimatch Completed in 66365ms
3493 http fetch GET 200 https://registry.npmjs.org/minimatch/-/minimatch-9.0.4.tgz 63519ms (cache miss)
3494 timing reifyNode:node_modules/yargs Completed in 66683ms
3495 timing reifyNode:node_modules/@tufjs/models/node_modules/minimatch Completed in 66657ms
3496 http fetch GET 200 https://registry.npmjs.org/uuid/-/uuid-8.3.2.tgz 64789ms (cache miss)
3497 timing reifyNode:node_modules/uuid Completed in 66777ms
3498 http fetch GET 200 https://registry.npmjs.org/got/-/got-12.3.1.tgz 64425ms (cache miss)
3499 timing reifyNode:node_modules/got Completed in 66763ms
3500 http fetch GET 200 https://registry.npmjs.org/concurrently/-/concurrently-8.2.2.tgz 64391ms (cache miss)
3501 timing reifyNode:node_modules/concurrently Completed in 66844ms
3502 http fetch GET 200 https://registry.npmjs.org/sequelize 65415ms (cache miss)
3503 timing metavuln:packument:sequelize Completed in 65438ms
3504 timing metavuln:load:security-advisory:sequelize:1114318 Completed in 33ms
3505 http fetch GET 200 https://registry.npmjs.org/avvio/-/avvio-8.3.0.tgz 64507ms (cache miss)
3506 http fetch GET 200 https://registry.npmjs.org/@fastify/send/-/send-2.1.0.tgz 64392ms (cache miss)
3507 http fetch GET 200 https://registry.npmjs.org/js-yaml/-/js-yaml-4.1.0.tgz 64958ms (cache miss)
3508 timing reifyNode:node_modules/js-yaml Completed in 67209ms
3509 timing reifyNode:node_modules/@fastify/send Completed in 67197ms
3510 http fetch GET 200 https://registry.npmjs.org/@sinclair/typebox/-/typebox-0.27.8.tgz 64667ms (cache miss)
3511 timing reifyNode:node_modules/@sinclair/typebox Completed in 67227ms
3512 timing reifyNode:node_modules/avvio Completed in 67309ms
3513 http fetch GET 200 https://registry.npmjs.org/@bcoe/v8-coverage/-/v8-coverage-0.2.3.tgz 65131ms (cache miss)
3514 http fetch GET 200 https://registry.npmjs.org/iconv-lite/-/iconv-lite-0.6.3.tgz 65547ms (cache miss)
3515 timing reifyNode:node_modules/@bcoe/v8-coverage Completed in 68124ms
3516 timing reifyNode:node_modules/iconv-lite Completed in 68275ms
3517 http fetch GET 200 https://registry.npmjs.org/i18next/-/i18next-23.11.2.tgz 65975ms (cache miss)
3518 timing reifyNode:node_modules/i18next Completed in 68295ms
3519 http fetch GET 200 https://registry.npmjs.org/@eslint/eslintrc/-/eslintrc-2.1.4.tgz 65697ms (cache miss)
3520 timing reifyNode:node_modules/eslint/node_modules/@eslint/eslintrc Completed in 68523ms
3521 http fetch GET 200 https://registry.npmjs.org/uri-js/-/uri-js-4.4.1.tgz 66780ms (cache miss)
3522 http fetch GET 200 https://registry.npmjs.org/esquery/-/esquery-1.5.0.tgz 66356ms (cache miss)
3523 timing reifyNode:node_modules/esquery Completed in 68748ms
3524 http fetch GET 200 https://registry.npmjs.org/acorn/-/acorn-7.4.1.tgz 65986ms (cache miss)
3525 http fetch GET 200 https://registry.npmjs.org/type-fest/-/type-fest-2.19.0.tgz 65998ms (cache miss)
3526 timing reifyNode:node_modules/boxen/node_modules/type-fest Completed in 68818ms
3527 timing reifyNode:node_modules/is-expression/node_modules/acorn Completed in 68858ms
3528 http fetch GET 200 https://registry.npmjs.org/@babel/generator/-/generator-7.24.4.tgz 66202ms (cache miss)
3529 timing reifyNode:node_modules/@babel/generator Completed in 68855ms
3530 timing metavuln:cache:put:security-advisory:sequelize:wjhMoLZiiqIacD4+V2lI9921Z2ZeJryL/EpzUzvbYcIegwFDJzNWjjO/YQBa50uUmoyjfCuJxHX0z9qwD769Dg== Completed in 1963ms
3531 timing metavuln:calculate:security-advisory:sequelize:1114318 Completed in 67438ms
3532 timing reifyNode:node_modules/uri-js Completed in 69098ms
3533 http fetch GET 200 https://registry.npmjs.org/@sigstore/sign/-/sign-1.0.0.tgz 66465ms (cache miss)
3534 http fetch GET 200 https://registry.npmjs.org/@eslint/eslintrc/-/eslintrc-3.0.2.tgz 66526ms (cache miss)
3535 timing reifyNode:node_modules/@eslint/eslintrc Completed in 69136ms
3536 timing reifyNode:node_modules/@sigstore/sign Completed in 69371ms
3537 http fetch GET 200 https://registry.npmjs.org/pino-pretty/-/pino-pretty-10.3.1.tgz 66701ms (cache miss)
3538 http fetch GET 200 https://registry.npmjs.org/tsconfig-paths/-/tsconfig-paths-3.15.0.tgz 67797ms (cache miss)
3539 timing reifyNode:node_modules/tsconfig-paths Completed in 69810ms
3540 http fetch GET 200 https://registry.npmjs.org/source-map/-/source-map-0.6.1.tgz 67758ms (cache miss)
3541 timing reifyNode:node_modules/source-map Completed in 69807ms
3542 timing reifyNode:node_modules/fastify-cli/node_modules/pino-pretty Completed in 69804ms
3543 http fetch GET 200 https://registry.npmjs.org/prompts/-/prompts-2.4.2.tgz 67755ms (cache miss)
3544 timing reifyNode:node_modules/prompts Completed in 69874ms
3545 http fetch GET 200 https://registry.npmjs.org/glob/-/glob-10.3.12.tgz 67603ms (cache miss)
3546 http fetch GET 200 https://registry.npmjs.org/bluebird/-/bluebird-3.7.2.tgz 67460ms (cache miss)
3547 timing reifyNode:node_modules/bluebird Completed in 69947ms
3548 timing reifyNode:node_modules/glob Completed in 70274ms
3549 http fetch GET 200 https://registry.npmjs.org/pure-rand/-/pure-rand-6.1.0.tgz 68518ms (cache miss)
3550 http fetch GET 200 https://registry.npmjs.org/pino-pretty/-/pino-pretty-11.0.0.tgz 68522ms (cache miss)
3551 timing reifyNode:node_modules/pure-rand Completed in 70807ms
3552 timing reifyNode:node_modules/pino-pretty Completed in 70819ms
3553 http fetch GET 200 https://registry.npmjs.org/istanbul-reports/-/istanbul-reports-3.1.7.tgz 69316ms (cache miss)
3554 timing reifyNode:node_modules/istanbul-reports Completed in 71655ms
3555 http fetch GET 200 https://registry.npmjs.org/rimraf/-/rimraf-5.0.5.tgz 68955ms (cache miss)
3556 http fetch GET 200 https://registry.npmjs.org/sigstore/-/sigstore-1.9.0.tgz 69721ms (cache miss)
3557 timing reifyNode:node_modules/sigstore Completed in 71775ms
3558 http fetch GET 200 https://registry.npmjs.org/generify/-/generify-4.2.0.tgz 69539ms (cache miss)
3559 timing reifyNode:node_modules/npm-check-updates/node_modules/rimraf Completed in 71976ms
3560 timing reifyNode:node_modules/generify Completed in 72025ms
3561 http fetch GET 200 https://registry.npmjs.org/fast-json-stringify/-/fast-json-stringify-5.14.1.tgz 69822ms (cache miss)
3562 http fetch GET 200 https://registry.npmjs.org/find-my-way/-/find-my-way-8.1.0.tgz 70005ms (cache miss)
3563 timing reifyNode:node_modules/find-my-way Completed in 72367ms
3564 timing reifyNode:node_modules/fast-json-stringify Completed in 72415ms
3565 http fetch GET 200 https://registry.npmjs.org/neo-async/-/neo-async-2.6.2.tgz 70348ms (cache miss)
3566 timing reifyNode:node_modules/neo-async Completed in 72543ms
3567 http fetch GET 200 https://registry.npmjs.org/markdown-it/-/markdown-it-13.0.2.tgz 70569ms (cache miss)
3568 timing reifyNode:node_modules/markdown-it Completed in 72789ms
3569 http fetch GET 200 https://registry.npmjs.org/@fastify/view/-/view-9.0.0.tgz 70298ms (cache miss)
3570 timing reifyNode:node_modules/@fastify/view Completed in 73140ms
3571 http fetch GET 200 https://registry.npmjs.org/webpack 71709ms (cache miss)
3572 timing metavuln:packument:webpack Completed in 71746ms
3573 timing metavuln:load:security-advisory:webpack:1113041 Completed in 26ms
3574 timing metavuln:load:security-advisory:webpack:1113042 Completed in 22ms
3575 timing metavuln:load:security-advisory:webpack:1099351 Completed in 10ms
3576 http fetch GET 200 https://registry.npmjs.org/@babel/traverse/-/traverse-7.24.1.tgz 70772ms (cache miss)
3577 timing reifyNode:node_modules/@babel/traverse Completed in 73390ms
3578 http fetch GET 200 https://registry.npmjs.org/db-errors/-/db-errors-0.2.3.tgz 71622ms (cache miss)
3579 http fetch GET 200 https://registry.npmjs.org/@babel/helpers/-/helpers-7.24.4.tgz 71495ms (cache miss)
3580 timing reifyNode:node_modules/@babel/helpers Completed in 74124ms
3581 http fetch GET 200 https://registry.npmjs.org/ajv-keywords/-/ajv-keywords-5.1.0.tgz 71533ms (cache miss)
3582 timing reifyNode:node_modules/schema-utils/node_modules/ajv-keywords Completed in 74296ms
3583 timing reifyNode:node_modules/db-errors Completed in 74280ms
3584 timing metavuln:cache:put:security-advisory:webpack:s8eUYzfoKCRSDroeyV91F0huXvDaY4W8tlhzcL2BszFV9dolZHIAn/UZ/7LVU12F35esXqY1PqnhYKHfHcDozQ== Completed in 1046ms
3585 timing metavuln:calculate:security-advisory:webpack:1113042 Completed in 72844ms
3586 timing metavuln:cache:put:security-advisory:webpack:IzHFkMfHDC+SV3IL23ZHngntgLDUgyESA9Ge8Mh5rKNVcDpaWLuTZIcoUJg4/bAH+BQlnDzJ4nLfJCy6fOIM0A== Completed in 1079ms
3587 timing metavuln:calculate:security-advisory:webpack:1113041 Completed in 72858ms
3588 timing metavuln:cache:put:security-advisory:webpack:7Pl1j4sHKhCQAEccTmt3XZIEEazRzvyC0TOx07N0G7o5OIhhZ0j0Ji3KSCbTwfmCR/2OHJ3Mx5ZmedDQEQeBbg== Completed in 1051ms
3589 timing metavuln:calculate:security-advisory:webpack:1099351 Completed in 72861ms
3590 timing metavuln:cache:get:security-advisory:@babel/core:rHFDgAPDp/sCXbJTVH1CD++gRwqnDm1l5hjqv1UshTfFC03lkAXjHj5sWn7bV61VhpDSBibBqnzYuoOuIJuY0Q== Completed in 116ms
3591 http fetch GET 200 https://registry.npmjs.org/@babel/parser/-/parser-7.24.4.tgz 71874ms (cache miss)
3592 timing reifyNode:node_modules/@babel/parser Completed in 74503ms
3593 http fetch GET 200 https://registry.npmjs.org/js-beautify/-/js-beautify-1.15.1.tgz 72767ms (cache miss)
3594 timing reifyNode:node_modules/js-beautify Completed in 75078ms
3595 http fetch GET 200 https://registry.npmjs.org/@types/validator/-/validator-13.11.9.tgz 73240ms (cache miss)
3596 timing reifyNode:node_modules/@types/validator Completed in 75945ms
3597 http fetch GET 200 https://registry.npmjs.org/ajv/-/ajv-6.12.6.tgz 74276ms (cache miss)
3598 timing reifyNode:node_modules/ajv Completed in 76792ms
3599 http fetch GET 200 https://registry.npmjs.org/resolve/-/resolve-1.22.8.tgz 74908ms (cache miss)
3600 timing reifyNode:node_modules/resolve Completed in 76995ms
3601 http fetch GET 200 https://registry.npmjs.org/type/-/type-2.7.2.tgz 75160ms (cache miss)
3602 http fetch GET 200 https://registry.npmjs.org/@babel%2fcore 2758ms (cache miss)
3603 timing metavuln:packument:@babel/core Completed in 2763ms
3604 timing metavuln:load:security-advisory:@babel/core:+NsF1flAI8VENgJn0XVIWaC4lCe3b89AZgBOx219qXn/BdXH1EWl/yD49aHbhQimIG4kna8zgkunsmpiAVwNPQ== Completed in 124ms
3605 timing reifyNode:node_modules/type Completed in 77434ms
3606 http fetch GET 200 https://registry.npmjs.org/@fastify/static/-/static-7.0.3.tgz 75055ms (cache miss)
3607 timing reifyNode:node_modules/@fastify/static Completed in 77813ms
3608 http fetch GET 200 https://registry.npmjs.org/terser/-/terser-5.30.4.tgz 76123ms (cache miss)
3609 timing reifyNode:node_modules/terser Completed in 78148ms
3610 timing metavuln:cache:put:security-advisory:@babel/core:rHFDgAPDp/sCXbJTVH1CD++gRwqnDm1l5hjqv1UshTfFC03lkAXjHj5sWn7bV61VhpDSBibBqnzYuoOuIJuY0Q== Completed in 953ms
3611 timing metavuln:calculate:security-advisory:@babel/core:+NsF1flAI8VENgJn0XVIWaC4lCe3b89AZgBOx219qXn/BdXH1EWl/yD49aHbhQimIG4kna8zgkunsmpiAVwNPQ== Completed in 3843ms
3612 timing metavuln:cache:get:security-advisory:date-fns:kHMTVg+O95Y0EFfM2HO1mb7SZ4p5vWeiW1gikHyGe2x3c6+UXU8uqt+wXkUDmiXnjlJPeS0xt/QOsr/K++6P+Q== Completed in 58ms
3613 timing metavuln:cache:get:security-advisory:i18next:l4tbfjbVOZGuH/00FuoHxAf5DtkJBCMqzu0CQ4juWz1pfNe0diGF78qD/NikjjOQugC9THUj3QGPzO/X2ByTaQ== Completed in 58ms
3614 http fetch GET 200 https://registry.npmjs.org/moment-timezone/-/moment-timezone-0.5.45.tgz 76511ms (cache miss)
3615 timing reifyNode:node_modules/moment-timezone Completed in 78880ms
3616 http fetch GET 200 https://registry.npmjs.org/@types/node/-/node-20.12.7.tgz 76557ms (cache miss)
3617 timing reifyNode:node_modules/@types/node Completed in 79251ms
3618 http fetch GET 200 https://registry.npmjs.org/@babel/runtime/-/runtime-7.24.4.tgz 77150ms (cache miss)
3619 timing reifyNode:node_modules/@babel/runtime Completed in 79769ms
3620 http fetch GET 200 https://registry.npmjs.org/@babel/core/-/core-7.24.4.tgz 77205ms (cache miss)
3621 http fetch GET 200 https://registry.npmjs.org/eslint-plugin-import/-/eslint-plugin-import-2.29.1.tgz 77530ms (cache miss)
3622 timing reifyNode:node_modules/@babel/core Completed in 80019ms
3623 timing reifyNode:node_modules/eslint-plugin-import Completed in 80100ms
3624 http fetch GET 200 https://registry.npmjs.org/@vscode/sqlite3/-/sqlite3-5.1.2.tgz 78179ms (cache miss)
3625 timing reifyNode:node_modules/@vscode/sqlite3 Completed in 80795ms
3626 http fetch GET 200 https://registry.npmjs.org/jquery/-/jquery-3.7.1.tgz 78818ms (cache miss)
3627 timing reifyNode:node_modules/jquery Completed in 81072ms
3628 http fetch GET 200 https://registry.npmjs.org/sqlite3/-/sqlite3-5.1.7.tgz 79064ms (cache miss)
3629 timing reifyNode:node_modules/sqlite3 Completed in 81192ms
3630 http fetch GET 200 https://registry.npmjs.org/date-fns 3666ms (cache miss)
3631 timing metavuln:packument:date-fns Completed in 3673ms
3632 timing metavuln:load:security-advisory:date-fns:xDaNmlS3J8LRk7IfDb7e9Gp3gcy/xDr1QZXCKC997SMkqKVemm2guY9vQpRI6omD11L5cfCI+STpoAdxUgnVsA== Completed in 9ms
3633 http fetch GET 200 https://registry.npmjs.org/validator/-/validator-13.11.0.tgz 80476ms (cache miss)
3634 timing reifyNode:node_modules/validator Completed in 82462ms
3635 timing metavuln:cache:put:security-advisory:date-fns:kHMTVg+O95Y0EFfM2HO1mb7SZ4p5vWeiW1gikHyGe2x3c6+UXU8uqt+wXkUDmiXnjlJPeS0xt/QOsr/K++6P+Q== Completed in 802ms
3636 timing metavuln:calculate:security-advisory:date-fns:xDaNmlS3J8LRk7IfDb7e9Gp3gcy/xDr1QZXCKC997SMkqKVemm2guY9vQpRI6omD11L5cfCI+STpoAdxUgnVsA== Completed in 4486ms
3637 http fetch GET 200 https://registry.npmjs.org/pino/-/pino-8.20.0.tgz 80643ms (cache miss)
3638 timing reifyNode:node_modules/pino Completed in 82907ms
3639 http fetch GET 200 https://registry.npmjs.org/i18next 5177ms (cache miss)
3640 timing metavuln:packument:i18next Completed in 5192ms
3641 timing metavuln:load:security-advisory:i18next:xDaNmlS3J8LRk7IfDb7e9Gp3gcy/xDr1QZXCKC997SMkqKVemm2guY9vQpRI6omD11L5cfCI+STpoAdxUgnVsA== Completed in 27ms
3642 http fetch GET 200 https://registry.npmjs.org/node-gyp/-/node-gyp-8.4.1.tgz 80814ms (cache miss)
3643 timing reifyNode:node_modules/sqlite3/node_modules/node-gyp Completed in 83692ms
3644 http fetch GET 200 https://registry.npmjs.org/fastify-cli/-/fastify-cli-6.1.1.tgz 81544ms (cache miss)
3645 timing reifyNode:node_modules/fastify-cli Completed in 84025ms
3646 timing metavuln:cache:put:security-advisory:i18next:l4tbfjbVOZGuH/00FuoHxAf5DtkJBCMqzu0CQ4juWz1pfNe0diGF78qD/NikjjOQugC9THUj3QGPzO/X2ByTaQ== Completed in 620ms
3647 timing metavuln:calculate:security-advisory:i18next:xDaNmlS3J8LRk7IfDb7e9Gp3gcy/xDr1QZXCKC997SMkqKVemm2guY9vQpRI6omD11L5cfCI+STpoAdxUgnVsA== Completed in 5842ms
3648 timing metavuln:cache:get:security-advisory:ajv-keywords:CfFtUnAadfuCbS71yeRl9tl/9HIXJ6js/s7gXlcBmi25TSuj5fGBRan13Z6fruYADIymacHLp/CVDNUa5XJjlQ== Completed in 41ms
3649 timing metavuln:cache:get:security-advisory:@eslint/eslintrc:aTNWJFSkw5DS4SB2nZgnaAFFdAXCgYakUu7Vnu0VAj0AclpVyjznKIgNeS8Irm+NcHSORmoypttmDbChxemxqA== Completed in 42ms
3650 timing metavuln:cache:get:security-advisory:eslint:6kRX7Aokk76Jx6XoOHiMSU8BTR90SQMK5AZjmt7HFdN87a8DFzzjuJwsTWoA1xHp5ATdta4R7ud3Xw2YczLZlA== Completed in 41ms
3651 timing metavuln:cache:get:security-advisory:schema-utils:vlNV1ObVfukgjaciZvL6tO81wrIqbupJy3JWyMpfVe/qCIyWAVHkVJWWQRgYkBk00jAcxPQ8I4FgEcesSO9D+Q== Completed in 41ms
3652 http fetch GET 200 https://registry.npmjs.org/npm-check-updates/-/npm-check-updates-16.14.18.tgz 82138ms (cache miss)
3653 timing reifyNode:node_modules/npm-check-updates Completed in 84324ms
3654 http fetch GET 200 https://registry.npmjs.org/node-gyp/-/node-gyp-9.4.1.tgz 82442ms (cache miss)
3655 timing reifyNode:node_modules/node-gyp Completed in 84773ms
3656 http fetch GET 200 https://registry.npmjs.org/ajv-keywords 820ms (cache miss)
3657 timing metavuln:packument:ajv-keywords Completed in 821ms
3658 timing metavuln:load:security-advisory:ajv-keywords:u4HOZ0QFYFTDLqnZ5TPSC8VEvP+HMuGcZACJuTqG8bm/gunrgkQwsiiH2pbF9tNIl45RK0sW2ccPzEojb1k0xQ== Completed in 31ms
3659 http fetch GET 200 https://registry.npmjs.org/schema-utils 940ms (cache miss)
3660 timing metavuln:packument:schema-utils Completed in 942ms
3661 timing metavuln:load:security-advisory:schema-utils:u4HOZ0QFYFTDLqnZ5TPSC8VEvP+HMuGcZACJuTqG8bm/gunrgkQwsiiH2pbF9tNIl45RK0sW2ccPzEojb1k0xQ== Completed in 16ms
3662 http fetch GET 200 https://registry.npmjs.org/objection/-/objection-3.1.4.tgz 82938ms (cache miss)
3663 timing reifyNode:node_modules/objection Completed in 85112ms
3664 http fetch GET 200 https://registry.npmjs.org/@eslint%2feslintrc 1052ms (cache miss)
3665 timing metavuln:packument:@eslint/eslintrc Completed in 1055ms
3666 timing metavuln:load:security-advisory:@eslint/eslintrc:u4HOZ0QFYFTDLqnZ5TPSC8VEvP+HMuGcZACJuTqG8bm/gunrgkQwsiiH2pbF9tNIl45RK0sW2ccPzEojb1k0xQ== Completed in 2ms
3667 http fetch GET 200 https://registry.npmjs.org/knex/-/knex-2.5.1.tgz 82535ms (cache miss)
3668 timing reifyNode:node_modules/fastify-objectionjs/node_modules/knex Completed in 85333ms
3669 timing metavuln:cache:put:security-advisory:ajv-keywords:CfFtUnAadfuCbS71yeRl9tl/9HIXJ6js/s7gXlcBmi25TSuj5fGBRan13Z6fruYADIymacHLp/CVDNUa5XJjlQ== Completed in 632ms
3670 timing metavuln:calculate:security-advisory:ajv-keywords:u4HOZ0QFYFTDLqnZ5TPSC8VEvP+HMuGcZACJuTqG8bm/gunrgkQwsiiH2pbF9tNIl45RK0sW2ccPzEojb1k0xQ== Completed in 1488ms
3671 timing metavuln:cache:put:security-advisory:schema-utils:vlNV1ObVfukgjaciZvL6tO81wrIqbupJy3JWyMpfVe/qCIyWAVHkVJWWQRgYkBk00jAcxPQ8I4FgEcesSO9D+Q== Completed in 628ms
3672 timing metavuln:calculate:security-advisory:schema-utils:u4HOZ0QFYFTDLqnZ5TPSC8VEvP+HMuGcZACJuTqG8bm/gunrgkQwsiiH2pbF9tNIl45RK0sW2ccPzEojb1k0xQ== Completed in 1590ms
3673 timing metavuln:cache:put:security-advisory:@eslint/eslintrc:aTNWJFSkw5DS4SB2nZgnaAFFdAXCgYakUu7Vnu0VAj0AclpVyjznKIgNeS8Irm+NcHSORmoypttmDbChxemxqA== Completed in 570ms
3674 timing metavuln:calculate:security-advisory:@eslint/eslintrc:u4HOZ0QFYFTDLqnZ5TPSC8VEvP+HMuGcZACJuTqG8bm/gunrgkQwsiiH2pbF9tNIl45RK0sW2ccPzEojb1k0xQ== Completed in 1631ms
3675 http fetch GET 200 https://registry.npmjs.org/knex/-/knex-3.1.0.tgz 83929ms (cache miss)
3676 timing reifyNode:node_modules/knex Completed in 86165ms
3677 http fetch GET 200 https://registry.npmjs.org/@babel/types/-/types-7.24.0.tgz 83866ms (cache miss)
3678 timing reifyNode:node_modules/@babel/types Completed in 86555ms
3679 http fetch GET 200 https://registry.npmjs.org/@popperjs/core/-/core-2.11.8.tgz 85045ms (cache miss)
3680 timing reifyNode:node_modules/@popperjs/core Completed in 87684ms
3681 http fetch GET 200 https://registry.npmjs.org/eslint 3910ms (cache miss)
3682 timing metavuln:packument:eslint Completed in 3928ms
3683 timing metavuln:load:security-advisory:eslint:u4HOZ0QFYFTDLqnZ5TPSC8VEvP+HMuGcZACJuTqG8bm/gunrgkQwsiiH2pbF9tNIl45RK0sW2ccPzEojb1k0xQ== Completed in 15ms
3684 timing metavuln:cache:put:security-advisory:eslint:6kRX7Aokk76Jx6XoOHiMSU8BTR90SQMK5AZjmt7HFdN87a8DFzzjuJwsTWoA1xHp5ATdta4R7ud3Xw2YczLZlA== Completed in 342ms
3685 timing metavuln:calculate:security-advisory:eslint:u4HOZ0QFYFTDLqnZ5TPSC8VEvP+HMuGcZACJuTqG8bm/gunrgkQwsiiH2pbF9tNIl45RK0sW2ccPzEojb1k0xQ== Completed in 4287ms
3686 timing metavuln:cache:get:security-advisory:@fastify/ajv-compiler:+MLdGrUswLVyvmXiuYG66Nr9N0uWS06Mp2b1NPYRzxFzRanMM4snyVQYmf7jDlBCLmagi+ylWXX6kGn5g5IXJg== Completed in 19ms
3687 timing metavuln:cache:get:security-advisory:ajv-formats:FvZpb7jSNyyWiQIVPGitnU868Mo9VzJTfWeYAHvgwc94UdQjyn/4YC1QV41UK3biKRAfI35CyKmFL3IDemDaKQ== Completed in 19ms
3688 timing metavuln:cache:get:security-advisory:fast-json-stringify:XZWsOq+kHn1UjLK/uKvUbRzYGtOQyzV/hW4n+VQ+pUIUFFHT8wgzf3SfcccZ6hMHYV0BuN0TqHOEr1Pvh2AbvQ== Completed in 19ms
3689 timing metavuln:cache:get:security-advisory:objection:jeTPYs/kAD6NSRH/MdI7QnU+4Hiwje7WgQEBOjoTX9eJtgPbcSXlxjiVq480QD1AoBjpOEDDxi5b4uTcS/+5FA== Completed in 19ms
3690 timing metavuln:cache:get:security-advisory:schema-utils:jeD++QW3RmuXUj4724QcitSOqXm1y5wbrmfm8CQ+ksMJQx9x5aXXN4+FC6sDGla6lZbT/KpvddsLwTCnkcqp7w== Completed in 18ms
3691 timing metavuln:load:security-advisory:schema-utils:URErmxoyazZWR5lFcXpgTkGsbkrUBDlzD8W6txjBw2wZoOC7oHjHFfCrRr/VnGeJvbyUY9E2jxrL8p2XbwfP8g== Completed in 7ms
3692 timing metavuln:cache:get:security-advisory:ajv-keywords:2GXRn8zsuxNEY7/qN6wYE4CrPKkAphM+4Wm/OdOGHx+Nj0CLwtJcho1aVT3xUylELIHg6tXqQVmGBKQ2DdlCMA== Completed in 26ms
3693 timing metavuln:load:security-advisory:ajv-keywords:URErmxoyazZWR5lFcXpgTkGsbkrUBDlzD8W6txjBw2wZoOC7oHjHFfCrRr/VnGeJvbyUY9E2jxrL8p2XbwfP8g== Completed in 19ms
3694 timing metavuln:cache:put:security-advisory:schema-utils:jeD++QW3RmuXUj4724QcitSOqXm1y5wbrmfm8CQ+ksMJQx9x5aXXN4+FC6sDGla6lZbT/KpvddsLwTCnkcqp7w== Completed in 456ms
3695 timing metavuln:calculate:security-advisory:schema-utils:URErmxoyazZWR5lFcXpgTkGsbkrUBDlzD8W6txjBw2wZoOC7oHjHFfCrRr/VnGeJvbyUY9E2jxrL8p2XbwfP8g== Completed in 483ms
3696 timing metavuln:cache:put:security-advisory:ajv-keywords:2GXRn8zsuxNEY7/qN6wYE4CrPKkAphM+4Wm/OdOGHx+Nj0CLwtJcho1aVT3xUylELIHg6tXqQVmGBKQ2DdlCMA== Completed in 444ms
3697 timing metavuln:calculate:security-advisory:ajv-keywords:URErmxoyazZWR5lFcXpgTkGsbkrUBDlzD8W6txjBw2wZoOC7oHjHFfCrRr/VnGeJvbyUY9E2jxrL8p2XbwfP8g== Completed in 490ms
3698 http fetch GET 200 https://registry.npmjs.org/@fastify%2fajv-compiler 565ms (cache miss)
3699 timing metavuln:packument:@fastify/ajv-compiler Completed in 566ms
3700 timing metavuln:load:security-advisory:@fastify/ajv-compiler:URErmxoyazZWR5lFcXpgTkGsbkrUBDlzD8W6txjBw2wZoOC7oHjHFfCrRr/VnGeJvbyUY9E2jxrL8p2XbwfP8g== Completed in 6ms
3701 http fetch GET 200 https://registry.npmjs.org/ajv-formats 989ms (cache miss)
3702 timing metavuln:packument:ajv-formats Completed in 990ms
3703 timing metavuln:load:security-advisory:ajv-formats:URErmxoyazZWR5lFcXpgTkGsbkrUBDlzD8W6txjBw2wZoOC7oHjHFfCrRr/VnGeJvbyUY9E2jxrL8p2XbwfP8g== Completed in 8ms
3704 timing metavuln:cache:put:security-advisory:@fastify/ajv-compiler:+MLdGrUswLVyvmXiuYG66Nr9N0uWS06Mp2b1NPYRzxFzRanMM4snyVQYmf7jDlBCLmagi+ylWXX6kGn5g5IXJg== Completed in 431ms
3705 timing metavuln:calculate:security-advisory:@fastify/ajv-compiler:URErmxoyazZWR5lFcXpgTkGsbkrUBDlzD8W6txjBw2wZoOC7oHjHFfCrRr/VnGeJvbyUY9E2jxrL8p2XbwfP8g== Completed in 1006ms
3706 timing metavuln:cache:put:security-advisory:ajv-formats:FvZpb7jSNyyWiQIVPGitnU868Mo9VzJTfWeYAHvgwc94UdQjyn/4YC1QV41UK3biKRAfI35CyKmFL3IDemDaKQ== Completed in 413ms
3707 timing metavuln:calculate:security-advisory:ajv-formats:URErmxoyazZWR5lFcXpgTkGsbkrUBDlzD8W6txjBw2wZoOC7oHjHFfCrRr/VnGeJvbyUY9E2jxrL8p2XbwfP8g== Completed in 1414ms
3708 http fetch GET 200 https://registry.npmjs.org/fast-json-stringify 1656ms (cache miss)
3709 timing metavuln:packument:fast-json-stringify Completed in 1659ms
3710 timing metavuln:load:security-advisory:fast-json-stringify:URErmxoyazZWR5lFcXpgTkGsbkrUBDlzD8W6txjBw2wZoOC7oHjHFfCrRr/VnGeJvbyUY9E2jxrL8p2XbwfP8g== Completed in 17ms
3711 http fetch GET 200 https://registry.npmjs.org/objection 1678ms (cache miss)
3712 timing metavuln:packument:objection Completed in 1683ms
3713 timing metavuln:load:security-advisory:objection:URErmxoyazZWR5lFcXpgTkGsbkrUBDlzD8W6txjBw2wZoOC7oHjHFfCrRr/VnGeJvbyUY9E2jxrL8p2XbwfP8g== Completed in 11ms
3714 timing metavuln:cache:put:security-advisory:fast-json-stringify:XZWsOq+kHn1UjLK/uKvUbRzYGtOQyzV/hW4n+VQ+pUIUFFHT8wgzf3SfcccZ6hMHYV0BuN0TqHOEr1Pvh2AbvQ== Completed in 436ms
3715 timing metavuln:calculate:security-advisory:fast-json-stringify:URErmxoyazZWR5lFcXpgTkGsbkrUBDlzD8W6txjBw2wZoOC7oHjHFfCrRr/VnGeJvbyUY9E2jxrL8p2XbwfP8g== Completed in 2114ms
3716 timing metavuln:cache:put:security-advisory:objection:jeTPYs/kAD6NSRH/MdI7QnU+4Hiwje7WgQEBOjoTX9eJtgPbcSXlxjiVq480QD1AoBjpOEDDxi5b4uTcS/+5FA== Completed in 427ms
3717 timing metavuln:calculate:security-advisory:objection:URErmxoyazZWR5lFcXpgTkGsbkrUBDlzD8W6txjBw2wZoOC7oHjHFfCrRr/VnGeJvbyUY9E2jxrL8p2XbwfP8g== Completed in 2124ms
3718 timing metavuln:cache:get:security-advisory:@istanbuljs/load-nyc-config:w/86FNlNAKUQI54d7RUzBsP1/0m9gEqvzcKgVc1hG/QVJuqE1LIXvZVbQtAg4c7kez3/aUOM4JWOhkj3kEEPVA== Completed in 26ms
3719 http fetch GET 200 https://registry.npmjs.org/@istanbuljs%2fload-nyc-config 511ms (cache miss)
3720 timing metavuln:packument:@istanbuljs/load-nyc-config Completed in 514ms
3721 timing metavuln:load:security-advisory:@istanbuljs/load-nyc-config:MQ5RokLIvrWmT8/NQU0dD+jQ+6pFslHlaXx1Z5q7mESITohR8AwLT525ddIc2KvKZYbB1p5yclW3kV4xeRYXEg== Completed in 1ms
3722 http fetch GET 200 https://registry.npmjs.org/es5-ext/-/es5-ext-0.10.64.tgz 88846ms (cache miss)
3723 timing reifyNode:node_modules/es5-ext Completed in 91247ms
3724 timing metavuln:cache:put:security-advisory:@istanbuljs/load-nyc-config:w/86FNlNAKUQI54d7RUzBsP1/0m9gEqvzcKgVc1hG/QVJuqE1LIXvZVbQtAg4c7kez3/aUOM4JWOhkj3kEEPVA== Completed in 351ms
3725 timing metavuln:calculate:security-advisory:@istanbuljs/load-nyc-config:MQ5RokLIvrWmT8/NQU0dD+jQ+6pFslHlaXx1Z5q7mESITohR8AwLT525ddIc2KvKZYbB1p5yclW3kV4xeRYXEg== Completed in 869ms
3726 timing metavuln:cache:get:security-advisory:@eslint/eslintrc:+dj/LqpwTuLnMbBYuGIzIb6b3zspptDh0rakRHhZtIReGOQCQDIXFUqoHFXyUBrXqkKL96IYWa7gOtmMPQ2AIw== Completed in 14ms
3727 timing metavuln:load:security-advisory:@eslint/eslintrc:621IdjBdZEeVoUcjWGl1jXN0jFDGaf7dIQMeaPVKf5MxqYprJztiOC0OHOUPVoayh7Cq/fTC8L5CqEb98qlE7w== Completed in 1ms
3728 timing metavuln:cache:get:security-advisory:eslint:tWpS8shwtPvlnKrr0IDTnNgdZsEAPzEyjXys9cT2vEpfBr9XWHwJtpN5VN/tlasnmObTFIj3QrfKiIX5Y5+g2Q== Completed in 17ms
3729 timing metavuln:load:security-advisory:eslint:621IdjBdZEeVoUcjWGl1jXN0jFDGaf7dIQMeaPVKf5MxqYprJztiOC0OHOUPVoayh7Cq/fTC8L5CqEb98qlE7w== Completed in 9ms
3730 timing metavuln:cache:get:security-advisory:npm-check-updates:9vC8VlwNHMPreDKCmfk/iQYKr5FKq35DZWscTOeXqRjPbM+Efw5aQBr9cfJGMTacDylcPe1nQJ5GQctXjbhmEA== Completed in 27ms
3731 timing metavuln:cache:get:security-advisory:rc-config-loader:q4AulNladPM/Ic9lEbKbGuyQzjCn1jqwz0AMYs/yQHvgYOx1mDpLBZLgKZBAnHqoDFu8LWanb5hOiIEPx1/klw== Completed in 27ms
3732 http fetch GET 200 https://registry.npmjs.org/fastify/-/fastify-4.26.2.tgz 89437ms (cache miss)
3733 timing reifyNode:node_modules/fastify Completed in 91902ms
3734 timing metavuln:cache:put:security-advisory:eslint:tWpS8shwtPvlnKrr0IDTnNgdZsEAPzEyjXys9cT2vEpfBr9XWHwJtpN5VN/tlasnmObTFIj3QrfKiIX5Y5+g2Q== Completed in 487ms
3735 timing metavuln:calculate:security-advisory:eslint:621IdjBdZEeVoUcjWGl1jXN0jFDGaf7dIQMeaPVKf5MxqYprJztiOC0OHOUPVoayh7Cq/fTC8L5CqEb98qlE7w== Completed in 515ms
3736 timing metavuln:cache:put:security-advisory:@eslint/eslintrc:+dj/LqpwTuLnMbBYuGIzIb6b3zspptDh0rakRHhZtIReGOQCQDIXFUqoHFXyUBrXqkKL96IYWa7gOtmMPQ2AIw== Completed in 509ms
3737 timing metavuln:calculate:security-advisory:@eslint/eslintrc:621IdjBdZEeVoUcjWGl1jXN0jFDGaf7dIQMeaPVKf5MxqYprJztiOC0OHOUPVoayh7Cq/fTC8L5CqEb98qlE7w== Completed in 525ms
3738 http fetch GET 200 https://registry.npmjs.org/rc-config-loader 809ms (cache miss)
3739 timing metavuln:packument:rc-config-loader Completed in 811ms
3740 timing metavuln:load:security-advisory:rc-config-loader:621IdjBdZEeVoUcjWGl1jXN0jFDGaf7dIQMeaPVKf5MxqYprJztiOC0OHOUPVoayh7Cq/fTC8L5CqEb98qlE7w== Completed in 1ms
3741 timing metavuln:cache:put:security-advisory:rc-config-loader:q4AulNladPM/Ic9lEbKbGuyQzjCn1jqwz0AMYs/yQHvgYOx1mDpLBZLgKZBAnHqoDFu8LWanb5hOiIEPx1/klw== Completed in 392ms
3742 timing metavuln:calculate:security-advisory:rc-config-loader:621IdjBdZEeVoUcjWGl1jXN0jFDGaf7dIQMeaPVKf5MxqYprJztiOC0OHOUPVoayh7Cq/fTC8L5CqEb98qlE7w== Completed in 1206ms
3743 http fetch GET 200 https://registry.npmjs.org/ajv/-/ajv-8.12.0.tgz 90053ms (cache miss)
3744 timing reifyNode:node_modules/@fastify/ajv-compiler/node_modules/ajv Completed in 92977ms
3745 http fetch GET 200 https://registry.npmjs.org/ajv/-/ajv-8.12.0.tgz 90322ms (cache miss)
3746 timing reifyNode:node_modules/objection/node_modules/ajv Completed in 93183ms
3747 http fetch GET 200 https://registry.npmjs.org/ajv/-/ajv-8.11.0.tgz 90435ms (cache miss)
3748 http fetch GET 200 https://registry.npmjs.org/ajv/-/ajv-8.12.0.tgz 90363ms (cache miss)
3749 timing reifyNode:node_modules/schema-utils/node_modules/ajv Completed in 93234ms
3750 timing reifyNode:node_modules/fast-json-stringify/node_modules/ajv Completed in 93225ms
3751 http fetch GET 200 https://registry.npmjs.org/sequelize/-/sequelize-6.37.3.tgz 91281ms (cache miss)
3752 timing reifyNode:node_modules/sequelize Completed in 93411ms
3753 http fetch GET 200 https://registry.npmjs.org/ajv/-/ajv-8.11.0.tgz 90566ms (cache miss)
3754 timing reifyNode:node_modules/ajv-formats/node_modules/ajv Completed in 93451ms
3755 http fetch GET 200 https://registry.npmjs.org/better-sqlite3/-/better-sqlite3-8.7.0.tgz 91064ms (cache miss)
3756 timing reifyNode:node_modules/better-sqlite3 Completed in 93576ms
3757 http fetch GET 200 https://registry.npmjs.org/npm-check-updates 2528ms (cache miss)
3758 timing metavuln:packument:npm-check-updates Completed in 2546ms
3759 timing metavuln:load:security-advisory:npm-check-updates:621IdjBdZEeVoUcjWGl1jXN0jFDGaf7dIQMeaPVKf5MxqYprJztiOC0OHOUPVoayh7Cq/fTC8L5CqEb98qlE7w== Completed in 6ms
3760 timing metavuln:cache:put:security-advisory:npm-check-updates:9vC8VlwNHMPreDKCmfk/iQYKr5FKq35DZWscTOeXqRjPbM+Efw5aQBr9cfJGMTacDylcPe1nQJ5GQctXjbhmEA== Completed in 241ms
3761 timing metavuln:calculate:security-advisory:npm-check-updates:621IdjBdZEeVoUcjWGl1jXN0jFDGaf7dIQMeaPVKf5MxqYprJztiOC0OHOUPVoayh7Cq/fTC8L5CqEb98qlE7w== Completed in 2793ms
3762 timing metavuln:cache:get:security-advisory:@fastify/static:TJO1f5BqMO4qMGONrc+X2aE91hAeJVEa64O46oNWsNPJu2NMTiGs2lLdmyRmAW0v3iBC5Nb7yZi+GFX0dYya2A== Completed in 13ms
3763 timing metavuln:cache:get:security-advisory:js-beautify:Vg4oCCAQB/t0zzprsEbdJg6TgVHuRJw0PRholaLu8gEgXPNwujG9YYkL+R6A/jlFVJswJIA/24mjV0y67XN7RQ== Completed in 12ms
3764 timing metavuln:cache:get:security-advisory:cacache:jgcnDPpQA6Pd0WUq11of4JS3nfZzFbYPGEiM5lXhkm38JNpJrS4nuiCNInBrG+RFBevWIak8ZWL+tkpr1DlzGg== Completed in 14ms
3765 timing metavuln:cache:get:security-advisory:rimraf:U6dWjEG+wBLaAeoUiIjGQdamS87vxL0a3IcTpkHufDNqr9Eagu7/CvMBwQallZVI2Pl2lkAMB2WJoO94XiR/Rw== Completed in 13ms
3766 timing metavuln:cache:get:security-advisory:read-package-json:5WkYUYsTGprHudeNOjhfcYXDGB8eWDswOp2+aJWtp1ncEbaoiGa2Q1lkBQE7lR7C0v/5HFdS8ID7fdeWkZPMug== Completed in 13ms
3767 http fetch GET 200 https://registry.npmjs.org/@fastify%2fstatic 440ms (cache miss)
3768 timing metavuln:packument:@fastify/static Completed in 442ms
3769 timing metavuln:load:security-advisory:@fastify/static:NTB2XjbDOgk4lkd8PZ3tUAm1F3E/ohGF6rl9/3LEO7Z0FDzSR5nWwzd3nUENA3NCNdyeR+35DOC12wPml2IV+g== Completed in 6ms
3770 http fetch GET 200 https://registry.npmjs.org/rimraf 465ms (cache miss)
3771 timing metavuln:packument:rimraf Completed in 470ms
3772 timing metavuln:load:security-advisory:rimraf:NTB2XjbDOgk4lkd8PZ3tUAm1F3E/ohGF6rl9/3LEO7Z0FDzSR5nWwzd3nUENA3NCNdyeR+35DOC12wPml2IV+g== Completed in 7ms
3773 http fetch GET 200 https://registry.npmjs.org/read-package-json 479ms (cache miss)
3774 timing metavuln:packument:read-package-json Completed in 483ms
3775 timing metavuln:load:security-advisory:read-package-json:NTB2XjbDOgk4lkd8PZ3tUAm1F3E/ohGF6rl9/3LEO7Z0FDzSR5nWwzd3nUENA3NCNdyeR+35DOC12wPml2IV+g== Completed in 11ms
3776 http fetch GET 200 https://registry.npmjs.org/cacache 587ms (cache miss)
3777 timing metavuln:packument:cacache Completed in 592ms
3778 timing metavuln:load:security-advisory:cacache:NTB2XjbDOgk4lkd8PZ3tUAm1F3E/ohGF6rl9/3LEO7Z0FDzSR5nWwzd3nUENA3NCNdyeR+35DOC12wPml2IV+g== Completed in 3ms
3779 http fetch GET 200 https://registry.npmjs.org/js-beautify 692ms (cache miss)
3780 timing metavuln:packument:js-beautify Completed in 698ms
3781 timing metavuln:load:security-advisory:js-beautify:NTB2XjbDOgk4lkd8PZ3tUAm1F3E/ohGF6rl9/3LEO7Z0FDzSR5nWwzd3nUENA3NCNdyeR+35DOC12wPml2IV+g== Completed in 5ms
3782 timing metavuln:cache:put:security-advisory:@fastify/static:TJO1f5BqMO4qMGONrc+X2aE91hAeJVEa64O46oNWsNPJu2NMTiGs2lLdmyRmAW0v3iBC5Nb7yZi+GFX0dYya2A== Completed in 338ms
3783 timing metavuln:calculate:security-advisory:@fastify/static:NTB2XjbDOgk4lkd8PZ3tUAm1F3E/ohGF6rl9/3LEO7Z0FDzSR5nWwzd3nUENA3NCNdyeR+35DOC12wPml2IV+g== Completed in 790ms
3784 timing metavuln:cache:put:security-advisory:rimraf:U6dWjEG+wBLaAeoUiIjGQdamS87vxL0a3IcTpkHufDNqr9Eagu7/CvMBwQallZVI2Pl2lkAMB2WJoO94XiR/Rw== Completed in 326ms
3785 timing metavuln:calculate:security-advisory:rimraf:NTB2XjbDOgk4lkd8PZ3tUAm1F3E/ohGF6rl9/3LEO7Z0FDzSR5nWwzd3nUENA3NCNdyeR+35DOC12wPml2IV+g== Completed in 806ms
3786 timing metavuln:cache:put:security-advisory:read-package-json:5WkYUYsTGprHudeNOjhfcYXDGB8eWDswOp2+aJWtp1ncEbaoiGa2Q1lkBQE7lR7C0v/5HFdS8ID7fdeWkZPMug== Completed in 325ms
3787 timing metavuln:calculate:security-advisory:read-package-json:NTB2XjbDOgk4lkd8PZ3tUAm1F3E/ohGF6rl9/3LEO7Z0FDzSR5nWwzd3nUENA3NCNdyeR+35DOC12wPml2IV+g== Completed in 820ms
3788 timing metavuln:cache:put:security-advisory:cacache:jgcnDPpQA6Pd0WUq11of4JS3nfZzFbYPGEiM5lXhkm38JNpJrS4nuiCNInBrG+RFBevWIak8ZWL+tkpr1DlzGg== Completed in 315ms
3789 timing metavuln:calculate:security-advisory:cacache:NTB2XjbDOgk4lkd8PZ3tUAm1F3E/ohGF6rl9/3LEO7Z0FDzSR5nWwzd3nUENA3NCNdyeR+35DOC12wPml2IV+g== Completed in 913ms
3790 http fetch GET 200 https://registry.npmjs.org/eslint/-/eslint-8.57.0.tgz 92719ms (cache miss)
3791 timing reifyNode:node_modules/eslint Completed in 95145ms
3792 timing metavuln:cache:put:security-advisory:js-beautify:Vg4oCCAQB/t0zzprsEbdJg6TgVHuRJw0PRholaLu8gEgXPNwujG9YYkL+R6A/jlFVJswJIA/24mjV0y67XN7RQ== Completed in 285ms
3793 timing metavuln:calculate:security-advisory:js-beautify:NTB2XjbDOgk4lkd8PZ3tUAm1F3E/ohGF6rl9/3LEO7Z0FDzSR5nWwzd3nUENA3NCNdyeR+35DOC12wPml2IV+g== Completed in 992ms
3794 timing metavuln:cache:get:security-advisory:http-proxy-agent:yWh+WsUCdzVUoHJ+ukHX3VBWHgc+bzFCiNYaEHuuvW29uVMpISqXUxRqbG/B55MQ8eiu9zSwUnABxh5qJf1U0w== Completed in 14ms
3795 http fetch GET 200 https://registry.npmjs.org/http-proxy-agent 324ms (cache miss)
3796 timing metavuln:packument:http-proxy-agent Completed in 326ms
3797 timing metavuln:load:security-advisory:http-proxy-agent:Bij+qufwr7God+MYI0JIFJYEDFT3IlGllIhDaMb6DB6UZOYpGBBfXc1Jq59Wdg/M2NdGRUO2+zYnIEZHW42YDw== Completed in 1ms
3798 timing metavuln:cache:put:security-advisory:http-proxy-agent:yWh+WsUCdzVUoHJ+ukHX3VBWHgc+bzFCiNYaEHuuvW29uVMpISqXUxRqbG/B55MQ8eiu9zSwUnABxh5qJf1U0w== Completed in 217ms
3799 timing metavuln:calculate:security-advisory:http-proxy-agent:Bij+qufwr7God+MYI0JIFJYEDFT3IlGllIhDaMb6DB6UZOYpGBBfXc1Jq59Wdg/M2NdGRUO2+zYnIEZHW42YDw== Completed in 552ms
3800 timing metavuln:cache:get:security-advisory:minimatch:EdzP79sukXfwnaTxyFO/a1+fXPBBvIH9NlsgWGTGWGSpQkNPxYQxFaMxiKCAwfckwBABbsvD1jCrk+QZ4W56Rw== Completed in 13ms
3801 timing metavuln:load:security-advisory:minimatch:7IQMvcVTr+svbh5KCx4Kl6FQKJ1GciM03BnJAve/5WYJjUeRzKAIrStVpfachbl3T6a7o8nYlQEVG6Ih0TNXRg== Completed in 3ms
3802 timing metavuln:cache:put:security-advisory:minimatch:EdzP79sukXfwnaTxyFO/a1+fXPBBvIH9NlsgWGTGWGSpQkNPxYQxFaMxiKCAwfckwBABbsvD1jCrk+QZ4W56Rw== Completed in 256ms
3803 timing metavuln:calculate:security-advisory:minimatch:7IQMvcVTr+svbh5KCx4Kl6FQKJ1GciM03BnJAve/5WYJjUeRzKAIrStVpfachbl3T6a7o8nYlQEVG6Ih0TNXRg== Completed in 276ms
3804 timing metavuln:cache:get:security-advisory:minimatch:47aVejY8/1KnEnFlTo+uF90a7w1XvtOjMP1i7DvyX4+jxy/wlG4RjX1rMW+bmptQMpL8TSkcMyWTMH7gxl9Fpg== Completed in 18ms
3805 timing metavuln:load:security-advisory:minimatch:mClmYqWawCNXseeTBHWiIwZH/2CmFUqPCmosJIeOhAgD9z1v3SayhHAwaWVo8wmeKU/JN9VP4zDBeXaqy3Ay2A== Completed in 2ms
3806 timing metavuln:cache:put:security-advisory:minimatch:47aVejY8/1KnEnFlTo+uF90a7w1XvtOjMP1i7DvyX4+jxy/wlG4RjX1rMW+bmptQMpL8TSkcMyWTMH7gxl9Fpg== Completed in 347ms
3807 timing metavuln:calculate:security-advisory:minimatch:mClmYqWawCNXseeTBHWiIwZH/2CmFUqPCmosJIeOhAgD9z1v3SayhHAwaWVo8wmeKU/JN9VP4zDBeXaqy3Ay2A== Completed in 375ms
3808 timing metavuln:cache:get:security-advisory:@eslint/eslintrc:ekjU9xvLMIGZ60VAS3cJiXhpLVygLLVhrX5j5gbU96muSnaowg56B//Z2ieRbqnSyEhXO09OAWrrIfGViIVogQ== Completed in 13ms
3809 timing metavuln:load:security-advisory:@eslint/eslintrc:V/3cIcyAQcG1bwuH0e0PI9Qt5WRtbvb/WOz2mBxAfNzXf+Dvs9G1X05eHjnPq2b0TJY4zXXpqhCAkRAipgk3iQ== Completed in 2ms
3810 timing metavuln:cache:get:security-advisory:@humanwhocodes/config-array:Tk7QyZJ/5FJIVNFvkr1kqYAW2HdFmlGmqor9USZiENZhVXh0kmlTve1snlA6YKmRt6Vc/ua7GMSY9wOQLaXfEQ== Completed in 21ms
3811 timing metavuln:cache:get:security-advisory:glob:SiaR+x876RZ4PrtFfgITl2I3eRZNkCbXOr2JdOKzsfFOqrFtyoEMmqMabD5D9LbuunJXr2ioG0JXsVQhURvrcw== Completed in 22ms
3812 timing metavuln:load:security-advisory:glob:V/3cIcyAQcG1bwuH0e0PI9Qt5WRtbvb/WOz2mBxAfNzXf+Dvs9G1X05eHjnPq2b0TJY4zXXpqhCAkRAipgk3iQ== Completed in 19ms
3813 timing metavuln:cache:get:security-advisory:eslint:ev5azc2U50vUYTqLo2/jaU7l8ps6Yvlqzkyp5OLr37QKqPK3+eCnjR+sureWWgBbnj1subBH7GupBmACDEZ2Mw== Completed in 42ms
3814 timing metavuln:load:security-advisory:eslint:V/3cIcyAQcG1bwuH0e0PI9Qt5WRtbvb/WOz2mBxAfNzXf+Dvs9G1X05eHjnPq2b0TJY4zXXpqhCAkRAipgk3iQ== Completed in 8ms
3815 timing metavuln:cache:get:security-advisory:eslint-plugin-import:8kV5Y/kp5eDWHoCxaxP2GpSM+URcZdaiGzBLqLCUL1aFnqNJYOG1MA8HRImPYwbeSnjoD4UdCemYrgpPgqe0nQ== Completed in 50ms
3816 timing metavuln:cache:get:security-advisory:test-exclude:De4LSt7GFd/3aSdpF9X0QBXe74F5SOyZn84x+XzVHWPULZ2n4LHZiiFowGX/Gy/2DxKjKrSmy5eilhUTqfLeXA== Completed in 51ms
3817 timing metavuln:cache:put:security-advisory:@eslint/eslintrc:ekjU9xvLMIGZ60VAS3cJiXhpLVygLLVhrX5j5gbU96muSnaowg56B//Z2ieRbqnSyEhXO09OAWrrIfGViIVogQ== Completed in 299ms
3818 timing metavuln:calculate:security-advisory:@eslint/eslintrc:V/3cIcyAQcG1bwuH0e0PI9Qt5WRtbvb/WOz2mBxAfNzXf+Dvs9G1X05eHjnPq2b0TJY4zXXpqhCAkRAipgk3iQ== Completed in 316ms
3819 timing metavuln:cache:put:security-advisory:eslint:ev5azc2U50vUYTqLo2/jaU7l8ps6Yvlqzkyp5OLr37QKqPK3+eCnjR+sureWWgBbnj1subBH7GupBmACDEZ2Mw== Completed in 266ms
3820 timing metavuln:calculate:security-advisory:eslint:V/3cIcyAQcG1bwuH0e0PI9Qt5WRtbvb/WOz2mBxAfNzXf+Dvs9G1X05eHjnPq2b0TJY4zXXpqhCAkRAipgk3iQ== Completed in 318ms
3821 timing metavuln:cache:put:security-advisory:glob:SiaR+x876RZ4PrtFfgITl2I3eRZNkCbXOr2JdOKzsfFOqrFtyoEMmqMabD5D9LbuunJXr2ioG0JXsVQhURvrcw== Completed in 295ms
3822 timing metavuln:calculate:security-advisory:glob:V/3cIcyAQcG1bwuH0e0PI9Qt5WRtbvb/WOz2mBxAfNzXf+Dvs9G1X05eHjnPq2b0TJY4zXXpqhCAkRAipgk3iQ== Completed in 336ms
3823 http fetch GET 200 https://registry.npmjs.org/@humanwhocodes%2fconfig-array 492ms (cache miss)
3824 timing metavuln:packument:@humanwhocodes/config-array Completed in 494ms
3825 timing metavuln:load:security-advisory:@humanwhocodes/config-array:V/3cIcyAQcG1bwuH0e0PI9Qt5WRtbvb/WOz2mBxAfNzXf+Dvs9G1X05eHjnPq2b0TJY4zXXpqhCAkRAipgk3iQ== Completed in 1ms
3826 http fetch GET 200 https://registry.npmjs.org/test-exclude 587ms (cache miss)
3827 timing metavuln:packument:test-exclude Completed in 589ms
3828 timing metavuln:load:security-advisory:test-exclude:V/3cIcyAQcG1bwuH0e0PI9Qt5WRtbvb/WOz2mBxAfNzXf+Dvs9G1X05eHjnPq2b0TJY4zXXpqhCAkRAipgk3iQ== Completed in 0ms
3829 http fetch GET 200 https://registry.npmjs.org/eslint-plugin-import 714ms (cache miss)
3830 timing metavuln:packument:eslint-plugin-import Completed in 718ms
3831 timing metavuln:load:security-advisory:eslint-plugin-import:V/3cIcyAQcG1bwuH0e0PI9Qt5WRtbvb/WOz2mBxAfNzXf+Dvs9G1X05eHjnPq2b0TJY4zXXpqhCAkRAipgk3iQ== Completed in 1ms
3832 timing metavuln:cache:put:security-advisory:@humanwhocodes/config-array:Tk7QyZJ/5FJIVNFvkr1kqYAW2HdFmlGmqor9USZiENZhVXh0kmlTve1snlA6YKmRt6Vc/ua7GMSY9wOQLaXfEQ== Completed in 286ms
3833 timing metavuln:calculate:security-advisory:@humanwhocodes/config-array:V/3cIcyAQcG1bwuH0e0PI9Qt5WRtbvb/WOz2mBxAfNzXf+Dvs9G1X05eHjnPq2b0TJY4zXXpqhCAkRAipgk3iQ== Completed in 784ms
3834 timing metavuln:cache:put:security-advisory:test-exclude:De4LSt7GFd/3aSdpF9X0QBXe74F5SOyZn84x+XzVHWPULZ2n4LHZiiFowGX/Gy/2DxKjKrSmy5eilhUTqfLeXA== Completed in 283ms
3835 timing metavuln:calculate:security-advisory:test-exclude:V/3cIcyAQcG1bwuH0e0PI9Qt5WRtbvb/WOz2mBxAfNzXf+Dvs9G1X05eHjnPq2b0TJY4zXXpqhCAkRAipgk3iQ== Completed in 881ms
3836 timing metavuln:cache:put:security-advisory:eslint-plugin-import:8kV5Y/kp5eDWHoCxaxP2GpSM+URcZdaiGzBLqLCUL1aFnqNJYOG1MA8HRImPYwbeSnjoD4UdCemYrgpPgqe0nQ== Completed in 276ms
3837 timing metavuln:calculate:security-advisory:eslint-plugin-import:V/3cIcyAQcG1bwuH0e0PI9Qt5WRtbvb/WOz2mBxAfNzXf+Dvs9G1X05eHjnPq2b0TJY4zXXpqhCAkRAipgk3iQ== Completed in 997ms
3838 timing metavuln:cache:get:security-advisory:glob:R4X+WnpDwtUFUv4hhCOieVu7cXYbSHCEovFByswSd9q6FLTbUcFBMmqOz6HDB3PanEPMgXwCTV2vlizoY9cSfg== Completed in 29ms
3839 timing metavuln:load:security-advisory:glob:/utMkAt3a6jSPsaWIJ1J7tAb7G+ccGxNsymbhFTVWOMIyhRZOJ9QR0zn1SNtejrdUO5fsO4RDJKDMI6C5/bkuw== Completed in 19ms
3840 timing metavuln:cache:put:security-advisory:glob:R4X+WnpDwtUFUv4hhCOieVu7cXYbSHCEovFByswSd9q6FLTbUcFBMmqOz6HDB3PanEPMgXwCTV2vlizoY9cSfg== Completed in 295ms
3841 timing metavuln:calculate:security-advisory:glob:/utMkAt3a6jSPsaWIJ1J7tAb7G+ccGxNsymbhFTVWOMIyhRZOJ9QR0zn1SNtejrdUO5fsO4RDJKDMI6C5/bkuw== Completed in 345ms
3842 timing metavuln:cache:get:security-advisory:@tufjs/models:4wxcDKEpUGR0GG34YoeguhvYrrA8gnDi+bbFPvJ1ftFhtA8GKofd1Zc9djffF9x3DYxzUuaf4dF+iJVeG77ZkQ== Completed in 12ms
3843 timing metavuln:cache:get:security-advisory:editorconfig:/pief47seGDBHnUOHcdf4vh8S5av/gmYGMH6T5uy3DhJchX5AykoNsEcl2U0K2kYnXDy3Q1HW14AEdN7s+Mmhw== Completed in 11ms
3844 timing metavuln:cache:get:security-advisory:glob:2gIChGnRwWJwoiDYphyLHqddJdZn+GRoNVbvpZ1vkwu0FmPASo3fUYL/YAIcdH4PhvoZ7didmLmcNsz6RTrveQ== Completed in 10ms
3845 timing metavuln:load:security-advisory:glob:B00WbbnnDNaFGA7l9BgrTioYpRMzU4+U8SUF8cn65LwArJAK0O380QwyP/UyxPr7i9XUjX9/AADC41/edu9OrA== Completed in 9ms
3846 timing metavuln:cache:get:security-advisory:ignore-walk:b0cI17MNlfsNzPHVnJnFHuGz6GP1AHCbc+TCdgowf9biWQZxg/Uqvqnya2SlfuePnqBI3YsbXp/211wT8oLsfQ== Completed in 20ms
3847 timing metavuln:cache:get:security-advisory:npm-check-updates:NcSy0P0mDK4VB/jfgMEeZpnhDP3GWx7OK1y46OcJ/EYGlWfFAkSvj/d77h1tDslj20pfQ88gclUYChhCMUrp7A== Completed in 20ms
3848 timing metavuln:load:security-advisory:npm-check-updates:B00WbbnnDNaFGA7l9BgrTioYpRMzU4+U8SUF8cn65LwArJAK0O380QwyP/UyxPr7i9XUjX9/AADC41/edu9OrA== Completed in 11ms
3849 http fetch GET 200 https://registry.npmjs.org/bootstrap/-/bootstrap-5.3.3.tgz 95278ms (cache miss)
3850 timing reifyNode:node_modules/bootstrap Completed in 97791ms
3851 timing metavuln:cache:put:security-advisory:npm-check-updates:NcSy0P0mDK4VB/jfgMEeZpnhDP3GWx7OK1y46OcJ/EYGlWfFAkSvj/d77h1tDslj20pfQ88gclUYChhCMUrp7A== Completed in 237ms
3852 timing metavuln:calculate:security-advisory:npm-check-updates:B00WbbnnDNaFGA7l9BgrTioYpRMzU4+U8SUF8cn65LwArJAK0O380QwyP/UyxPr7i9XUjX9/AADC41/edu9OrA== Completed in 269ms
3853 timing metavuln:cache:put:security-advisory:glob:2gIChGnRwWJwoiDYphyLHqddJdZn+GRoNVbvpZ1vkwu0FmPASo3fUYL/YAIcdH4PhvoZ7didmLmcNsz6RTrveQ== Completed in 260ms
3854 timing metavuln:calculate:security-advisory:glob:B00WbbnnDNaFGA7l9BgrTioYpRMzU4+U8SUF8cn65LwArJAK0O380QwyP/UyxPr7i9XUjX9/AADC41/edu9OrA== Completed in 282ms
3855 http fetch GET 200 https://registry.npmjs.org/editorconfig 329ms (cache miss)
3856 timing metavuln:packument:editorconfig Completed in 330ms
3857 timing metavuln:load:security-advisory:editorconfig:B00WbbnnDNaFGA7l9BgrTioYpRMzU4+U8SUF8cn65LwArJAK0O380QwyP/UyxPr7i9XUjX9/AADC41/edu9OrA== Completed in 3ms
3858 http fetch GET 200 https://registry.npmjs.org/@tufjs%2fmodels 347ms (cache miss)
3859 timing metavuln:packument:@tufjs/models Completed in 351ms
3860 timing metavuln:load:security-advisory:@tufjs/models:B00WbbnnDNaFGA7l9BgrTioYpRMzU4+U8SUF8cn65LwArJAK0O380QwyP/UyxPr7i9XUjX9/AADC41/edu9OrA== Completed in 1ms
3861 http fetch GET 200 https://registry.npmjs.org/ignore-walk 496ms (cache miss)
3862 timing metavuln:packument:ignore-walk Completed in 499ms
3863 timing metavuln:load:security-advisory:ignore-walk:B00WbbnnDNaFGA7l9BgrTioYpRMzU4+U8SUF8cn65LwArJAK0O380QwyP/UyxPr7i9XUjX9/AADC41/edu9OrA== Completed in 0ms
3864 http fetch GET 200 https://registry.npmjs.org/moment/-/moment-2.30.1.tgz 96198ms (cache miss)
3865 timing metavuln:cache:put:security-advisory:editorconfig:/pief47seGDBHnUOHcdf4vh8S5av/gmYGMH6T5uy3DhJchX5AykoNsEcl2U0K2kYnXDy3Q1HW14AEdN7s+Mmhw== Completed in 331ms
3866 timing metavuln:calculate:security-advisory:editorconfig:B00WbbnnDNaFGA7l9BgrTioYpRMzU4+U8SUF8cn65LwArJAK0O380QwyP/UyxPr7i9XUjX9/AADC41/edu9OrA== Completed in 671ms
3867 timing reifyNode:node_modules/moment Completed in 98456ms
3868 timing metavuln:cache:put:security-advisory:@tufjs/models:4wxcDKEpUGR0GG34YoeguhvYrrA8gnDi+bbFPvJ1ftFhtA8GKofd1Zc9djffF9x3DYxzUuaf4dF+iJVeG77ZkQ== Completed in 348ms
3869 timing metavuln:calculate:security-advisory:@tufjs/models:B00WbbnnDNaFGA7l9BgrTioYpRMzU4+U8SUF8cn65LwArJAK0O380QwyP/UyxPr7i9XUjX9/AADC41/edu9OrA== Completed in 706ms
3870 timing metavuln:cache:put:security-advisory:ignore-walk:b0cI17MNlfsNzPHVnJnFHuGz6GP1AHCbc+TCdgowf9biWQZxg/Uqvqnya2SlfuePnqBI3YsbXp/211wT8oLsfQ== Completed in 303ms
3871 timing metavuln:calculate:security-advisory:ignore-walk:B00WbbnnDNaFGA7l9BgrTioYpRMzU4+U8SUF8cn65LwArJAK0O380QwyP/UyxPr7i9XUjX9/AADC41/edu9OrA== Completed in 806ms
3872 timing metavuln:cache:get:security-advisory:chokidar:LU+YLfVnn6vFXVAvnsGqd58Rz8g6tJ60ZMP+wazsDeQPoFbTHjxfCKIpn7lW6acFOIKvNjhthFMXqTIaWevt+w== Completed in 8ms
3873 timing metavuln:cache:get:security-advisory:micromatch:KLlQrQSexijh/BbB4FSM3fP0/MIDSj3iMiApgG1JwuVrHt48fzZ8fAIdgNu2TyvXdqnfHV2kIjol+N5OzsIiGQ== Completed in 7ms
3874 timing metavuln:load:security-advisory:micromatch:JiXBFkEDkUnBQLw3PO6emUmmm2JXqgEbh+FhB3SNDS8k6Z0wM20irrfaOjjxYuMxZaKaDudvR037mtEoeqZzXw== Completed in 4ms
3875 timing metavuln:cache:put:security-advisory:micromatch:KLlQrQSexijh/BbB4FSM3fP0/MIDSj3iMiApgG1JwuVrHt48fzZ8fAIdgNu2TyvXdqnfHV2kIjol+N5OzsIiGQ== Completed in 273ms
3876 timing metavuln:calculate:security-advisory:micromatch:JiXBFkEDkUnBQLw3PO6emUmmm2JXqgEbh+FhB3SNDS8k6Z0wM20irrfaOjjxYuMxZaKaDudvR037mtEoeqZzXw== Completed in 289ms
3877 http fetch GET 200 https://registry.npmjs.org/chokidar 679ms (cache miss)
3878 timing metavuln:packument:chokidar Completed in 683ms
3879 timing metavuln:load:security-advisory:chokidar:JiXBFkEDkUnBQLw3PO6emUmmm2JXqgEbh+FhB3SNDS8k6Z0wM20irrfaOjjxYuMxZaKaDudvR037mtEoeqZzXw== Completed in 5ms
3880 timing metavuln:cache:put:security-advisory:chokidar:LU+YLfVnn6vFXVAvnsGqd58Rz8g6tJ60ZMP+wazsDeQPoFbTHjxfCKIpn7lW6acFOIKvNjhthFMXqTIaWevt+w== Completed in 220ms
3881 timing metavuln:calculate:security-advisory:chokidar:JiXBFkEDkUnBQLw3PO6emUmmm2JXqgEbh+FhB3SNDS8k6Z0wM20irrfaOjjxYuMxZaKaDudvR037mtEoeqZzXw== Completed in 911ms
3882 timing metavuln:cache:get:security-advisory:youch:GCj7wAVwXmpdpHsZ3FBltk4ddq703nJZceXkq77o3f+gaNLubEhWMdGOuTbsQUIPAj4PXvzoyIJlnaLab4wWyA== Completed in 15ms
3883 timing metavuln:cache:get:security-advisory:light-my-request:UfYeYMGFnlVOh6z1dqFizSqjGi7YyyQMRc3JQ1VnZ/OBVx1zGC6e+b6mEKG/IaRMMtjP5WJ2749QJ6iB38mozA== Completed in 19ms
3884 http fetch GET 200 https://registry.npmjs.org/youch 301ms (cache miss)
3885 timing metavuln:packument:youch Completed in 304ms
3886 timing metavuln:load:security-advisory:youch:EFt7h/FZLeopARa06+F2CBY5ItUm007mP/cHgZjTJZX1MeIwg3JD7toSioRoDeE8wm5VdkimqlS+CnuPhZqbIg== Completed in 2ms
3887 http fetch GET 200 https://registry.npmjs.org/light-my-request 367ms (cache miss)
3888 timing metavuln:packument:light-my-request Completed in 375ms
3889 timing metavuln:load:security-advisory:light-my-request:EFt7h/FZLeopARa06+F2CBY5ItUm007mP/cHgZjTJZX1MeIwg3JD7toSioRoDeE8wm5VdkimqlS+CnuPhZqbIg== Completed in 2ms
3890 timing metavuln:cache:put:security-advisory:youch:GCj7wAVwXmpdpHsZ3FBltk4ddq703nJZceXkq77o3f+gaNLubEhWMdGOuTbsQUIPAj4PXvzoyIJlnaLab4wWyA== Completed in 232ms
3891 timing metavuln:calculate:security-advisory:youch:EFt7h/FZLeopARa06+F2CBY5ItUm007mP/cHgZjTJZX1MeIwg3JD7toSioRoDeE8wm5VdkimqlS+CnuPhZqbIg== Completed in 541ms
3892 timing metavuln:cache:put:security-advisory:light-my-request:UfYeYMGFnlVOh6z1dqFizSqjGi7YyyQMRc3JQ1VnZ/OBVx1zGC6e+b6mEKG/IaRMMtjP5WJ2749QJ6iB38mozA== Completed in 215ms
3893 timing metavuln:calculate:security-advisory:light-my-request:EFt7h/FZLeopARa06+F2CBY5ItUm007mP/cHgZjTJZX1MeIwg3JD7toSioRoDeE8wm5VdkimqlS+CnuPhZqbIg== Completed in 596ms
3894 timing metavuln:cache:get:security-advisory:foreground-child:cZpBeVkHEpw8jHC+EKy88Laxrd1ur7RE5Fx7lVjtRJXjrwMFQVN00FKtYlT+IVZhQkq/19Fig8voVSYNZLEz1A== Completed in 14ms
3895 timing metavuln:cache:get:security-advisory:eslint:Ne/yNy0L08mqT6jqvFBG8ZHWrqAHuxGdNEOgZtub3Su4R2LUTaqbxpX8S30zZ7tis85Jmwxbqft0hpk4j9A12Q== Completed in 16ms
3896 timing metavuln:load:security-advisory:eslint:PBcc/5P1UEO/1Ba/jUNR65wOzs1wU0Y+m+OOSfB57dG5EajzjbqRMRm0l7MWqcJgHDYM5GoZ36Hm7qAYFlIH3A== Completed in 7ms
3897 timing metavuln:cache:get:security-advisory:execa:NWBEPrq1Krr7nahht+VdDSoXe5QCSkDBW+KpXfGL4TrZAModumScH8x3aPKXTD343uDMIN2l7nchl5/7a95SBQ== Completed in 24ms
3898 timing metavuln:cache:get:security-advisory:spawn-please:BphxFlmJVCef0edSeSF2BBo1sZe5hLcWnzmHf+irjeKMNwbxNw9WEGlLkVE/W1BkHcitZjhQlZeuv4+pMFyKkA== Completed in 24ms
3899 timing metavuln:cache:get:security-advisory:webpack-cli:H2hTN4ZrDsX5Zga3r5FRbvgrU/fAJrT+jD7Bz8Z/htxanE2nyrKoffoyQCLOAfjqlf9EjPscG8l86nb6rOFcdg== Completed in 23ms
3900 timing metavuln:cache:put:security-advisory:eslint:Ne/yNy0L08mqT6jqvFBG8ZHWrqAHuxGdNEOgZtub3Su4R2LUTaqbxpX8S30zZ7tis85Jmwxbqft0hpk4j9A12Q== Completed in 212ms
3901 timing metavuln:calculate:security-advisory:eslint:PBcc/5P1UEO/1Ba/jUNR65wOzs1wU0Y+m+OOSfB57dG5EajzjbqRMRm0l7MWqcJgHDYM5GoZ36Hm7qAYFlIH3A== Completed in 237ms
3902 http fetch GET 200 https://registry.npmjs.org/foreground-child 273ms (cache miss)
3903 timing metavuln:packument:foreground-child Completed in 276ms
3904 timing metavuln:load:security-advisory:foreground-child:PBcc/5P1UEO/1Ba/jUNR65wOzs1wU0Y+m+OOSfB57dG5EajzjbqRMRm0l7MWqcJgHDYM5GoZ36Hm7qAYFlIH3A== Completed in 1ms
3905 http fetch GET 200 https://registry.npmjs.org/execa 326ms (cache miss)
3906 timing metavuln:packument:execa Completed in 332ms
3907 timing metavuln:load:security-advisory:execa:PBcc/5P1UEO/1Ba/jUNR65wOzs1wU0Y+m+OOSfB57dG5EajzjbqRMRm0l7MWqcJgHDYM5GoZ36Hm7qAYFlIH3A== Completed in 1ms
3908 http fetch GET 200 https://registry.npmjs.org/spawn-please 421ms (cache miss)
3909 timing metavuln:packument:spawn-please Completed in 423ms
3910 timing metavuln:load:security-advisory:spawn-please:PBcc/5P1UEO/1Ba/jUNR65wOzs1wU0Y+m+OOSfB57dG5EajzjbqRMRm0l7MWqcJgHDYM5GoZ36Hm7qAYFlIH3A== Completed in 0ms
3911 http fetch GET 200 https://registry.npmjs.org/caniuse-lite/-/caniuse-lite-1.0.30001612.tgz 97999ms (cache miss)
3912 timing metavuln:cache:put:security-advisory:foreground-child:cZpBeVkHEpw8jHC+EKy88Laxrd1ur7RE5Fx7lVjtRJXjrwMFQVN00FKtYlT+IVZhQkq/19Fig8voVSYNZLEz1A== Completed in 174ms
3913 timing metavuln:calculate:security-advisory:foreground-child:PBcc/5P1UEO/1Ba/jUNR65wOzs1wU0Y+m+OOSfB57dG5EajzjbqRMRm0l7MWqcJgHDYM5GoZ36Hm7qAYFlIH3A== Completed in 454ms
3914 timing reifyNode:node_modules/caniuse-lite Completed in 100508ms
3915 http fetch GET 200 https://registry.npmjs.org/webpack-cli 466ms (cache miss)
3916 timing metavuln:packument:webpack-cli Completed in 472ms
3917 timing metavuln:load:security-advisory:webpack-cli:PBcc/5P1UEO/1Ba/jUNR65wOzs1wU0Y+m+OOSfB57dG5EajzjbqRMRm0l7MWqcJgHDYM5GoZ36Hm7qAYFlIH3A== Completed in 2ms
3918 timing metavuln:cache:put:security-advisory:execa:NWBEPrq1Krr7nahht+VdDSoXe5QCSkDBW+KpXfGL4TrZAModumScH8x3aPKXTD343uDMIN2l7nchl5/7a95SBQ== Completed in 169ms
3919 timing metavuln:calculate:security-advisory:execa:PBcc/5P1UEO/1Ba/jUNR65wOzs1wU0Y+m+OOSfB57dG5EajzjbqRMRm0l7MWqcJgHDYM5GoZ36Hm7qAYFlIH3A== Completed in 505ms
3920 http fetch GET 200 https://registry.npmjs.org/lodash/-/lodash-4.17.21.tgz 98410ms (cache miss)
3921 timing metavuln:cache:put:security-advisory:spawn-please:BphxFlmJVCef0edSeSF2BBo1sZe5hLcWnzmHf+irjeKMNwbxNw9WEGlLkVE/W1BkHcitZjhQlZeuv4+pMFyKkA== Completed in 161ms
3922 timing metavuln:calculate:security-advisory:spawn-please:PBcc/5P1UEO/1Ba/jUNR65wOzs1wU0Y+m+OOSfB57dG5EajzjbqRMRm0l7MWqcJgHDYM5GoZ36Hm7qAYFlIH3A== Completed in 586ms
3923 timing reifyNode:node_modules/lodash Completed in 100661ms
3924 timing metavuln:cache:put:security-advisory:webpack-cli:H2hTN4ZrDsX5Zga3r5FRbvgrU/fAJrT+jD7Bz8Z/htxanE2nyrKoffoyQCLOAfjqlf9EjPscG8l86nb6rOFcdg== Completed in 134ms
3925 timing metavuln:calculate:security-advisory:webpack-cli:PBcc/5P1UEO/1Ba/jUNR65wOzs1wU0Y+m+OOSfB57dG5EajzjbqRMRm0l7MWqcJgHDYM5GoZ36Hm7qAYFlIH3A== Completed in 613ms
3926 timing metavuln:cache:get:security-advisory:sequelize:2c+7MTiFWSUCJPZxAs7noUYJMH/zTVc+k+d+icdT1NTlCxv5zo3ztT6FpxiyBnOHFRUNoxc6nR/Q0/DZwqqSKA== Completed in 5ms
3927 timing metavuln:load:security-advisory:sequelize:0ACVlgh2XixrZ76V6Aw4AGmXe/vScI8AGIUQKFGZaYZxp4MyNabKSDBfLcT9XlERSFeHYQ9hiMRtZaHo1b3mTw== Completed in 10ms
3928 timing metavuln:cache:put:security-advisory:sequelize:2c+7MTiFWSUCJPZxAs7noUYJMH/zTVc+k+d+icdT1NTlCxv5zo3ztT6FpxiyBnOHFRUNoxc6nR/Q0/DZwqqSKA== Completed in 112ms
3929 timing metavuln:calculate:security-advisory:sequelize:0ACVlgh2XixrZ76V6Aw4AGmXe/vScI8AGIUQKFGZaYZxp4MyNabKSDBfLcT9XlERSFeHYQ9hiMRtZaHo1b3mTw== Completed in 131ms
3930 timing metavuln:cache:get:security-advisory:fastify-cli:QaslBeMuAEoSjIJGc7+wAYc4T7XpFaCnbJI8/c0a2JIyJvbwAad9SK12c7/eNgGCnrx8g4UQ77MsJaZXoAIODA== Completed in 3ms
3931 http fetch GET 200 https://registry.npmjs.org/webpack/-/webpack-5.91.0.tgz 99130ms (cache miss)
3932 timing reifyNode:node_modules/webpack Completed in 101114ms
3933 http fetch GET 200 https://registry.npmjs.org/fastify-cli 374ms (cache miss)
3934 timing metavuln:packument:fastify-cli Completed in 378ms
3935 timing metavuln:load:security-advisory:fastify-cli:5OdrwYv5Xzq+rI3bchsuaHIz85Yyo5gTdhOrQGf2Em7pRhXXR2ur0R7W7qQ6UpWsSxuRBW8Fdp57dyqUhR5/yw== Completed in 23ms
3936 timing metavuln:cache:put:security-advisory:fastify-cli:QaslBeMuAEoSjIJGc7+wAYc4T7XpFaCnbJI8/c0a2JIyJvbwAad9SK12c7/eNgGCnrx8g4UQ77MsJaZXoAIODA== Completed in 90ms
3937 timing metavuln:calculate:security-advisory:fastify-cli:5OdrwYv5Xzq+rI3bchsuaHIz85Yyo5gTdhOrQGf2Em7pRhXXR2ur0R7W7qQ6UpWsSxuRBW8Fdp57dyqUhR5/yw== Completed in 492ms
3938 timing metavuln:cache:get:security-advisory:fastify:r+d4AOedJNNM2JvdD79Tj/5Xqtya7yxHwFWKqG0+AJKMFl1K4au+8puJfPaPI6uOm9P0a/JHng7JwWmTuMXQJg== Completed in 7ms
3939 timing metavuln:load:security-advisory:fastify:ncPGiupWBmuLy3osYbi6NeA3zAkV0H2ETbz204QySGfjGMvhOUrckXpvAqjVyzsYU9NNJZrPHuMSulTPi+/bfw== Completed in 15ms
3940 timing metavuln:cache:put:security-advisory:fastify:r+d4AOedJNNM2JvdD79Tj/5Xqtya7yxHwFWKqG0+AJKMFl1K4au+8puJfPaPI6uOm9P0a/JHng7JwWmTuMXQJg== Completed in 93ms
3941 timing metavuln:calculate:security-advisory:fastify:ncPGiupWBmuLy3osYbi6NeA3zAkV0H2ETbz204QySGfjGMvhOUrckXpvAqjVyzsYU9NNJZrPHuMSulTPi+/bfw== Completed in 116ms
3942 timing metavuln:cache:get:security-advisory:flat-cache:JhiW4rt37xHiozZ7KHa24qUwDKaqeEmfEKkkfEIx/3FvJpogNevZOLgbh2yXpecOg6mIB2Ykrg7bF88g6uOdtQ== Completed in 2ms
3943 http fetch GET 200 https://registry.npmjs.org/flat-cache 178ms (cache miss)
3944 timing metavuln:packument:flat-cache Completed in 180ms
3945 timing metavuln:load:security-advisory:flat-cache:oa7V2KnuHnLCPcrXFvcQLRAa1NASGJm9yZ+B92xpfwxan7PZyVrZjYAHt6LB51PFfA2mM8KGE+VHR+U5X/2uZw== Completed in 3ms
3946 timing metavuln:cache:put:security-advisory:flat-cache:JhiW4rt37xHiozZ7KHa24qUwDKaqeEmfEKkkfEIx/3FvJpogNevZOLgbh2yXpecOg6mIB2Ykrg7bF88g6uOdtQ== Completed in 97ms
3947 timing metavuln:calculate:security-advisory:flat-cache:oa7V2KnuHnLCPcrXFvcQLRAa1NASGJm9yZ+B92xpfwxan7PZyVrZjYAHt6LB51PFfA2mM8KGE+VHR+U5X/2uZw== Completed in 282ms
3948 http fetch GET 200 https://registry.npmjs.org/sodium-native/-/sodium-native-4.1.1.tgz 99705ms (cache miss)
3949 timing metavuln:cache:get:security-advisory:socks:re7e5WgYC0N2yCcyKEpIVOef1b0RSDx7Y0SpqokON2S0og4NBc+basQ12t25Rom7giF5cYm2S3iMuCSJlhszhQ== Completed in 5ms
3950 timing reifyNode:node_modules/sodium-native Completed in 101763ms
3951 http fetch GET 200 https://registry.npmjs.org/socks 143ms (cache miss)
3952 timing metavuln:packument:socks Completed in 147ms
3953 timing metavuln:load:security-advisory:socks:FcMhhitnipE8n5zCPiVRq2NLRNmu7UZkoO9lrM5CRC/emGwY5wSoa1+q1Q1Z8SPpfXO9tzox/MNRv7luhyJvqg== Completed in 2ms
3954 timing metavuln:cache:put:security-advisory:socks:re7e5WgYC0N2yCcyKEpIVOef1b0RSDx7Y0SpqokON2S0og4NBc+basQ12t25Rom7giF5cYm2S3iMuCSJlhszhQ== Completed in 101ms
3955 timing metavuln:calculate:security-advisory:socks:FcMhhitnipE8n5zCPiVRq2NLRNmu7UZkoO9lrM5CRC/emGwY5wSoa1+q1Q1Z8SPpfXO9tzox/MNRv7luhyJvqg== Completed in 251ms
3956 timing metavuln:cache:get:security-advisory:concurrently:jiZST4CUOZqAcB148diLa/4Cl5k4iCySK9zdGlvkCsjY7gOsOKgF1bXrv0HVQ59659xB7IRMqiwz7OjSmmlI2A== Completed in 5ms
3957 timing metavuln:cache:get:security-advisory:fastify-method-override:Bqz+OF3vj0F87stMKdz1zylGKE8NtgbAnp+RZ3DJo39FnbGBc9ivPmiN5C555vtAiYaLfttwTSWvQJASKYlV+g== Completed in 4ms
3958 timing metavuln:cache:get:security-advisory:knex:xzQLfa/l/BfN0UEm9OtwynMKedL9/kO38LYgtlMfN1NRGlgdM9PLi7IBDcrEUwXptCI+3DFMsmKvgOBQABYQIg== Completed in 4ms
3959 timing metavuln:cache:get:security-advisory:npm-check-updates:A6NzIFMr80r0b1G9uUOQ0/grfi8yyFDdzuwuYW8DK9LvNPoFVCV/JNyfXSOvhpY4YoiS1cD5RZNrCp4jVIMUcA== Completed in 3ms
3960 timing metavuln:load:security-advisory:npm-check-updates:OGNA5lR8rR8aeucWHqvJLBV5oaroI/lF2JfG9J2l63dx9uiGUyHuI4ymC6nv+dqWwxtqCIMcqBukiWYEiF5/RQ== Completed in 10ms
3961 timing metavuln:cache:get:security-advisory:sequelize:r0MmEGzxD6KLAwNM3KBOGbsgcIwLr/u67tvBlP/WGRII+/x23SPDMJr9YFGH4PZnjbGjd3bV0ODq63Uq+hGltQ== Completed in 15ms
3962 timing metavuln:load:security-advisory:sequelize:OGNA5lR8rR8aeucWHqvJLBV5oaroI/lF2JfG9J2l63dx9uiGUyHuI4ymC6nv+dqWwxtqCIMcqBukiWYEiF5/RQ== Completed in 14ms
3963 timing metavuln:cache:get:security-advisory:sequelize-cli:3hCNawRrl1ZM9szQIsCm0ai0rc4PV/6RtC9zvtR1XrrMTkmgViBTBXBxUsZapXSIBuUSRRFcJTnmgRvBUf/9nA== Completed in 31ms
3964 timing metavuln:cache:put:security-advisory:npm-check-updates:A6NzIFMr80r0b1G9uUOQ0/grfi8yyFDdzuwuYW8DK9LvNPoFVCV/JNyfXSOvhpY4YoiS1cD5RZNrCp4jVIMUcA== Completed in 110ms
3965 timing metavuln:calculate:security-advisory:npm-check-updates:OGNA5lR8rR8aeucWHqvJLBV5oaroI/lF2JfG9J2l63dx9uiGUyHuI4ymC6nv+dqWwxtqCIMcqBukiWYEiF5/RQ== Completed in 126ms
3966 timing metavuln:cache:put:security-advisory:sequelize:r0MmEGzxD6KLAwNM3KBOGbsgcIwLr/u67tvBlP/WGRII+/x23SPDMJr9YFGH4PZnjbGjd3bV0ODq63Uq+hGltQ== Completed in 98ms
3967 timing metavuln:calculate:security-advisory:sequelize:OGNA5lR8rR8aeucWHqvJLBV5oaroI/lF2JfG9J2l63dx9uiGUyHuI4ymC6nv+dqWwxtqCIMcqBukiWYEiF5/RQ== Completed in 129ms
3968 http fetch GET 200 https://registry.npmjs.org/concurrently 204ms (cache miss)
3969 timing metavuln:packument:concurrently Completed in 207ms
3970 timing metavuln:load:security-advisory:concurrently:OGNA5lR8rR8aeucWHqvJLBV5oaroI/lF2JfG9J2l63dx9uiGUyHuI4ymC6nv+dqWwxtqCIMcqBukiWYEiF5/RQ== Completed in 2ms
3971 http fetch GET 200 https://registry.npmjs.org/sequelize-cli 245ms (cache miss)
3972 timing metavuln:packument:sequelize-cli Completed in 248ms
3973 timing metavuln:load:security-advisory:sequelize-cli:OGNA5lR8rR8aeucWHqvJLBV5oaroI/lF2JfG9J2l63dx9uiGUyHuI4ymC6nv+dqWwxtqCIMcqBukiWYEiF5/RQ== Completed in 3ms
3974 timing metavuln:cache:put:security-advisory:concurrently:jiZST4CUOZqAcB148diLa/4Cl5k4iCySK9zdGlvkCsjY7gOsOKgF1bXrv0HVQ59659xB7IRMqiwz7OjSmmlI2A== Completed in 85ms
3975 timing metavuln:calculate:security-advisory:concurrently:OGNA5lR8rR8aeucWHqvJLBV5oaroI/lF2JfG9J2l63dx9uiGUyHuI4ymC6nv+dqWwxtqCIMcqBukiWYEiF5/RQ== Completed in 295ms
3976 http fetch GET 200 https://registry.npmjs.org/knex 318ms (cache miss)
3977 timing metavuln:packument:knex Completed in 326ms
3978 timing metavuln:load:security-advisory:knex:OGNA5lR8rR8aeucWHqvJLBV5oaroI/lF2JfG9J2l63dx9uiGUyHuI4ymC6nv+dqWwxtqCIMcqBukiWYEiF5/RQ== Completed in 3ms
3979 timing metavuln:cache:put:security-advisory:sequelize-cli:3hCNawRrl1ZM9szQIsCm0ai0rc4PV/6RtC9zvtR1XrrMTkmgViBTBXBxUsZapXSIBuUSRRFcJTnmgRvBUf/9nA== Completed in 83ms
3980 timing metavuln:calculate:security-advisory:sequelize-cli:OGNA5lR8rR8aeucWHqvJLBV5oaroI/lF2JfG9J2l63dx9uiGUyHuI4ymC6nv+dqWwxtqCIMcqBukiWYEiF5/RQ== Completed in 335ms
3981 timing metavuln:cache:put:security-advisory:knex:xzQLfa/l/BfN0UEm9OtwynMKedL9/kO38LYgtlMfN1NRGlgdM9PLi7IBDcrEUwXptCI+3DFMsmKvgOBQABYQIg== Completed in 78ms
3982 timing metavuln:calculate:security-advisory:knex:OGNA5lR8rR8aeucWHqvJLBV5oaroI/lF2JfG9J2l63dx9uiGUyHuI4ymC6nv+dqWwxtqCIMcqBukiWYEiF5/RQ== Completed in 409ms
3983 http fetch GET 200 https://registry.npmjs.org/fastify-method-override 418ms (cache miss)
3984 timing metavuln:packument:fastify-method-override Completed in 420ms
3985 timing metavuln:load:security-advisory:fastify-method-override:OGNA5lR8rR8aeucWHqvJLBV5oaroI/lF2JfG9J2l63dx9uiGUyHuI4ymC6nv+dqWwxtqCIMcqBukiWYEiF5/RQ== Completed in 1ms
3986 timing metavuln:cache:put:security-advisory:fastify-method-override:Bqz+OF3vj0F87stMKdz1zylGKE8NtgbAnp+RZ3DJo39FnbGBc9ivPmiN5C555vtAiYaLfttwTSWvQJASKYlV+g== Completed in 85ms
3987 timing metavuln:calculate:security-advisory:fastify-method-override:OGNA5lR8rR8aeucWHqvJLBV5oaroI/lF2JfG9J2l63dx9uiGUyHuI4ymC6nv+dqWwxtqCIMcqBukiWYEiF5/RQ== Completed in 507ms
3988 timing metavuln:cache:get:security-advisory:jstransformer-markdown-it:QXbZ4xCbTC6gBpBNs7H/EvXk3F9ngURxnQlVqozhkTTei6TWNS+vuhLPZxwRHAMYkAOq4rwyeVSqGY5oqeI7cw== Completed in 5ms
3989 http fetch GET 200 https://registry.npmjs.org/jstransformer-markdown-it 379ms (cache miss)
3990 timing metavuln:packument:jstransformer-markdown-it Completed in 381ms
3991 timing metavuln:load:security-advisory:jstransformer-markdown-it:745Vt4mrHCdT8gFHVh7oHROmP4aH4fErXXhbpeVBhtIHmsxTVI7P3rJSdfXZ1iZTBS6GEnTERL4OWUfc4Co9jQ== Completed in 2ms
3992 timing metavuln:cache:put:security-advisory:jstransformer-markdown-it:QXbZ4xCbTC6gBpBNs7H/EvXk3F9ngURxnQlVqozhkTTei6TWNS+vuhLPZxwRHAMYkAOq4rwyeVSqGY5oqeI7cw== Completed in 84ms
3993 timing metavuln:calculate:security-advisory:jstransformer-markdown-it:745Vt4mrHCdT8gFHVh7oHROmP4aH4fErXXhbpeVBhtIHmsxTVI7P3rJSdfXZ1iZTBS6GEnTERL4OWUfc4Co9jQ== Completed in 478ms
3994 timing metavuln:cache:get:security-advisory:@jest/transform:frAXQpmFOgCLjrxLELwz/nGg5XiK/ZNDWwX3TPmrK4kjdo/GsnOnUL1px5EXlvvS4e0p7qsR8mhVO87fIAkI8w== Completed in 5ms
3995 timing metavuln:cache:get:security-advisory:@jest/core:03W5UBAiciMv+HbF52DVjKaiJDsW8n4o9l0N1bD9irL9aHp0XpkH6yRZbIXa21hJn/+RFQL1MCcLgDa/4eDK4w== Completed in 7ms
3996 timing metavuln:cache:get:security-advisory:fast-glob:AbqaRkH/ah2E63AlsHQoSe4rzDu85g3nQo2oOGK8mDPpx8ODN4CyFz62hpRucknVgKWSODuNhHcd4w2oWa9y3w== Completed in 5ms
3997 timing metavuln:cache:get:security-advisory:jest-config:PG5LJK++mIH2P5/BoeATw87eF+FfSdFbgEqp2CbnYYA8L17aFlVzq09vZtR3BFwoyR+3hWRZY28YfyQmAblGOg== Completed in 5ms
3998 timing metavuln:cache:get:security-advisory:jest-haste-map:jM3bS1o4htRu+ACRH1gcErU4U2Iaalvaat1pZmyWiirmghW1371hURc/aE7fgn6m9mU4kt8GRZ0gy4wwGUZ7mQ== Completed in 4ms
3999 timing metavuln:cache:get:security-advisory:jest-message-util:9e3+mtFMiM85wWr/OL6NNUJH/DnoduwxZZ0/PtDHjHEr2KrplOGkwoZ+9A9Of+V7gemgG4bDnVLxA6nt6hgQOQ== Completed in 3ms
4000 http fetch GET 200 https://registry.npmjs.org/fast-glob 186ms (cache miss)
4001 timing metavuln:packument:fast-glob Completed in 189ms
4002 timing metavuln:load:security-advisory:fast-glob:TlYHmS8BZBwkbsPHbTfH2/e91KJnOnqfC63ZoKdiRy+yt6biPd8BwjBdyfPUht1+ZO675I3Gg00RQPYaWiOm8Q== Completed in 4ms
4003 http fetch GET 200 https://registry.npmjs.org/@jest%2ftransform 273ms (cache miss)
4004 timing metavuln:packument:@jest/transform Completed in 277ms
4005 timing metavuln:load:security-advisory:@jest/transform:TlYHmS8BZBwkbsPHbTfH2/e91KJnOnqfC63ZoKdiRy+yt6biPd8BwjBdyfPUht1+ZO675I3Gg00RQPYaWiOm8Q== Completed in 4ms
4006 http fetch GET 200 https://registry.npmjs.org/jest-message-util 279ms (cache miss)
4007 timing metavuln:packument:jest-message-util Completed in 283ms
4008 timing metavuln:load:security-advisory:jest-message-util:TlYHmS8BZBwkbsPHbTfH2/e91KJnOnqfC63ZoKdiRy+yt6biPd8BwjBdyfPUht1+ZO675I3Gg00RQPYaWiOm8Q== Completed in 4ms
4009 http fetch GET 200 https://registry.npmjs.org/jest-haste-map 297ms (cache miss)
4010 timing metavuln:packument:jest-haste-map Completed in 301ms
4011 timing metavuln:load:security-advisory:jest-haste-map:TlYHmS8BZBwkbsPHbTfH2/e91KJnOnqfC63ZoKdiRy+yt6biPd8BwjBdyfPUht1+ZO675I3Gg00RQPYaWiOm8Q== Completed in 7ms
4012 timing metavuln:cache:put:security-advisory:fast-glob:AbqaRkH/ah2E63AlsHQoSe4rzDu85g3nQo2oOGK8mDPpx8ODN4CyFz62hpRucknVgKWSODuNhHcd4w2oWa9y3w== Completed in 118ms
4013 timing metavuln:calculate:security-advisory:fast-glob:TlYHmS8BZBwkbsPHbTfH2/e91KJnOnqfC63ZoKdiRy+yt6biPd8BwjBdyfPUht1+ZO675I3Gg00RQPYaWiOm8Q== Completed in 312ms
4014 http fetch GET 200 https://registry.npmjs.org/jest-config 362ms (cache miss)
4015 timing metavuln:packument:jest-config Completed in 369ms
4016 timing metavuln:load:security-advisory:jest-config:TlYHmS8BZBwkbsPHbTfH2/e91KJnOnqfC63ZoKdiRy+yt6biPd8BwjBdyfPUht1+ZO675I3Gg00RQPYaWiOm8Q== Completed in 9ms
4017 http fetch GET 200 https://registry.npmjs.org/@jest%2fcore 381ms (cache miss)
4018 timing metavuln:packument:@jest/core Completed in 386ms
4019 timing metavuln:load:security-advisory:@jest/core:TlYHmS8BZBwkbsPHbTfH2/e91KJnOnqfC63ZoKdiRy+yt6biPd8BwjBdyfPUht1+ZO675I3Gg00RQPYaWiOm8Q== Completed in 2ms
4020 timing metavuln:cache:put:security-advisory:@jest/transform:frAXQpmFOgCLjrxLELwz/nGg5XiK/ZNDWwX3TPmrK4kjdo/GsnOnUL1px5EXlvvS4e0p7qsR8mhVO87fIAkI8w== Completed in 123ms
4021 timing metavuln:calculate:security-advisory:@jest/transform:TlYHmS8BZBwkbsPHbTfH2/e91KJnOnqfC63ZoKdiRy+yt6biPd8BwjBdyfPUht1+ZO675I3Gg00RQPYaWiOm8Q== Completed in 406ms
4022 timing metavuln:cache:put:security-advisory:jest-message-util:9e3+mtFMiM85wWr/OL6NNUJH/DnoduwxZZ0/PtDHjHEr2KrplOGkwoZ+9A9Of+V7gemgG4bDnVLxA6nt6hgQOQ== Completed in 118ms
4023 timing metavuln:calculate:security-advisory:jest-message-util:TlYHmS8BZBwkbsPHbTfH2/e91KJnOnqfC63ZoKdiRy+yt6biPd8BwjBdyfPUht1+ZO675I3Gg00RQPYaWiOm8Q== Completed in 408ms
4024 timing metavuln:cache:put:security-advisory:jest-haste-map:jM3bS1o4htRu+ACRH1gcErU4U2Iaalvaat1pZmyWiirmghW1371hURc/aE7fgn6m9mU4kt8GRZ0gy4wwGUZ7mQ== Completed in 111ms
4025 timing metavuln:calculate:security-advisory:jest-haste-map:TlYHmS8BZBwkbsPHbTfH2/e91KJnOnqfC63ZoKdiRy+yt6biPd8BwjBdyfPUht1+ZO675I3Gg00RQPYaWiOm8Q== Completed in 421ms
4026 timing metavuln:cache:put:security-advisory:jest-config:PG5LJK++mIH2P5/BoeATw87eF+FfSdFbgEqp2CbnYYA8L17aFlVzq09vZtR3BFwoyR+3hWRZY28YfyQmAblGOg== Completed in 80ms
4027 timing metavuln:calculate:security-advisory:jest-config:TlYHmS8BZBwkbsPHbTfH2/e91KJnOnqfC63ZoKdiRy+yt6biPd8BwjBdyfPUht1+ZO675I3Gg00RQPYaWiOm8Q== Completed in 459ms
4028 timing metavuln:cache:put:security-advisory:@jest/core:03W5UBAiciMv+HbF52DVjKaiJDsW8n4o9l0N1bD9irL9aHp0XpkH6yRZbIXa21hJn/+RFQL1MCcLgDa/4eDK4w== Completed in 90ms
4029 timing metavuln:calculate:security-advisory:@jest/core:TlYHmS8BZBwkbsPHbTfH2/e91KJnOnqfC63ZoKdiRy+yt6biPd8BwjBdyfPUht1+ZO675I3Gg00RQPYaWiOm8Q== Completed in 478ms
4030 timing metavuln:cache:get:security-advisory:postcss:tmHYDPE1UVxPaRKZT9ru10S2PG7HaFVF7Z4GmgB6cUo+mRoTCphDiou0e19GAujSzXwfRWgbN5N8PHmsKOoxPA== Completed in 2ms
4031 http fetch GET 200 https://registry.npmjs.org/postcss 234ms (cache miss)
4032 timing metavuln:packument:postcss Completed in 238ms
4033 timing metavuln:load:security-advisory:postcss:SvMVdtEUVO5ESues2DL9aEFMy6oMG+saOn/tNitKJcx7q7CvMfC5ZcstpC8dbnZl5KL/q/3pYBvQrAPBFsC+nQ== Completed in 6ms
4034 timing metavuln:cache:put:security-advisory:postcss:tmHYDPE1UVxPaRKZT9ru10S2PG7HaFVF7Z4GmgB6cUo+mRoTCphDiou0e19GAujSzXwfRWgbN5N8PHmsKOoxPA== Completed in 73ms
4035 timing metavuln:calculate:security-advisory:postcss:SvMVdtEUVO5ESues2DL9aEFMy6oMG+saOn/tNitKJcx7q7CvMfC5ZcstpC8dbnZl5KL/q/3pYBvQrAPBFsC+nQ== Completed in 318ms
4036 timing metavuln:cache:get:security-advisory:fastify-method-override:ZDPGuMazvs7qKrue/+ZVigiFmeut/y23hQFlb/kCvBjOt63fLVBVFAAWAmB/N3sEQF7bxjwt50HiQTTJGyEpvQ== Completed in 3ms
4037 timing metavuln:load:security-advisory:fastify-method-override:TmkHz1g6xKc2pnDD1h6+ZDKMikxz0M1BBY/wyR9ER8446AKOUk6gXjoSR2douZ5enAllzNSKaynTW1H+LBi1CA== Completed in 1ms
4038 timing metavuln:cache:get:security-advisory:fastify-reverse-routes:E14+sZiQmNHMZ8DBhBeAvQL9a79kH5VraBSPDUqz5BJQ9sR1+a7NBZxGmZfAePmakPx+9euK8Dee7Ub1dqaKYA== Completed in 6ms
4039 timing metavuln:cache:put:security-advisory:fastify-method-override:ZDPGuMazvs7qKrue/+ZVigiFmeut/y23hQFlb/kCvBjOt63fLVBVFAAWAmB/N3sEQF7bxjwt50HiQTTJGyEpvQ== Completed in 81ms
4040 timing metavuln:calculate:security-advisory:fastify-method-override:TmkHz1g6xKc2pnDD1h6+ZDKMikxz0M1BBY/wyR9ER8446AKOUk6gXjoSR2douZ5enAllzNSKaynTW1H+LBi1CA== Completed in 88ms
4041 http fetch GET 200 https://registry.npmjs.org/fastify-reverse-routes 368ms (cache miss)
4042 timing metavuln:packument:fastify-reverse-routes Completed in 370ms
4043 timing metavuln:load:security-advisory:fastify-reverse-routes:TmkHz1g6xKc2pnDD1h6+ZDKMikxz0M1BBY/wyR9ER8446AKOUk6gXjoSR2douZ5enAllzNSKaynTW1H+LBi1CA== Completed in 0ms
4044 timing metavuln:cache:put:security-advisory:fastify-reverse-routes:E14+sZiQmNHMZ8DBhBeAvQL9a79kH5VraBSPDUqz5BJQ9sR1+a7NBZxGmZfAePmakPx+9euK8Dee7Ub1dqaKYA== Completed in 91ms
4045 timing metavuln:calculate:security-advisory:fastify-reverse-routes:TmkHz1g6xKc2pnDD1h6+ZDKMikxz0M1BBY/wyR9ER8446AKOUk6gXjoSR2douZ5enAllzNSKaynTW1H+LBi1CA== Completed in 465ms
4046 timing metavuln:cache:get:security-advisory:pug:Bod8uHjOpAFcodGsdvWZubJRAED6zypMgl3ly6hCbBJ4kIFKsF2l0fd9HBsYkM1DJmjCj+BxWBZMHfDPYyrFRQ== Completed in 4ms
4047 timing metavuln:load:security-advisory:pug:jYtA+ua4XfswkuObBtnwWn2fYvQUK4ca+Iv1+bqgs4mXRLiX4zUdwwNSawL0T4CvKtEq8q6TFgvFydQ8OKg+/Q== Completed in 3ms
4048 timing metavuln:cache:put:security-advisory:pug:Bod8uHjOpAFcodGsdvWZubJRAED6zypMgl3ly6hCbBJ4kIFKsF2l0fd9HBsYkM1DJmjCj+BxWBZMHfDPYyrFRQ== Completed in 88ms
4049 timing metavuln:calculate:security-advisory:pug:jYtA+ua4XfswkuObBtnwWn2fYvQUK4ca+Iv1+bqgs4mXRLiX4zUdwwNSawL0T4CvKtEq8q6TFgvFydQ8OKg+/Q== Completed in 96ms
4050 timing metavuln:cache:get:security-advisory:terser-webpack-plugin:329sgNMopuugPFiEvSVitHHehdTr5nHB47XwDe3JfAo+J6Nc9SQhgI2F9XPbnv2SVTzEoWYsaJ8lBj3HmQYXeg== Completed in 2ms
4051 http fetch GET 200 https://registry.npmjs.org/terser-webpack-plugin 180ms (cache miss)
4052 timing metavuln:packument:terser-webpack-plugin Completed in 184ms
4053 timing metavuln:load:security-advisory:terser-webpack-plugin:VNhzhjSQJJPSfVWQUXMpEy6hsW23faurQllLlGbSJ7QrUHjncb9PKDTQYw8APRVBzMug+7YJc5EWXV6SYvPIiw== Completed in 4ms
4054 timing metavuln:cache:put:security-advisory:terser-webpack-plugin:329sgNMopuugPFiEvSVitHHehdTr5nHB47XwDe3JfAo+J6Nc9SQhgI2F9XPbnv2SVTzEoWYsaJ8lBj3HmQYXeg== Completed in 87ms
4055 timing metavuln:calculate:security-advisory:terser-webpack-plugin:VNhzhjSQJJPSfVWQUXMpEy6hsW23faurQllLlGbSJ7QrUHjncb9PKDTQYw8APRVBzMug+7YJc5EWXV6SYvPIiw== Completed in 276ms
4056 timing metavuln:cache:get:security-advisory:cacache:xvJIWB5/FY/DmZpxvmgqyq49qJv5ggEb6QVj3OY5ousoMlm27iLo5bVkFK9lSFNIWe3eU5heX0nWjs8DbT01mg== Completed in 6ms
4057 timing metavuln:load:security-advisory:cacache:qPQeYPFDBIedTWfYK3sbnScF6Ha7ouTs+wgndnz4PT5P+/K+GBD4epoPcYpXlu6AC7gSJlCJTJeuKbYAFoK9PA== Completed in 6ms
4058 timing metavuln:cache:get:security-advisory:node-gyp:l/WeQkAPWJ0/mHENc58u9JNvnzqgqXWhnfEbUs8zhmL1UmoofkwGw4482B1GnFfApFQ5hXpUDaLf7UIPw6jpww== Completed in 12ms
4059 timing metavuln:cache:get:security-advisory:pacote:YEGC2tr63UMpFVgVz0cNuFV3bU8S49mLN9fSXNf8TSeZFIG2IIlfze6ewtj1AcnmZfEVnbmO+QJdA95V6mwuNA== Completed in 13ms
4060 timing metavuln:cache:get:security-advisory:sqlite3:d9OlV91FQiPngyARVJjb2c1N1Zd+BlUG/6hW/AboVLzuuz9zlq5RBmHPTvImBXKQlYn4hJ5/GOcjonk0bZFabg== Completed in 14ms
4061 timing metavuln:cache:put:security-advisory:cacache:xvJIWB5/FY/DmZpxvmgqyq49qJv5ggEb6QVj3OY5ousoMlm27iLo5bVkFK9lSFNIWe3eU5heX0nWjs8DbT01mg== Completed in 103ms
4062 timing metavuln:calculate:security-advisory:cacache:qPQeYPFDBIedTWfYK3sbnScF6Ha7ouTs+wgndnz4PT5P+/K+GBD4epoPcYpXlu6AC7gSJlCJTJeuKbYAFoK9PA== Completed in 116ms
4063 http fetch GET 200 https://registry.npmjs.org/sqlite3 219ms (cache miss)
4064 timing metavuln:packument:sqlite3 Completed in 222ms
4065 timing metavuln:load:security-advisory:sqlite3:qPQeYPFDBIedTWfYK3sbnScF6Ha7ouTs+wgndnz4PT5P+/K+GBD4epoPcYpXlu6AC7gSJlCJTJeuKbYAFoK9PA== Completed in 2ms
4066 http fetch GET 200 https://registry.npmjs.org/node-gyp 240ms (cache miss)
4067 timing metavuln:packument:node-gyp Completed in 242ms
4068 timing metavuln:load:security-advisory:node-gyp:qPQeYPFDBIedTWfYK3sbnScF6Ha7ouTs+wgndnz4PT5P+/K+GBD4epoPcYpXlu6AC7gSJlCJTJeuKbYAFoK9PA== Completed in 6ms
4069 http fetch GET 200 https://registry.npmjs.org/pacote 313ms (cache miss)
4070 timing metavuln:packument:pacote Completed in 317ms
4071 timing metavuln:load:security-advisory:pacote:qPQeYPFDBIedTWfYK3sbnScF6Ha7ouTs+wgndnz4PT5P+/K+GBD4epoPcYpXlu6AC7gSJlCJTJeuKbYAFoK9PA== Completed in 7ms
4072 timing metavuln:cache:put:security-advisory:sqlite3:d9OlV91FQiPngyARVJjb2c1N1Zd+BlUG/6hW/AboVLzuuz9zlq5RBmHPTvImBXKQlYn4hJ5/GOcjonk0bZFabg== Completed in 99ms
4073 timing metavuln:calculate:security-advisory:sqlite3:qPQeYPFDBIedTWfYK3sbnScF6Ha7ouTs+wgndnz4PT5P+/K+GBD4epoPcYpXlu6AC7gSJlCJTJeuKbYAFoK9PA== Completed in 326ms
4074 timing metavuln:cache:put:security-advisory:node-gyp:l/WeQkAPWJ0/mHENc58u9JNvnzqgqXWhnfEbUs8zhmL1UmoofkwGw4482B1GnFfApFQ5hXpUDaLf7UIPw6jpww== Completed in 97ms
4075 timing metavuln:calculate:security-advisory:node-gyp:qPQeYPFDBIedTWfYK3sbnScF6Ha7ouTs+wgndnz4PT5P+/K+GBD4epoPcYpXlu6AC7gSJlCJTJeuKbYAFoK9PA== Completed in 347ms
4076 timing metavuln:cache:put:security-advisory:pacote:YEGC2tr63UMpFVgVz0cNuFV3bU8S49mLN9fSXNf8TSeZFIG2IIlfze6ewtj1AcnmZfEVnbmO+QJdA95V6mwuNA== Completed in 86ms
4077 timing metavuln:calculate:security-advisory:pacote:qPQeYPFDBIedTWfYK3sbnScF6Ha7ouTs+wgndnz4PT5P+/K+GBD4epoPcYpXlu6AC7gSJlCJTJeuKbYAFoK9PA== Completed in 413ms
4078 timing metavuln:cache:get:security-advisory:prebuild-install:jRqqdHWbOREw15H5SdurWE62CscvPSSYzDYeqtuoOjAS5T4a/EWVlt/5yu0vDTLEYuFXij3+w7qsCx2Gdyt/0A== Completed in 3ms
4079 http fetch GET 200 https://registry.npmjs.org/prebuild-install 162ms (cache miss)
4080 timing metavuln:packument:prebuild-install Completed in 165ms
4081 timing metavuln:load:security-advisory:prebuild-install:cvuUIK3mvYU/u7TShVqDjuuoWy7Jgl2iyysqZzndeGLLwvbCDiePQ/rot9wwSNqpYc8yRaszF/7dU1Uelp1dUw== Completed in 2ms
4082 timing metavuln:cache:put:security-advisory:prebuild-install:jRqqdHWbOREw15H5SdurWE62CscvPSSYzDYeqtuoOjAS5T4a/EWVlt/5yu0vDTLEYuFXij3+w7qsCx2Gdyt/0A== Completed in 87ms
4083 timing metavuln:calculate:security-advisory:prebuild-install:cvuUIK3mvYU/u7TShVqDjuuoWy7Jgl2iyysqZzndeGLLwvbCDiePQ/rot9wwSNqpYc8yRaszF/7dU1Uelp1dUw== Completed in 255ms
4084 timing metavuln:cache:get:security-advisory:sequelize:WP/J+bn63vzyhlFPu4gR5kILxEgdoa3SkHTx4OxjNEQkXzXPPFWVnAe7UrJ7qQH9YqkETnZXjCoBObFPCIcNYg== Completed in 3ms
4085 timing metavuln:load:security-advisory:sequelize:IkyJOqfhkev0E9tRX4zbgkqtsxJX67cd4upO2f1EheDpncnx522qyf9oLyXwjDcWGeZOQHSqJUAh/kUyYH60qQ== Completed in 29ms
4086 timing metavuln:cache:put:security-advisory:sequelize:WP/J+bn63vzyhlFPu4gR5kILxEgdoa3SkHTx4OxjNEQkXzXPPFWVnAe7UrJ7qQH9YqkETnZXjCoBObFPCIcNYg== Completed in 90ms
4087 timing metavuln:calculate:security-advisory:sequelize:IkyJOqfhkev0E9tRX4zbgkqtsxJX67cd4upO2f1EheDpncnx522qyf9oLyXwjDcWGeZOQHSqJUAh/kUyYH60qQ== Completed in 122ms
4088 timing metavuln:cache:get:security-advisory:@webpack-cli/configtest:b4m8NuooYTIA52NRofpykXKsNJXhI/hZokfJmZK3eMyZ91+Gy7N4DTPkKnSOjHMTDNtz3tKcpUaQlXgYolFajw== Completed in 9ms
4089 timing metavuln:cache:get:security-advisory:@webpack-cli/info:4Ds6078ZextuCWT6jXrsLa2Pd6hu32g4nY8H0+T8m+aNKVhEB+52Q1eUKB1D7t/Yrw589oA8B9wCx3mYH5Czxg== Completed in 8ms
4090 timing metavuln:cache:get:security-advisory:@webpack-cli/serve:P+MTiTWti/cexrtrDQJD8+RBcrtMy6Jp7vN92Es/wHBog8SMX86eBjTDijQuCnC+gyaCX0FrEqKPYrcWHqsQUA== Completed in 8ms
4091 timing metavuln:cache:get:security-advisory:css-loader:Ow76q8hhhU3MvyLxgnm1y/zYo7Fm99dr11gKzfApuH8ncvHl4guATrwKI/IqfjYipYNSdQJKvS0ecZLpxoiVmQ== Completed in 7ms
4092 timing metavuln:cache:get:security-advisory:mini-css-extract-plugin:G55y4j6io8Q0QytwZFEND0SCeOlZDD4Vj1H2U/A+S3fJbvRCbCyz3KTSkkMgsfR41LScHaNAhK7X/sWIKBGcAw== Completed in 8ms
4093 timing metavuln:cache:get:security-advisory:style-loader://zsLE/rNXdfMckNmpQNmCoWkrP2Nf7A28LGm4q43CiVrFNuxtrmx0tN+1t0mRm8jyGzzBYXQ9oXn2Zl71qHDA== Completed in 7ms
4094 timing metavuln:cache:get:security-advisory:terser-webpack-plugin:OYMC0geGD8QKOno0urEqU4CzSfBbjPVdXorYRugje09dSj0v95b22iyrJDHHzhuhDvgdM+pkY+8LIQ1bjQveVw== Completed in 7ms
4095 timing metavuln:load:security-advisory:terser-webpack-plugin:IzHFkMfHDC+SV3IL23ZHngntgLDUgyESA9Ge8Mh5rKNVcDpaWLuTZIcoUJg4/bAH+BQlnDzJ4nLfJCy6fOIM0A== Completed in 5ms
4096 timing metavuln:cache:get:security-advisory:webpack-cli:NppzCdkvi81KMTMlBTFbaCoFY8gtVck+ljspUq01iJFvWJ0Elli7ukXQBmz7c1UtSEy7ZuJxrJ2UZIkY/mZfhg== Completed in 13ms
4097 timing metavuln:load:security-advisory:webpack-cli:IzHFkMfHDC+SV3IL23ZHngntgLDUgyESA9Ge8Mh5rKNVcDpaWLuTZIcoUJg4/bAH+BQlnDzJ4nLfJCy6fOIM0A== Completed in 15ms
4098 timing metavuln:cache:put:security-advisory:webpack-cli:NppzCdkvi81KMTMlBTFbaCoFY8gtVck+ljspUq01iJFvWJ0Elli7ukXQBmz7c1UtSEy7ZuJxrJ2UZIkY/mZfhg== Completed in 93ms
4099 timing metavuln:calculate:security-advisory:webpack-cli:IzHFkMfHDC+SV3IL23ZHngntgLDUgyESA9Ge8Mh5rKNVcDpaWLuTZIcoUJg4/bAH+BQlnDzJ4nLfJCy6fOIM0A== Completed in 121ms
4100 timing metavuln:cache:put:security-advisory:terser-webpack-plugin:OYMC0geGD8QKOno0urEqU4CzSfBbjPVdXorYRugje09dSj0v95b22iyrJDHHzhuhDvgdM+pkY+8LIQ1bjQveVw== Completed in 110ms
4101 timing metavuln:calculate:security-advisory:terser-webpack-plugin:IzHFkMfHDC+SV3IL23ZHngntgLDUgyESA9Ge8Mh5rKNVcDpaWLuTZIcoUJg4/bAH+BQlnDzJ4nLfJCy6fOIM0A== Completed in 123ms
4102 http fetch GET 200 https://registry.npmjs.org/@webpack-cli%2fconfigtest 202ms (cache miss)
4103 timing metavuln:packument:@webpack-cli/configtest Completed in 204ms
4104 timing metavuln:load:security-advisory:@webpack-cli/configtest:IzHFkMfHDC+SV3IL23ZHngntgLDUgyESA9Ge8Mh5rKNVcDpaWLuTZIcoUJg4/bAH+BQlnDzJ4nLfJCy6fOIM0A== Completed in 0ms
4105 http fetch GET 200 https://registry.npmjs.org/@webpack-cli%2finfo 220ms (cache miss)
4106 timing metavuln:packument:@webpack-cli/info Completed in 222ms
4107 timing metavuln:load:security-advisory:@webpack-cli/info:IzHFkMfHDC+SV3IL23ZHngntgLDUgyESA9Ge8Mh5rKNVcDpaWLuTZIcoUJg4/bAH+BQlnDzJ4nLfJCy6fOIM0A== Completed in 1ms
4108 http fetch GET 200 https://registry.npmjs.org/@webpack-cli%2fserve 223ms (cache miss)
4109 timing metavuln:packument:@webpack-cli/serve Completed in 225ms
4110 timing metavuln:load:security-advisory:@webpack-cli/serve:IzHFkMfHDC+SV3IL23ZHngntgLDUgyESA9Ge8Mh5rKNVcDpaWLuTZIcoUJg4/bAH+BQlnDzJ4nLfJCy6fOIM0A== Completed in 0ms
4111 http fetch GET 200 https://registry.npmjs.org/style-loader 229ms (cache miss)
4112 timing metavuln:packument:style-loader Completed in 231ms
4113 timing metavuln:load:security-advisory:style-loader:IzHFkMfHDC+SV3IL23ZHngntgLDUgyESA9Ge8Mh5rKNVcDpaWLuTZIcoUJg4/bAH+BQlnDzJ4nLfJCy6fOIM0A== Completed in 5ms
4114 http fetch GET 200 https://registry.npmjs.org/mini-css-extract-plugin 269ms (cache miss)
4115 timing metavuln:packument:mini-css-extract-plugin Completed in 273ms
4116 timing metavuln:load:security-advisory:mini-css-extract-plugin:IzHFkMfHDC+SV3IL23ZHngntgLDUgyESA9Ge8Mh5rKNVcDpaWLuTZIcoUJg4/bAH+BQlnDzJ4nLfJCy6fOIM0A== Completed in 7ms
4117 http fetch GET 200 https://registry.npmjs.org/css-loader 292ms (cache miss)
4118 timing metavuln:packument:css-loader Completed in 296ms
4119 timing metavuln:load:security-advisory:css-loader:IzHFkMfHDC+SV3IL23ZHngntgLDUgyESA9Ge8Mh5rKNVcDpaWLuTZIcoUJg4/bAH+BQlnDzJ4nLfJCy6fOIM0A== Completed in 5ms
4120 timing metavuln:cache:put:security-advisory:@webpack-cli/configtest:b4m8NuooYTIA52NRofpykXKsNJXhI/hZokfJmZK3eMyZ91+Gy7N4DTPkKnSOjHMTDNtz3tKcpUaQlXgYolFajw== Completed in 129ms
4121 timing metavuln:calculate:security-advisory:@webpack-cli/configtest:IzHFkMfHDC+SV3IL23ZHngntgLDUgyESA9Ge8Mh5rKNVcDpaWLuTZIcoUJg4/bAH+BQlnDzJ4nLfJCy6fOIM0A== Completed in 334ms
4122 timing metavuln:cache:put:security-advisory:@webpack-cli/info:4Ds6078ZextuCWT6jXrsLa2Pd6hu32g4nY8H0+T8m+aNKVhEB+52Q1eUKB1D7t/Yrw589oA8B9wCx3mYH5Czxg== Completed in 113ms
4123 timing metavuln:calculate:security-advisory:@webpack-cli/info:IzHFkMfHDC+SV3IL23ZHngntgLDUgyESA9Ge8Mh5rKNVcDpaWLuTZIcoUJg4/bAH+BQlnDzJ4nLfJCy6fOIM0A== Completed in 338ms
4124 timing metavuln:cache:put:security-advisory:@webpack-cli/serve:P+MTiTWti/cexrtrDQJD8+RBcrtMy6Jp7vN92Es/wHBog8SMX86eBjTDijQuCnC+gyaCX0FrEqKPYrcWHqsQUA== Completed in 120ms
4125 timing metavuln:calculate:security-advisory:@webpack-cli/serve:IzHFkMfHDC+SV3IL23ZHngntgLDUgyESA9Ge8Mh5rKNVcDpaWLuTZIcoUJg4/bAH+BQlnDzJ4nLfJCy6fOIM0A== Completed in 348ms
4126 timing metavuln:cache:put:security-advisory:style-loader://zsLE/rNXdfMckNmpQNmCoWkrP2Nf7A28LGm4q43CiVrFNuxtrmx0tN+1t0mRm8jyGzzBYXQ9oXn2Zl71qHDA== Completed in 113ms
4127 timing metavuln:calculate:security-advisory:style-loader:IzHFkMfHDC+SV3IL23ZHngntgLDUgyESA9Ge8Mh5rKNVcDpaWLuTZIcoUJg4/bAH+BQlnDzJ4nLfJCy6fOIM0A== Completed in 350ms
4128 timing metavuln:cache:put:security-advisory:mini-css-extract-plugin:G55y4j6io8Q0QytwZFEND0SCeOlZDD4Vj1H2U/A+S3fJbvRCbCyz3KTSkkMgsfR41LScHaNAhK7X/sWIKBGcAw== Completed in 94ms
4129 timing metavuln:calculate:security-advisory:mini-css-extract-plugin:IzHFkMfHDC+SV3IL23ZHngntgLDUgyESA9Ge8Mh5rKNVcDpaWLuTZIcoUJg4/bAH+BQlnDzJ4nLfJCy6fOIM0A== Completed in 375ms
4130 timing metavuln:cache:put:security-advisory:css-loader:Ow76q8hhhU3MvyLxgnm1y/zYo7Fm99dr11gKzfApuH8ncvHl4guATrwKI/IqfjYipYNSdQJKvS0ecZLpxoiVmQ== Completed in 85ms
4131 timing metavuln:calculate:security-advisory:css-loader:IzHFkMfHDC+SV3IL23ZHngntgLDUgyESA9Ge8Mh5rKNVcDpaWLuTZIcoUJg4/bAH+BQlnDzJ4nLfJCy6fOIM0A== Completed in 387ms
4132 timing metavuln:cache:get:security-advisory:make-fetch-happen:JS1eDAsaQnkSC/rAJ1kHDn4UjWqf1f7567HyV/oKSVvssuR/kR60hXTseVc1ROXD8kOdIPeD9ut6fRzIhPTZuw== Completed in 5ms
4133 http fetch GET 200 https://registry.npmjs.org/make-fetch-happen 181ms (cache miss)
4134 timing metavuln:packument:make-fetch-happen Completed in 185ms
4135 timing metavuln:load:security-advisory:make-fetch-happen:yWh+WsUCdzVUoHJ+ukHX3VBWHgc+bzFCiNYaEHuuvW29uVMpISqXUxRqbG/B55MQ8eiu9zSwUnABxh5qJf1U0w== Completed in 3ms
4136 timing metavuln:cache:put:security-advisory:make-fetch-happen:JS1eDAsaQnkSC/rAJ1kHDn4UjWqf1f7567HyV/oKSVvssuR/kR60hXTseVc1ROXD8kOdIPeD9ut6fRzIhPTZuw== Completed in 69ms
4137 timing metavuln:calculate:security-advisory:make-fetch-happen:yWh+WsUCdzVUoHJ+ukHX3VBWHgc+bzFCiNYaEHuuvW29uVMpISqXUxRqbG/B55MQ8eiu9zSwUnABxh5qJf1U0w== Completed in 259ms
4138 timing metavuln:cache:get:security-advisory:js-beautify:mVGwaR1hJpSySFGv5ENPLe2MXyLsuhCYccBRXwHzfIZ1FRuXcQpYf7sIInN7YhD/b7MqhQlEML2TlWJFU2xw9w== Completed in 4ms
4139 timing metavuln:load:security-advisory:js-beautify:/pief47seGDBHnUOHcdf4vh8S5av/gmYGMH6T5uy3DhJchX5AykoNsEcl2U0K2kYnXDy3Q1HW14AEdN7s+Mmhw== Completed in 2ms
4140 timing metavuln:cache:put:security-advisory:js-beautify:mVGwaR1hJpSySFGv5ENPLe2MXyLsuhCYccBRXwHzfIZ1FRuXcQpYf7sIInN7YhD/b7MqhQlEML2TlWJFU2xw9w== Completed in 56ms
4141 timing metavuln:calculate:security-advisory:js-beautify:/pief47seGDBHnUOHcdf4vh8S5av/gmYGMH6T5uy3DhJchX5AykoNsEcl2U0K2kYnXDy3Q1HW14AEdN7s+Mmhw== Completed in 64ms
4142 timing metavuln:cache:get:security-advisory:fastify-error-page:jFLobgupm1ygdOxTlUvCIArNYaFGGKBaaLAoJ8OKqbKNtBGSdJkKNTpzczRFYEIoK/2FzNs3+s9I4+12F+M70A== Completed in 4ms
4143 http fetch GET 200 https://registry.npmjs.org/fastify-error-page 392ms (cache miss)
4144 timing metavuln:packument:fastify-error-page Completed in 393ms
4145 timing metavuln:load:security-advisory:fastify-error-page:GCj7wAVwXmpdpHsZ3FBltk4ddq703nJZceXkq77o3f+gaNLubEhWMdGOuTbsQUIPAj4PXvzoyIJlnaLab4wWyA== Completed in 1ms
4146 timing metavuln:cache:put:security-advisory:fastify-error-page:jFLobgupm1ygdOxTlUvCIArNYaFGGKBaaLAoJ8OKqbKNtBGSdJkKNTpzczRFYEIoK/2FzNs3+s9I4+12F+M70A== Completed in 81ms
4147 timing metavuln:calculate:security-advisory:fastify-error-page:GCj7wAVwXmpdpHsZ3FBltk4ddq703nJZceXkq77o3f+gaNLubEhWMdGOuTbsQUIPAj4PXvzoyIJlnaLab4wWyA== Completed in 476ms
4148 timing metavuln:cache:get:security-advisory:fastify:lycCXiLX7WYkPGWyOZfK/x2MyEabGa58Yp0NN6fq6Yb6R/bh9aYOAn3zOTXTfsMH3UEP1cjjw4Kj5YdQJT91Fg== Completed in 5ms
4149 timing metavuln:load:security-advisory:fastify:UfYeYMGFnlVOh6z1dqFizSqjGi7YyyQMRc3JQ1VnZ/OBVx1zGC6e+b6mEKG/IaRMMtjP5WJ2749QJ6iB38mozA== Completed in 12ms
4150 timing metavuln:cache:put:security-advisory:fastify:lycCXiLX7WYkPGWyOZfK/x2MyEabGa58Yp0NN6fq6Yb6R/bh9aYOAn3zOTXTfsMH3UEP1cjjw4Kj5YdQJT91Fg== Completed in 92ms
4151 timing metavuln:calculate:security-advisory:fastify:UfYeYMGFnlVOh6z1dqFizSqjGi7YyyQMRc3JQ1VnZ/OBVx1zGC6e+b6mEKG/IaRMMtjP5WJ2749QJ6iB38mozA== Completed in 110ms
4152 timing metavuln:cache:get:security-advisory:socks-proxy-agent:O35lPVDdakgt3PlMJ9Zvn535r+Rq41+Bl/9fFt/aDDpWq0oHeg7o+DHqp/GCXtD2sFx/QS2MkwRqg1u8nOKHkQ== Completed in 3ms
4153 http fetch GET 200 https://registry.npmjs.org/socks-proxy-agent 143ms (cache miss)
4154 timing metavuln:packument:socks-proxy-agent Completed in 145ms
4155 timing metavuln:load:security-advisory:socks-proxy-agent:re7e5WgYC0N2yCcyKEpIVOef1b0RSDx7Y0SpqokON2S0og4NBc+basQ12t25Rom7giF5cYm2S3iMuCSJlhszhQ== Completed in 3ms
4156 timing metavuln:cache:put:security-advisory:socks-proxy-agent:O35lPVDdakgt3PlMJ9Zvn535r+Rq41+Bl/9fFt/aDDpWq0oHeg7o+DHqp/GCXtD2sFx/QS2MkwRqg1u8nOKHkQ== Completed in 82ms
4157 timing metavuln:calculate:security-advisory:socks-proxy-agent:re7e5WgYC0N2yCcyKEpIVOef1b0RSDx7Y0SpqokON2S0og4NBc+basQ12t25Rom7giF5cYm2S3iMuCSJlhszhQ== Completed in 230ms
4158 timing metavuln:cache:get:security-advisory:webpack:JftYdshFur//E5T4X92eMr+3ntXPZDJ+GCIeFNjvSdMva59Eynz8k2kYRNBgeLJzm3dzvTSVXqU5Xweef/OxdQ== Completed in 3ms
4159 timing metavuln:load:security-advisory:webpack:329sgNMopuugPFiEvSVitHHehdTr5nHB47XwDe3JfAo+J6Nc9SQhgI2F9XPbnv2SVTzEoWYsaJ8lBj3HmQYXeg== Completed in 21ms
4160 http fetch GET 200 https://registry.npmjs.org/es-abstract/-/es-abstract-1.23.3.tgz 104615ms (cache miss)
4161 timing reifyNode:node_modules/es-abstract Completed in 107025ms
4162 timing metavuln:cache:put:security-advisory:webpack:JftYdshFur//E5T4X92eMr+3ntXPZDJ+GCIeFNjvSdMva59Eynz8k2kYRNBgeLJzm3dzvTSVXqU5Xweef/OxdQ== Completed in 146ms
4163 timing metavuln:calculate:security-advisory:webpack:329sgNMopuugPFiEvSVitHHehdTr5nHB47XwDe3JfAo+J6Nc9SQhgI2F9XPbnv2SVTzEoWYsaJ8lBj3HmQYXeg== Completed in 171ms
4164 timing metavuln:cache:get:security-advisory:make-fetch-happen:i9EWLQURMjAySZXCi5WtA8NzwiONkym6qMEPsUX+uPSg1yz1bg479ufVR/tOdZWMzNzCglMBtyw+v486D3ACDQ== Completed in 2ms
4165 timing metavuln:load:security-advisory:make-fetch-happen:xvJIWB5/FY/DmZpxvmgqyq49qJv5ggEb6QVj3OY5ousoMlm27iLo5bVkFK9lSFNIWe3eU5heX0nWjs8DbT01mg== Completed in 8ms
4166 timing metavuln:cache:get:security-advisory:pacote:OtnJdJ42a1bInL8GrqOWym4puwNQ7oh2bGqAOg0E5uptu0OSRW4gjuYFOkEEYOvjetc1WkglEEM0U0Bgv6+wAw== Completed in 12ms
4167 timing metavuln:load:security-advisory:pacote:xvJIWB5/FY/DmZpxvmgqyq49qJv5ggEb6QVj3OY5ousoMlm27iLo5bVkFK9lSFNIWe3eU5heX0nWjs8DbT01mg== Completed in 13ms
4168 timing metavuln:cache:put:security-advisory:make-fetch-happen:i9EWLQURMjAySZXCi5WtA8NzwiONkym6qMEPsUX+uPSg1yz1bg479ufVR/tOdZWMzNzCglMBtyw+v486D3ACDQ== Completed in 86ms
4169 timing metavuln:calculate:security-advisory:make-fetch-happen:xvJIWB5/FY/DmZpxvmgqyq49qJv5ggEb6QVj3OY5ousoMlm27iLo5bVkFK9lSFNIWe3eU5heX0nWjs8DbT01mg== Completed in 97ms
4170 timing metavuln:cache:put:security-advisory:pacote:OtnJdJ42a1bInL8GrqOWym4puwNQ7oh2bGqAOg0E5uptu0OSRW4gjuYFOkEEYOvjetc1WkglEEM0U0Bgv6+wAw== Completed in 71ms
4171 timing metavuln:calculate:security-advisory:pacote:xvJIWB5/FY/DmZpxvmgqyq49qJv5ggEb6QVj3OY5ousoMlm27iLo5bVkFK9lSFNIWe3eU5heX0nWjs8DbT01mg== Completed in 99ms
4172 timing metavuln:cache:get:security-advisory:@npmcli/run-script:iGTtwNhtzJqD6NRQrZd/d/zEGMzgSqpgcRI1vjqHKnRzGZno56l+gHAbYs0XRY+CB7swkVDTEWOkDAMckkToXA== Completed in 1ms
4173 timing metavuln:cache:get:security-advisory:sqlite3:/EyvdRGvNSmIfPvDagXmxhNg0I3IVs11DoQPmZbPhEN8VqxbrAo8DVoBrE8H0mBolYmeaGyEYJxfj/d4+SoOrA== Completed in 2ms
4174 timing metavuln:load:security-advisory:sqlite3:l/WeQkAPWJ0/mHENc58u9JNvnzqgqXWhnfEbUs8zhmL1UmoofkwGw4482B1GnFfApFQ5hXpUDaLf7UIPw6jpww== Completed in 3ms
4175 timing metavuln:cache:put:security-advisory:sqlite3:/EyvdRGvNSmIfPvDagXmxhNg0I3IVs11DoQPmZbPhEN8VqxbrAo8DVoBrE8H0mBolYmeaGyEYJxfj/d4+SoOrA== Completed in 47ms
4176 timing metavuln:calculate:security-advisory:sqlite3:l/WeQkAPWJ0/mHENc58u9JNvnzqgqXWhnfEbUs8zhmL1UmoofkwGw4482B1GnFfApFQ5hXpUDaLf7UIPw6jpww== Completed in 53ms
4177 http fetch GET 200 https://registry.npmjs.org/@npmcli%2frun-script 142ms (cache miss)
4178 timing metavuln:packument:@npmcli/run-script Completed in 143ms
4179 timing metavuln:load:security-advisory:@npmcli/run-script:l/WeQkAPWJ0/mHENc58u9JNvnzqgqXWhnfEbUs8zhmL1UmoofkwGw4482B1GnFfApFQ5hXpUDaLf7UIPw6jpww== Completed in 5ms
4180 timing metavuln:cache:put:security-advisory:@npmcli/run-script:iGTtwNhtzJqD6NRQrZd/d/zEGMzgSqpgcRI1vjqHKnRzGZno56l+gHAbYs0XRY+CB7swkVDTEWOkDAMckkToXA== Completed in 92ms
4181 timing metavuln:calculate:security-advisory:@npmcli/run-script:l/WeQkAPWJ0/mHENc58u9JNvnzqgqXWhnfEbUs8zhmL1UmoofkwGw4482B1GnFfApFQ5hXpUDaLf7UIPw6jpww== Completed in 244ms
4182 timing metavuln:cache:get:security-advisory:npm-check-updates:3a1dSTSz2mQ0SY5QLKCAVyecBp16P1w6TZ0LEKSvcyuL2frIaamAAWnvTNhDy7T5umx7WmeE1h7mvHxaJVxZ7Q== Completed in 7ms
4183 timing metavuln:load:security-advisory:npm-check-updates:YEGC2tr63UMpFVgVz0cNuFV3bU8S49mLN9fSXNf8TSeZFIG2IIlfze6ewtj1AcnmZfEVnbmO+QJdA95V6mwuNA== Completed in 34ms
4184 timing metavuln:cache:put:security-advisory:npm-check-updates:3a1dSTSz2mQ0SY5QLKCAVyecBp16P1w6TZ0LEKSvcyuL2frIaamAAWnvTNhDy7T5umx7WmeE1h7mvHxaJVxZ7Q== Completed in 55ms
4185 timing metavuln:calculate:security-advisory:npm-check-updates:YEGC2tr63UMpFVgVz0cNuFV3bU8S49mLN9fSXNf8TSeZFIG2IIlfze6ewtj1AcnmZfEVnbmO+QJdA95V6mwuNA== Completed in 100ms
4186 timing metavuln:cache:get:security-advisory:@sigstore/sign:gxeN9h00LM5324/XxET8P0+GPZEVKHCdf+jOHSaCvQTLuwSUluPl5uo7ZHXFYjW2xwkD7P6pMpFE+UgpP/tPDQ== Completed in 6ms
4187 timing metavuln:cache:get:security-advisory:npm-check-updates:9ZRWZwbw/kFW4we/s9ZytIhCXNFSAtoN7r1b3HEN9Kt59xN3AvUqmYBYR13EWY5MjgGjI7RT4j6hN3VaZWfu5A== Completed in 5ms
4188 timing metavuln:load:security-advisory:npm-check-updates:JS1eDAsaQnkSC/rAJ1kHDn4UjWqf1f7567HyV/oKSVvssuR/kR60hXTseVc1ROXD8kOdIPeD9ut6fRzIhPTZuw== Completed in 7ms
4189 timing metavuln:cache:get:security-advisory:npm-registry-fetch:jTwU2ocpa2F1Gl6F6mIoiNLWDiThBDO4pDtOU839jhOJFWGWbQ781jfDqHY9xg8lvUgrdB971fXo+xQMKn4YyA== Completed in 13ms
4190 timing metavuln:cache:get:security-advisory:sigstore:Rv00qatMGdIbV25G7szwdziZdJnK334VQAYuhSzYU7wgGrEPcJjdhEHJyYLLow9hkmU78uZlSl1x+iswPUipEA== Completed in 13ms
4191 timing metavuln:cache:get:security-advisory:tuf-js:07lmlzsGh7j8O54vxohIVSrz884DHxq1pgHvyRzJJID2IkcWbDjN2Pjip45kGl8EGRCU2GSAK+Y4MwRE4fdABw== Completed in 12ms
4192 timing metavuln:cache:get:security-advisory:node-gyp:5rq91deMwL71Py6PvBs4DPzl2PiTOCJMC2TwWfC0r34chaVidbfSvH06scEnLlTST/lclYYq9vacE3hoHCmR5g== Completed in 12ms
4193 timing metavuln:load:security-advisory:node-gyp:JS1eDAsaQnkSC/rAJ1kHDn4UjWqf1f7567HyV/oKSVvssuR/kR60hXTseVc1ROXD8kOdIPeD9ut6fRzIhPTZuw== Completed in 3ms
4194 timing metavuln:cache:put:security-advisory:node-gyp:5rq91deMwL71Py6PvBs4DPzl2PiTOCJMC2TwWfC0r34chaVidbfSvH06scEnLlTST/lclYYq9vacE3hoHCmR5g== Completed in 64ms
4195 timing metavuln:calculate:security-advisory:node-gyp:JS1eDAsaQnkSC/rAJ1kHDn4UjWqf1f7567HyV/oKSVvssuR/kR60hXTseVc1ROXD8kOdIPeD9ut6fRzIhPTZuw== Completed in 81ms
4196 timing metavuln:cache:put:security-advisory:npm-check-updates:9ZRWZwbw/kFW4we/s9ZytIhCXNFSAtoN7r1b3HEN9Kt59xN3AvUqmYBYR13EWY5MjgGjI7RT4j6hN3VaZWfu5A== Completed in 71ms
4197 timing metavuln:calculate:security-advisory:npm-check-updates:JS1eDAsaQnkSC/rAJ1kHDn4UjWqf1f7567HyV/oKSVvssuR/kR60hXTseVc1ROXD8kOdIPeD9ut6fRzIhPTZuw== Completed in 85ms
4198 http fetch GET 200 https://registry.npmjs.org/tuf-js 149ms (cache miss)
4199 timing metavuln:packument:tuf-js Completed in 150ms
4200 timing metavuln:load:security-advisory:tuf-js:JS1eDAsaQnkSC/rAJ1kHDn4UjWqf1f7567HyV/oKSVvssuR/kR60hXTseVc1ROXD8kOdIPeD9ut6fRzIhPTZuw== Completed in 2ms
4201 http fetch GET 200 https://registry.npmjs.org/sigstore 159ms (cache miss)
4202 timing metavuln:packument:sigstore Completed in 160ms
4203 timing metavuln:load:security-advisory:sigstore:JS1eDAsaQnkSC/rAJ1kHDn4UjWqf1f7567HyV/oKSVvssuR/kR60hXTseVc1ROXD8kOdIPeD9ut6fRzIhPTZuw== Completed in 2ms
4204 http fetch GET 200 https://registry.npmjs.org/@sigstore%2fsign 165ms (cache miss)
4205 timing metavuln:packument:@sigstore/sign Completed in 166ms
4206 timing metavuln:load:security-advisory:@sigstore/sign:JS1eDAsaQnkSC/rAJ1kHDn4UjWqf1f7567HyV/oKSVvssuR/kR60hXTseVc1ROXD8kOdIPeD9ut6fRzIhPTZuw== Completed in 2ms
4207 http fetch GET 200 https://registry.npmjs.org/npm-registry-fetch 179ms (cache miss)
4208 timing metavuln:packument:npm-registry-fetch Completed in 181ms
4209 timing metavuln:load:security-advisory:npm-registry-fetch:JS1eDAsaQnkSC/rAJ1kHDn4UjWqf1f7567HyV/oKSVvssuR/kR60hXTseVc1ROXD8kOdIPeD9ut6fRzIhPTZuw== Completed in 6ms
4210 timing metavuln:cache:put:security-advisory:tuf-js:07lmlzsGh7j8O54vxohIVSrz884DHxq1pgHvyRzJJID2IkcWbDjN2Pjip45kGl8EGRCU2GSAK+Y4MwRE4fdABw== Completed in 78ms
4211 timing metavuln:calculate:security-advisory:tuf-js:JS1eDAsaQnkSC/rAJ1kHDn4UjWqf1f7567HyV/oKSVvssuR/kR60hXTseVc1ROXD8kOdIPeD9ut6fRzIhPTZuw== Completed in 233ms
4212 timing metavuln:cache:put:security-advisory:sigstore:Rv00qatMGdIbV25G7szwdziZdJnK334VQAYuhSzYU7wgGrEPcJjdhEHJyYLLow9hkmU78uZlSl1x+iswPUipEA== Completed in 72ms
4213 timing metavuln:calculate:security-advisory:sigstore:JS1eDAsaQnkSC/rAJ1kHDn4UjWqf1f7567HyV/oKSVvssuR/kR60hXTseVc1ROXD8kOdIPeD9ut6fRzIhPTZuw== Completed in 235ms
4214 timing metavuln:cache:put:security-advisory:@sigstore/sign:gxeN9h00LM5324/XxET8P0+GPZEVKHCdf+jOHSaCvQTLuwSUluPl5uo7ZHXFYjW2xwkD7P6pMpFE+UgpP/tPDQ== Completed in 70ms
4215 timing metavuln:calculate:security-advisory:@sigstore/sign:JS1eDAsaQnkSC/rAJ1kHDn4UjWqf1f7567HyV/oKSVvssuR/kR60hXTseVc1ROXD8kOdIPeD9ut6fRzIhPTZuw== Completed in 240ms
4216 timing metavuln:cache:put:security-advisory:npm-registry-fetch:jTwU2ocpa2F1Gl6F6mIoiNLWDiThBDO4pDtOU839jhOJFWGWbQ781jfDqHY9xg8lvUgrdB971fXo+xQMKn4YyA== Completed in 68ms
4217 timing metavuln:calculate:security-advisory:npm-registry-fetch:JS1eDAsaQnkSC/rAJ1kHDn4UjWqf1f7567HyV/oKSVvssuR/kR60hXTseVc1ROXD8kOdIPeD9ut6fRzIhPTZuw== Completed in 256ms
4218 timing metavuln:cache:get:security-advisory:pacote:MS+9ca68tdxeElO9akLXw7yb5VApoczfnQKLx1EukwgWla9k04iPl4Po3r/HJQy/+Wzz5cv0LVQSH7FloSCQcg== Completed in 3ms
4219 timing metavuln:load:security-advisory:pacote:iGTtwNhtzJqD6NRQrZd/d/zEGMzgSqpgcRI1vjqHKnRzGZno56l+gHAbYs0XRY+CB7swkVDTEWOkDAMckkToXA== Completed in 5ms
4220 timing metavuln:cache:put:security-advisory:pacote:MS+9ca68tdxeElO9akLXw7yb5VApoczfnQKLx1EukwgWla9k04iPl4Po3r/HJQy/+Wzz5cv0LVQSH7FloSCQcg== Completed in 51ms
4221 timing metavuln:calculate:security-advisory:pacote:iGTtwNhtzJqD6NRQrZd/d/zEGMzgSqpgcRI1vjqHKnRzGZno56l+gHAbYs0XRY+CB7swkVDTEWOkDAMckkToXA== Completed in 60ms
4222 timing metavuln:cache:get:security-advisory:@sigstore/tuf:tI8a4sAvv4Ex9yO/NvwE3cq49Endh6zBwFEmLoalWUEBC1CvqIeHrPgpHu15xRlRF6+kuKPkgtJz5rV72bTJVA== Completed in 2ms
4223 http fetch GET 200 https://registry.npmjs.org/@sigstore%2ftuf 100ms (cache miss)
4224 timing metavuln:packument:@sigstore/tuf Completed in 102ms
4225 timing metavuln:load:security-advisory:@sigstore/tuf:07lmlzsGh7j8O54vxohIVSrz884DHxq1pgHvyRzJJID2IkcWbDjN2Pjip45kGl8EGRCU2GSAK+Y4MwRE4fdABw== Completed in 1ms
4226 timing metavuln:cache:put:security-advisory:@sigstore/tuf:tI8a4sAvv4Ex9yO/NvwE3cq49Endh6zBwFEmLoalWUEBC1CvqIeHrPgpHu15xRlRF6+kuKPkgtJz5rV72bTJVA== Completed in 36ms
4227 timing metavuln:calculate:security-advisory:@sigstore/tuf:07lmlzsGh7j8O54vxohIVSrz884DHxq1pgHvyRzJJID2IkcWbDjN2Pjip45kGl8EGRCU2GSAK+Y4MwRE4fdABw== Completed in 140ms
4228 timing metavuln:cache:get:security-advisory:pacote:9p0F/JB+ald0XE4A7i1a/J68dZA4eV/2xfPPwuDNCTRuQ9iRoL97wQ2TNV2RvVonwghss2KN+WWxhQFIo3nB7g== Completed in 2ms
4229 timing metavuln:load:security-advisory:pacote:Rv00qatMGdIbV25G7szwdziZdJnK334VQAYuhSzYU7wgGrEPcJjdhEHJyYLLow9hkmU78uZlSl1x+iswPUipEA== Completed in 4ms
4230 timing metavuln:cache:put:security-advisory:pacote:9p0F/JB+ald0XE4A7i1a/J68dZA4eV/2xfPPwuDNCTRuQ9iRoL97wQ2TNV2RvVonwghss2KN+WWxhQFIo3nB7g== Completed in 45ms
4231 timing metavuln:calculate:security-advisory:pacote:Rv00qatMGdIbV25G7szwdziZdJnK334VQAYuhSzYU7wgGrEPcJjdhEHJyYLLow9hkmU78uZlSl1x+iswPUipEA== Completed in 51ms
4232 timing metavuln:cache:get:security-advisory:sigstore:TTD5fb9jAE8DIab5gcqzyJoyo1QthZOxUdxKWxcX4c1NN+KR8ZAYyk91KVmVtN3vwxc/Rl8anvp4MXaW8DFomw== Completed in 2ms
4233 timing metavuln:load:security-advisory:sigstore:gxeN9h00LM5324/XxET8P0+GPZEVKHCdf+jOHSaCvQTLuwSUluPl5uo7ZHXFYjW2xwkD7P6pMpFE+UgpP/tPDQ== Completed in 1ms
4234 timing metavuln:cache:put:security-advisory:sigstore:TTD5fb9jAE8DIab5gcqzyJoyo1QthZOxUdxKWxcX4c1NN+KR8ZAYyk91KVmVtN3vwxc/Rl8anvp4MXaW8DFomw== Completed in 58ms
4235 timing metavuln:calculate:security-advisory:sigstore:gxeN9h00LM5324/XxET8P0+GPZEVKHCdf+jOHSaCvQTLuwSUluPl5uo7ZHXFYjW2xwkD7P6pMpFE+UgpP/tPDQ== Completed in 63ms
4236 timing metavuln:cache:get:security-advisory:pacote:v/Wx+No8lTTUx3pt5UDycUsDr2SLqMOux7aARyHYmfvOWFlLhIlCtj0dfcTvwDc78teR/Q4TYiE2HqwCDqNPyg== Completed in 3ms
4237 timing metavuln:load:security-advisory:pacote:jTwU2ocpa2F1Gl6F6mIoiNLWDiThBDO4pDtOU839jhOJFWGWbQ781jfDqHY9xg8lvUgrdB971fXo+xQMKn4YyA== Completed in 7ms
4238 timing metavuln:cache:put:security-advisory:pacote:v/Wx+No8lTTUx3pt5UDycUsDr2SLqMOux7aARyHYmfvOWFlLhIlCtj0dfcTvwDc78teR/Q4TYiE2HqwCDqNPyg== Completed in 49ms
4239 timing metavuln:calculate:security-advisory:pacote:jTwU2ocpa2F1Gl6F6mIoiNLWDiThBDO4pDtOU839jhOJFWGWbQ781jfDqHY9xg8lvUgrdB971fXo+xQMKn4YyA== Completed in 60ms
4240 timing metavuln:cache:get:security-advisory:sigstore:7IifTNyOdt0CxKAKn+2Sq3kwLn+9cfQ8/8XqUTlCD3qGzs48032kNWKtvJaSsdko3uk1EEASP6faivANpvrrSg== Completed in 3ms
4241 timing metavuln:load:security-advisory:sigstore:tI8a4sAvv4Ex9yO/NvwE3cq49Endh6zBwFEmLoalWUEBC1CvqIeHrPgpHu15xRlRF6+kuKPkgtJz5rV72bTJVA== Completed in 2ms
4242 timing metavuln:cache:put:security-advisory:sigstore:7IifTNyOdt0CxKAKn+2Sq3kwLn+9cfQ8/8XqUTlCD3qGzs48032kNWKtvJaSsdko3uk1EEASP6faivANpvrrSg== Completed in 44ms
4243 timing metavuln:calculate:security-advisory:sigstore:tI8a4sAvv4Ex9yO/NvwE3cq49Endh6zBwFEmLoalWUEBC1CvqIeHrPgpHu15xRlRF6+kuKPkgtJz5rV72bTJVA== Completed in 49ms
4244 timing auditReport:init Completed in 106691ms
4245 timing reify:audit Completed in 108302ms
4246 http fetch GET 200 https://registry.npmjs.org/rxjs/-/rxjs-7.8.1.tgz 107779ms (cache miss)
4247 timing reifyNode:node_modules/rxjs Completed in 109857ms
4248 http fetch GET 200 https://registry.npmjs.org/date-fns/-/date-fns-2.30.0.tgz 124653ms (cache miss)
4249 timing reifyNode:node_modules/date-fns Completed in 127089ms
4250 timing reify:unpack Completed in 127162ms
4251 timing reify:unretire Completed in 1ms
4252 timing build:queue Completed in 310ms
4253 timing build:link:node_modules/jest-cli Completed in 5ms
4254 timing build:link:node_modules/@fastify/secure-session Completed in 259ms
4255 timing build:link:node_modules/@babel/core/node_modules/semver Completed in 263ms
4256 timing build:link:node_modules/@istanbuljs/load-nyc-config/node_modules/js-yaml Completed in 263ms
4257 timing build:link:node_modules/@babel/helper-compilation-targets/node_modules/semver Completed in 264ms
4258 timing build:link:node_modules/@npmcli/git/node_modules/which Completed in 264ms
4259 timing build:link:node_modules/@npmcli/run-script/node_modules/which Completed in 265ms
4260 timing build:link:node_modules/@npmcli/promise-spawn/node_modules/which Completed in 265ms
4261 timing build:link:node_modules/babel-plugin-istanbul/node_modules/semver Completed in 265ms
4262 timing build:link:node_modules/fastify-cli/node_modules/pino-pretty Completed in 265ms
4263 timing build:link:node_modules/eslint-config-airbnb-base/node_modules/semver Completed in 266ms
4264 timing build:link:node_modules/eslint-plugin-import/node_modules/semver Completed in 266ms
4265 timing build:link:node_modules/fastify-objectionjs/node_modules/knex Completed in 266ms
4266 timing build:link:node_modules/sqlite3/node_modules/node-gyp Completed in 266ms
4267 timing build:link:node_modules/is-expression/node_modules/acorn Completed in 266ms
4268 timing build:link:node_modules/browserslist Completed in 274ms
4269 timing build:link:node_modules/acorn Completed in 274ms
4270 timing build:link:node_modules/js-beautify/node_modules/nopt Completed in 268ms
4271 timing build:link:node_modules/@babel/parser Completed in 276ms
4272 timing build:link:node_modules/color-support Completed in 275ms
4273 timing build:link:node_modules/node-gyp/node_modules/nopt Completed in 269ms
4274 timing build:link:node_modules/npm-check-updates/node_modules/rimraf Completed in 269ms
4275 timing build:link:node_modules/@npmcli/installed-package-contents Completed in 276ms
4276 timing build:link:node_modules/cssesc Completed in 277ms
4277 timing build:link:node_modules/create-jest Completed in 277ms
4278 timing build:link:node_modules/concurrently Completed in 278ms
4279 timing build:link:node_modules/editorconfig Completed in 277ms
4280 timing build:link:node_modules/eslint Completed in 277ms
4281 timing build:link:node_modules/esprima Completed in 278ms
4282 timing build:link:node_modules/generify Completed in 278ms
4283 timing build:link:node_modules/fastify-cli Completed in 278ms
4284 timing build:link:node_modules/is-docker Completed in 278ms
4285 timing build:link:node_modules/import-local Completed in 278ms
4286 timing build:link:node_modules/is-ci Completed in 278ms
4287 timing build:link:node_modules/envinfo Completed in 280ms
4288 timing build:link:node_modules/tsconfig-paths/node_modules/json5 Completed in 274ms
4289 timing build:link:node_modules/jest Completed in 280ms
4290 timing build:link:node_modules/glob Completed in 281ms
4291 timing build:link:node_modules/jsesc Completed in 280ms
4292 timing build:link:node_modules/js-yaml Completed in 281ms
4293 timing build:link:node_modules/json5 Completed in 281ms
4294 timing build:link:node_modules/js-beautify Completed in 281ms
4295 timing build:link:node_modules/knex Completed in 282ms
4296 timing build:link:node_modules/markdown-it Completed in 281ms
4297 timing build:link:node_modules/mustache Completed in 281ms
4298 timing build:link:node_modules/mime Completed in 281ms
4299 timing build:link:node_modules/mkdirp Completed in 282ms
4300 timing build:link:node_modules/node-gyp-build Completed in 282ms
4301 timing build:link:node_modules/node-gyp Completed in 282ms
4302 timing build:link:node_modules/nanoid Completed in 283ms
4303 timing build:link:node_modules/pacote Completed in 282ms
4304 timing build:link:node_modules/parse-github-url Completed in 282ms
4305 timing build:link:node_modules/pino Completed in 282ms
4306 timing build:link:node_modules/pino-pretty Completed in 281ms
4307 timing build:link:node_modules/prebuild-install Completed in 282ms
4308 timing build:link:node_modules/nopt Completed in 283ms
4309 timing build:link:node_modules/rimraf Completed in 282ms
4310 timing build:link:node_modules/rc Completed in 282ms
4311 timing build:link:node_modules/npm-check-updates Completed in 283ms
4312 timing build:link:node_modules/resolve Completed in 283ms
4313 timing build:link:node_modules/sequelize-cli Completed in 283ms
4314 timing build:link:node_modules/semver Completed in 283ms
4315 timing build:link:node_modules/tree-kill Completed in 282ms
4316 timing build:link:node_modules/sigstore Completed in 282ms
4317 timing build:link:node_modules/update-browserslist-db Completed in 283ms
4318 timing build:link:node_modules/terser Completed in 283ms
4319 timing build:link:node_modules/webpack Completed in 283ms
4320 timing build:link:node_modules/webpack-cli Completed in 283ms
4321 timing build:link:node_modules/which Completed in 283ms
4322 timing build:link:node_modules/uuid Completed in 283ms
4323 timing build:link Completed in 291ms
4324 info run @vscode/sqlite3@5.1.2 install node_modules/@vscode/sqlite3 node-gyp rebuild
4325 info run better-sqlite3@8.7.0 install node_modules/better-sqlite3 prebuild-install || node-gyp rebuild --release
4326 info run sodium-native@4.1.1 install node_modules/sodium-native node-gyp-build
4327 info run sqlite3@5.1.7 install node_modules/sqlite3 prebuild-install -r napi || node-gyp rebuild
4328 info run sodium-native@4.1.1 install { code: 0, signal: null }
4329 timing build:run:install:node_modules/sodium-native Completed in 165ms
4330 info run sqlite3@5.1.7 install { code: 0, signal: null }
4331 timing build:run:install:node_modules/sqlite3 Completed in 1325ms
4332 info run better-sqlite3@8.7.0 install { code: 0, signal: null }
4333 timing build:run:install:node_modules/better-sqlite3 Completed in 1655ms
4334 info run @vscode/sqlite3@5.1.2 install { code: 0, signal: null }
4335 timing build:run:install:node_modules/@vscode/sqlite3 Completed in 89862ms
4336 timing build:run:install Completed in 89862ms
4337 info run es5-ext@0.10.64 postinstall node_modules/es5-ext  node -e "try{require('./_postinstall')}catch(e){}" || exit 0
4338 info run es5-ext@0.10.64 postinstall { code: 0, signal: null }
4339 timing build:run:postinstall:node_modules/es5-ext Completed in 69ms
4340 timing build:run:postinstall Completed in 70ms
4341 timing build:deps Completed in 90534ms
4342 timing build Completed in 90534ms
4343 timing reify:build Completed in 90536ms
4344 timing reify:trash Completed in 4ms
4345 timing reify:save Completed in 291ms
4346 timing reify Completed in 220131ms
4347 silly ADD node_modules/youch
4348 silly ADD node_modules/youch/node_modules/cookie
4349 silly ADD node_modules/yocto-queue
4350 silly ADD node_modules/yargs-parser
4351 silly ADD node_modules/yargs
4352 silly ADD node_modules/yallist
4353 silly ADD node_modules/y18n
4354 silly ADD node_modules/xtend
4355 silly ADD node_modules/xdg-basedir
4356 silly ADD node_modules/write-file-atomic
4357 silly ADD node_modules/wrappy
4358 silly ADD node_modules/wrap-ansi-cjs
4359 silly ADD node_modules/wrap-ansi
4360 silly ADD node_modules/wrap-ansi/node_modules/strip-ansi
4361 silly ADD node_modules/wrap-ansi/node_modules/string-width
4362 silly ADD node_modules/wrap-ansi/node_modules/emoji-regex
4363 silly ADD node_modules/wrap-ansi/node_modules/ansi-styles
4364 silly ADD node_modules/wrap-ansi/node_modules/ansi-regex
4365 silly ADD node_modules/wkx
4366 silly ADD node_modules/with
4367 silly ADD node_modules/wildcard
4368 silly ADD node_modules/widest-line
4369 silly ADD node_modules/widest-line/node_modules/strip-ansi
4370 silly ADD node_modules/widest-line/node_modules/string-width
4371 silly ADD node_modules/widest-line/node_modules/emoji-regex
4372 silly ADD node_modules/widest-line/node_modules/ansi-regex
4373 silly ADD node_modules/wide-align
4374 silly ADD node_modules/which-typed-array
4375 silly ADD node_modules/which-boxed-primitive
4376 silly ADD node_modules/which
4377 silly ADD node_modules/webpack-sources
4378 silly ADD node_modules/webpack-merge
4379 silly ADD node_modules/webpack-cli
4380 silly ADD node_modules/webpack-cli/node_modules/interpret
4381 silly ADD node_modules/webpack
4382 silly ADD node_modules/webpack/node_modules/schema-utils
4383 silly ADD node_modules/webpack/node_modules/graceful-fs
4384 silly ADD node_modules/webpack/node_modules/estraverse
4385 silly ADD node_modules/webpack/node_modules/eslint-scope
4386 silly ADD node_modules/watchpack
4387 silly ADD node_modules/walker
4388 silly ADD node_modules/void-elements
4389 silly ADD node_modules/vary
4390 silly ADD node_modules/validator
4391 silly ADD node_modules/validate-npm-package-name
4392 silly ADD node_modules/validate-npm-package-license
4393 silly ADD node_modules/v8-to-istanbul
4394 silly ADD node_modules/uuid
4395 silly ADD node_modules/util-deprecate
4396 silly ADD node_modules/uri-js
4397 silly ADD node_modules/update-notifier
4398 silly ADD node_modules/update-notifier/node_modules/chalk
4399 silly ADD node_modules/update-browserslist-db
4400 silly ADD node_modules/untildify
4401 silly ADD node_modules/universalify
4402 silly ADD node_modules/unique-string
4403 silly ADD node_modules/unique-slug
4404 silly ADD node_modules/unique-filename
4405 silly ADD node_modules/undici-types
4406 silly ADD node_modules/unbox-primitive
4407 silly ADD node_modules/umzug
4408 silly ADD node_modules/uc.micro
4409 silly ADD node_modules/typedarray-to-buffer
4410 silly ADD node_modules/typed-array-length
4411 silly ADD node_modules/typed-array-byte-offset
4412 silly ADD node_modules/typed-array-byte-length
4413 silly ADD node_modules/typed-array-buffer
4414 silly ADD node_modules/type-is
4415 silly ADD node_modules/type-fest
4416 silly ADD node_modules/type-detect
4417 silly ADD node_modules/type-check
4418 silly ADD node_modules/type
4419 silly ADD node_modules/tunnel-agent
4420 silly ADD node_modules/tuf-js
4421 silly ADD node_modules/tslib
4422 silly ADD node_modules/tsconfig-paths
4423 silly ADD node_modules/tsconfig-paths/node_modules/strip-bom
4424 silly ADD node_modules/tsconfig-paths/node_modules/json5
4425 silly ADD node_modules/tree-kill
4426 silly ADD node_modules/toposort-class
4427 silly ADD node_modules/token-stream
4428 silly ADD node_modules/toidentifier
4429 silly ADD node_modules/toad-cache
4430 silly ADD node_modules/to-regex-range
4431 silly ADD node_modules/to-fast-properties
4432 silly ADD node_modules/tmpl
4433 silly ADD node_modules/timers-ext
4434 silly ADD node_modules/tildify
4435 silly ADD node_modules/thread-stream
4436 silly ADD node_modules/text-table
4437 silly ADD node_modules/test-exclude
4438 silly ADD node_modules/test-exclude/node_modules/glob
4439 silly ADD node_modules/terser-webpack-plugin
4440 silly ADD node_modules/terser-webpack-plugin/node_modules/supports-color
4441 silly ADD node_modules/terser-webpack-plugin/node_modules/schema-utils
4442 silly ADD node_modules/terser-webpack-plugin/node_modules/jest-worker
4443 silly ADD node_modules/terser
4444 silly ADD node_modules/terser/node_modules/source-map-support
4445 silly ADD node_modules/terser/node_modules/commander
4446 silly ADD node_modules/tarn
4447 silly ADD node_modules/tar-stream
4448 silly ADD node_modules/tar-fs
4449 silly ADD node_modules/tar-fs/node_modules/chownr
4450 silly ADD node_modules/tar
4451 silly ADD node_modules/tapable
4452 silly ADD node_modules/supports-preserve-symlinks-flag
4453 silly ADD node_modules/supports-color
4454 silly ADD node_modules/style-loader
4455 silly ADD node_modules/strip-json-comments
4456 silly ADD node_modules/strip-final-newline
4457 silly ADD node_modules/strip-bom
4458 silly ADD node_modules/strip-ansi-cjs
4459 silly ADD node_modules/strip-ansi
4460 silly ADD node_modules/string.prototype.trimstart
4461 silly ADD node_modules/string.prototype.trimend
4462 silly ADD node_modules/string.prototype.trim
4463 silly ADD node_modules/string-width-cjs
4464 silly ADD node_modules/string-width
4465 silly ADD node_modules/string-length
4466 silly ADD node_modules/string_decoder
4467 silly ADD node_modules/statuses
4468 silly ADD node_modules/stack-utils
4469 silly ADD node_modules/stack-utils/node_modules/escape-string-regexp
4470 silly ADD node_modules/stack-trace
4471 silly ADD node_modules/ssri
4472 silly ADD node_modules/ssri/node_modules/minipass
4473 silly ADD node_modules/sqlite3
4474 silly ADD node_modules/sqlite3/node_modules/ssri
4475 silly ADD node_modules/sqlite3/node_modules/socks-proxy-agent
4476 silly ADD node_modules/sqlite3/node_modules/node-gyp
4477 silly ADD node_modules/sqlite3/node_modules/node-addon-api
4478 silly ADD node_modules/sqlite3/node_modules/minipass-fetch
4479 silly ADD node_modules/sqlite3/node_modules/make-fetch-happen
4480 silly ADD node_modules/sqlite3/node_modules/lru-cache
4481 silly ADD node_modules/sqlite3/node_modules/http-proxy-agent
4482 silly ADD node_modules/sqlite3/node_modules/glob
4483 silly ADD node_modules/sqlite3/node_modules/cacache
4484 silly ADD node_modules/sqlite3/node_modules/@tootallnate/once
4485 silly ADD node_modules/sqlite3/node_modules/@npmcli/move-file
4486 silly ADD node_modules/sqlite3/node_modules/@npmcli/fs
4487 silly ADD node_modules/sprintf-js
4488 silly ADD node_modules/split2
4489 silly ADD node_modules/spdx-license-ids
4490 silly ADD node_modules/spdx-expression-parse
4491 silly ADD node_modules/spdx-exceptions
4492 silly ADD node_modules/spdx-correct
4493 silly ADD node_modules/spawn-please
4494 silly ADD node_modules/spawn-command
4495 silly ADD node_modules/source-map-support
4496 silly ADD node_modules/source-map-js
4497 silly ADD node_modules/source-map
4498 silly ADD node_modules/sonic-boom
4499 silly ADD node_modules/sodium-native
4500 silly ADD node_modules/socks-proxy-agent
4501 silly ADD node_modules/socks
4502 silly ADD node_modules/smart-buffer
4503 silly ADD node_modules/slash
4504 silly ADD node_modules/sisteransi
4505 silly ADD node_modules/simple-get
4506 silly ADD node_modules/simple-concat
4507 silly ADD node_modules/sigstore
4508 silly ADD node_modules/signal-exit
4509 silly ADD node_modules/side-channel
4510 silly ADD node_modules/shell-quote
4511 silly ADD node_modules/shebang-regex
4512 silly ADD node_modules/shebang-command
4513 silly ADD node_modules/shallow-clone
4514 silly ADD node_modules/setprototypeof
4515 silly ADD node_modules/set-function-name
4516 silly ADD node_modules/set-function-length
4517 silly ADD node_modules/set-cookie-parser
4518 silly ADD node_modules/set-blocking
4519 silly ADD node_modules/serialize-javascript
4520 silly ADD node_modules/sequelize-pool
4521 silly ADD node_modules/sequelize-cli
4522 silly ADD node_modules/sequelize-cli/node_modules/yargs-parser
4523 silly ADD node_modules/sequelize-cli/node_modules/yargs
4524 silly ADD node_modules/sequelize-cli/node_modules/wrap-ansi
4525 silly ADD node_modules/sequelize-cli/node_modules/cliui
4526 silly ADD node_modules/sequelize
4527 silly ADD node_modules/semver-utils
4528 silly ADD node_modules/semver-diff
4529 silly ADD node_modules/semver
4530 silly ADD node_modules/semver/node_modules/lru-cache
4531 silly ADD node_modules/secure-json-parse
4532 silly ADD node_modules/schema-utils
4533 silly ADD node_modules/schema-utils/node_modules/json-schema-traverse
4534 silly ADD node_modules/schema-utils/node_modules/ajv-keywords
4535 silly ADD node_modules/schema-utils/node_modules/ajv
4536 silly ADD node_modules/safer-buffer
4537 silly ADD node_modules/safe-stable-stringify
4538 silly ADD node_modules/safe-regex2
4539 silly ADD node_modules/safe-regex-test
4540 silly ADD node_modules/safe-buffer
4541 silly ADD node_modules/safe-array-concat
4542 silly ADD node_modules/rxjs
4543 silly ADD node_modules/run-parallel
4544 silly ADD node_modules/rimraf
4545 silly ADD node_modules/rimraf/node_modules/glob
4546 silly ADD node_modules/rfdc
4547 silly ADD node_modules/reusify
4548 silly ADD node_modules/retry-as-promised
4549 silly ADD node_modules/retry
4550 silly ADD node_modules/ret
4551 silly ADD node_modules/responselike
4552 silly ADD node_modules/responselike/node_modules/lowercase-keys
4553 silly ADD node_modules/resolve.exports
4554 silly ADD node_modules/resolve-from
4555 silly ADD node_modules/resolve-cwd
4556 silly ADD node_modules/resolve-alpn
4557 silly ADD node_modules/resolve
4558 silly ADD node_modules/require-from-string
4559 silly ADD node_modules/require-directory
4560 silly ADD node_modules/remote-git-tags
4561 silly ADD node_modules/registry-url
4562 silly ADD node_modules/registry-auth-token
4563 silly ADD node_modules/regexp.prototype.flags
4564 silly ADD node_modules/regenerator-runtime
4565 silly ADD node_modules/rechoir
4566 silly ADD node_modules/real-require
4567 silly ADD node_modules/readdirp
4568 silly ADD node_modules/readable-stream
4569 silly ADD node_modules/read-package-json-fast
4570 silly ADD node_modules/read-package-json-fast/node_modules/json-parse-even-better-errors
4571 silly ADD node_modules/read-package-json
4572 silly ADD node_modules/read-package-json/node_modules/json-parse-even-better-errors
4573 silly ADD node_modules/react-is
4574 silly ADD node_modules/rc-config-loader
4575 silly ADD node_modules/rc
4576 silly ADD node_modules/rc/node_modules/strip-json-comments
4577 silly ADD node_modules/rc/node_modules/ini
4578 silly ADD node_modules/randombytes
4579 silly ADD node_modules/quick-lru
4580 silly ADD node_modules/quick-format-unescaped
4581 silly ADD node_modules/queue-microtask
4582 silly ADD node_modules/qs
4583 silly ADD node_modules/pure-rand
4584 silly ADD node_modules/pupa
4585 silly ADD node_modules/punycode
4586 silly ADD node_modules/pump
4587 silly ADD node_modules/pug-walk
4588 silly ADD node_modules/pug-strip-comments
4589 silly ADD node_modules/pug-runtime
4590 silly ADD node_modules/pug-parser
4591 silly ADD node_modules/pug-load
4592 silly ADD node_modules/pug-linker
4593 silly ADD node_modules/pug-lexer
4594 silly ADD node_modules/pug-filters
4595 silly ADD node_modules/pug-error
4596 silly ADD node_modules/pug-code-gen
4597 silly ADD node_modules/pug-attrs
4598 silly ADD node_modules/pug
4599 silly ADD node_modules/proxy-addr
4600 silly ADD node_modules/proto-list
4601 silly ADD node_modules/prompts-ncu
4602 silly ADD node_modules/prompts-ncu/node_modules/kleur
4603 silly ADD node_modules/prompts
4604 silly ADD node_modules/promise-retry
4605 silly ADD node_modules/promise-inflight
4606 silly ADD node_modules/promise
4607 silly ADD node_modules/progress
4608 silly ADD node_modules/process-warning
4609 silly ADD node_modules/process
4610 silly ADD node_modules/proc-log
4611 silly ADD node_modules/pretty-format
4612 silly ADD node_modules/pretty-format/node_modules/ansi-styles
4613 silly ADD node_modules/prelude-ls
4614 silly ADD node_modules/prebuild-install
4615 silly ADD node_modules/postgres-interval
4616 silly ADD node_modules/postgres-date
4617 silly ADD node_modules/postgres-bytea
4618 silly ADD node_modules/postgres-array
4619 silly ADD node_modules/postcss-value-parser
4620 silly ADD node_modules/postcss-selector-parser
4621 silly ADD node_modules/postcss-modules-values
4622 silly ADD node_modules/postcss-modules-scope
4623 silly ADD node_modules/postcss-modules-local-by-default
4624 silly ADD node_modules/postcss-modules-extract-imports
4625 silly ADD node_modules/postcss
4626 silly ADD node_modules/possible-typed-array-names
4627 silly ADD node_modules/pkg-up
4628 silly ADD node_modules/pkg-up/node_modules/path-exists
4629 silly ADD node_modules/pkg-up/node_modules/p-locate
4630 silly ADD node_modules/pkg-up/node_modules/p-limit
4631 silly ADD node_modules/pkg-up/node_modules/locate-path
4632 silly ADD node_modules/pkg-up/node_modules/find-up
4633 silly ADD node_modules/pkg-dir
4634 silly ADD node_modules/pkg-dir/node_modules/p-locate
4635 silly ADD node_modules/pkg-dir/node_modules/p-limit
4636 silly ADD node_modules/pkg-dir/node_modules/locate-path
4637 silly ADD node_modules/pkg-dir/node_modules/find-up
4638 silly ADD node_modules/pirates
4639 silly ADD node_modules/pino-std-serializers
4640 silly ADD node_modules/pino-pretty
4641 silly ADD node_modules/pino-pretty/node_modules/readable-stream
4642 silly ADD node_modules/pino-pretty/node_modules/help-me
4643 silly ADD node_modules/pino-pretty/node_modules/buffer
4644 silly ADD node_modules/pino-abstract-transport
4645 silly ADD node_modules/pino-abstract-transport/node_modules/split2
4646 silly ADD node_modules/pino-abstract-transport/node_modules/readable-stream
4647 silly ADD node_modules/pino-abstract-transport/node_modules/buffer
4648 silly ADD node_modules/pino
4649 silly ADD node_modules/picomatch
4650 silly ADD node_modules/picocolors
4651 silly ADD node_modules/pgpass
4652 silly ADD node_modules/pgpass/node_modules/split2
4653 silly ADD node_modules/pg-types
4654 silly ADD node_modules/pg-protocol
4655 silly ADD node_modules/pg-pool
4656 silly ADD node_modules/pg-int8
4657 silly ADD node_modules/pg-connection-string
4658 silly ADD node_modules/pg-cloudflare
4659 silly ADD node_modules/pg
4660 silly ADD node_modules/pg/node_modules/pg-connection-string
4661 silly ADD node_modules/path-type
4662 silly ADD node_modules/path-to-regexp
4663 silly ADD node_modules/path-scurry
4664 silly ADD node_modules/path-scurry/node_modules/minipass
4665 silly ADD node_modules/path-scurry/node_modules/lru-cache
4666 silly ADD node_modules/path-parse
4667 silly ADD node_modules/path-key
4668 silly ADD node_modules/path-is-absolute
4669 silly ADD node_modules/path-exists
4670 silly ADD node_modules/parse-json
4671 silly ADD node_modules/parse-github-url
4672 silly ADD node_modules/parent-module
4673 silly ADD node_modules/pacote
4674 silly ADD node_modules/pacote/node_modules/minipass
4675 silly ADD node_modules/pacote/node_modules/fs-minipass
4676 silly ADD node_modules/pacote/node_modules/fs-minipass/node_modules/minipass
4677 silly ADD node_modules/package-json
4678 silly ADD node_modules/p-try
4679 silly ADD node_modules/p-map
4680 silly ADD node_modules/p-locate
4681 silly ADD node_modules/p-limit
4682 silly ADD node_modules/p-cancelable
4683 silly ADD node_modules/optionator
4684 silly ADD node_modules/onetime
4685 silly ADD node_modules/once
4686 silly ADD node_modules/on-exit-leak-free
4687 silly ADD node_modules/objection-unique
4688 silly ADD node_modules/objection
4689 silly ADD node_modules/objection/node_modules/json-schema-traverse
4690 silly ADD node_modules/objection/node_modules/ajv
4691 silly ADD node_modules/object.values
4692 silly ADD node_modules/object.groupby
4693 silly ADD node_modules/object.fromentries
4694 silly ADD node_modules/object.entries
4695 silly ADD node_modules/object.assign
4696 silly ADD node_modules/object-keys
4697 silly ADD node_modules/object-inspect
4698 silly ADD node_modules/object-assign
4699 silly ADD node_modules/npmlog
4700 silly ADD node_modules/npm-run-path
4701 silly ADD node_modules/npm-registry-fetch
4702 silly ADD node_modules/npm-registry-fetch/node_modules/minipass
4703 silly ADD node_modules/npm-pick-manifest
4704 silly ADD node_modules/npm-packlist
4705 silly ADD node_modules/npm-package-arg
4706 silly ADD node_modules/npm-package-arg/node_modules/lru-cache
4707 silly ADD node_modules/npm-package-arg/node_modules/hosted-git-info
4708 silly ADD node_modules/npm-normalize-package-bin
4709 silly ADD node_modules/npm-install-checks
4710 silly ADD node_modules/npm-check-updates
4711 silly ADD node_modules/npm-check-updates/node_modules/strip-json-comments
4712 silly ADD node_modules/npm-check-updates/node_modules/strip-ansi
4713 silly ADD node_modules/npm-check-updates/node_modules/source-map-support
4714 silly ADD node_modules/npm-check-updates/node_modules/rimraf
4715 silly ADD node_modules/npm-check-updates/node_modules/minimatch
4716 silly ADD node_modules/npm-check-updates/node_modules/ini
4717 silly ADD node_modules/npm-check-updates/node_modules/chalk
4718 silly ADD node_modules/npm-check-updates/node_modules/brace-expansion
4719 silly ADD node_modules/npm-check-updates/node_modules/ansi-regex
4720 silly ADD node_modules/npm-bundled
4721 silly ADD node_modules/normalize-url
4722 silly ADD node_modules/normalize-path
4723 silly ADD node_modules/normalize-package-data
4724 silly ADD node_modules/normalize-package-data/node_modules/lru-cache
4725 silly ADD node_modules/normalize-package-data/node_modules/hosted-git-info
4726 silly ADD node_modules/nopt
4727 silly ADD node_modules/node-releases
4728 silly ADD node_modules/node-int64
4729 silly ADD node_modules/node-gyp-build
4730 silly ADD node_modules/node-gyp
4731 silly ADD node_modules/node-gyp/node_modules/unique-slug
4732 silly ADD node_modules/node-gyp/node_modules/unique-filename
4733 silly ADD node_modules/node-gyp/node_modules/ssri
4734 silly ADD node_modules/node-gyp/node_modules/nopt
4735 silly ADD node_modules/node-gyp/node_modules/minipass-fetch
4736 silly ADD node_modules/node-gyp/node_modules/make-fetch-happen
4737 silly ADD node_modules/node-gyp/node_modules/lru-cache
4738 silly ADD node_modules/node-gyp/node_modules/glob
4739 silly ADD node_modules/node-gyp/node_modules/cacache
4740 silly ADD node_modules/node-gyp/node_modules/cacache/node_modules/minimatch
4741 silly ADD node_modules/node-gyp/node_modules/cacache/node_modules/glob
4742 silly ADD node_modules/node-gyp/node_modules/brace-expansion
4743 silly ADD node_modules/node-gyp/node_modules/@npmcli/fs
4744 silly ADD node_modules/node-addon-api
4745 silly ADD node_modules/node-abi
4746 silly ADD node_modules/next-tick
4747 silly ADD node_modules/neo-async
4748 silly ADD node_modules/negotiator
4749 silly ADD node_modules/natural-compare
4750 silly ADD node_modules/napi-build-utils
4751 silly ADD node_modules/nanoid
4752 silly ADD node_modules/mustache
4753 silly ADD node_modules/ms
4754 silly ADD node_modules/moment-timezone
4755 silly ADD node_modules/moment
4756 silly ADD node_modules/mkdirp-classic
4757 silly ADD node_modules/mkdirp
4758 silly ADD node_modules/minizlib
4759 silly ADD node_modules/minipass-sized
4760 silly ADD node_modules/minipass-pipeline
4761 silly ADD node_modules/minipass-json-stream
4762 silly ADD node_modules/minipass-flush
4763 silly ADD node_modules/minipass-fetch
4764 silly ADD node_modules/minipass-fetch/node_modules/minipass
4765 silly ADD node_modules/minipass-collect
4766 silly ADD node_modules/minipass
4767 silly ADD node_modules/minimist
4768 silly ADD node_modules/minimatch
4769 silly ADD node_modules/mini-css-extract-plugin
4770 silly ADD node_modules/mimic-response
4771 silly ADD node_modules/mimic-fn
4772 silly ADD node_modules/mime-types
4773 silly ADD node_modules/mime-db
4774 silly ADD node_modules/mime
4775 silly ADD node_modules/micromatch
4776 silly ADD node_modules/merge2
4777 silly ADD node_modules/merge-stream
4778 silly ADD node_modules/memoizee
4779 silly ADD node_modules/media-typer
4780 silly ADD node_modules/mdurl
4781 silly ADD node_modules/markdown-it
4782 silly ADD node_modules/makeerror
4783 silly ADD node_modules/make-promises-safe
4784 silly ADD node_modules/make-fetch-happen
4785 silly ADD node_modules/make-fetch-happen/node_modules/minipass
4786 silly ADD node_modules/make-fetch-happen/node_modules/lru-cache
4787 silly ADD node_modules/make-dir
4788 silly ADD node_modules/lru-queue
4789 silly ADD node_modules/lru-cache
4790 silly ADD node_modules/lru-cache/node_modules/yallist
4791 silly ADD node_modules/lowercase-keys
4792 silly ADD node_modules/lodash.merge
4793 silly ADD node_modules/lodash.isempty
4794 silly ADD node_modules/lodash.compact
4795 silly ADD node_modules/lodash.castarray
4796 silly ADD node_modules/lodash
4797 silly ADD node_modules/locate-path
4798 silly ADD node_modules/loader-runner
4799 silly ADD node_modules/linkify-it
4800 silly ADD node_modules/lines-and-columns
4801 silly ADD node_modules/light-my-request
4802 silly ADD node_modules/levn
4803 silly ADD node_modules/leven
4804 silly ADD node_modules/latest-version
4805 silly ADD node_modules/knex
4806 silly ADD node_modules/kleur
4807 silly ADD node_modules/kind-of
4808 silly ADD node_modules/keyv
4809 silly ADD node_modules/jstransformer-markdown-it
4810 silly ADD node_modules/jstransformer
4811 silly ADD node_modules/jsonparse
4812 silly ADD node_modules/jsonlines
4813 silly ADD node_modules/jsonfile
4814 silly ADD node_modules/json5
4815 silly ADD node_modules/json-stable-stringify-without-jsonify
4816 silly ADD node_modules/json-schema-traverse
4817 silly ADD node_modules/json-schema-ref-resolver
4818 silly ADD node_modules/json-parse-helpfulerror
4819 silly ADD node_modules/json-parse-even-better-errors
4820 silly ADD node_modules/json-buffer
4821 silly ADD node_modules/jsesc
4822 silly ADD node_modules/js-yaml
4823 silly ADD node_modules/js-tokens
4824 silly ADD node_modules/js-stringify
4825 silly ADD node_modules/js-cookie
4826 silly ADD node_modules/js-beautify
4827 silly ADD node_modules/js-beautify/node_modules/nopt
4828 silly ADD node_modules/js-beautify/node_modules/abbrev
4829 silly ADD node_modules/jquery
4830 silly ADD node_modules/joycon
4831 silly ADD node_modules/jju
4832 silly ADD node_modules/jest-worker
4833 silly ADD node_modules/jest-worker/node_modules/supports-color
4834 silly ADD node_modules/jest-watcher
4835 silly ADD node_modules/jest-validate
4836 silly ADD node_modules/jest-validate/node_modules/camelcase
4837 silly ADD node_modules/jest-util
4838 silly ADD node_modules/jest-snapshot
4839 silly ADD node_modules/jest-runtime
4840 silly ADD node_modules/jest-runtime/node_modules/glob
4841 silly ADD node_modules/jest-runner
4842 silly ADD node_modules/jest-resolve-dependencies
4843 silly ADD node_modules/jest-resolve
4844 silly ADD node_modules/jest-regex-util
4845 silly ADD node_modules/jest-pnp-resolver
4846 silly ADD node_modules/jest-mock
4847 silly ADD node_modules/jest-message-util
4848 silly ADD node_modules/jest-matcher-utils
4849 silly ADD node_modules/jest-leak-detector
4850 silly ADD node_modules/jest-haste-map
4851 silly ADD node_modules/jest-get-type
4852 silly ADD node_modules/jest-environment-node
4853 silly ADD node_modules/jest-each
4854 silly ADD node_modules/jest-docblock
4855 silly ADD node_modules/jest-diff
4856 silly ADD node_modules/jest-config
4857 silly ADD node_modules/jest-config/node_modules/glob
4858 silly ADD node_modules/jest-cli
4859 silly ADD node_modules/jest-circus
4860 silly ADD node_modules/jest-changed-files
4861 silly ADD node_modules/jest
4862 silly ADD node_modules/jackspeak
4863 silly ADD node_modules/istanbul-reports
4864 silly ADD node_modules/istanbul-lib-source-maps
4865 silly ADD node_modules/istanbul-lib-report
4866 silly ADD node_modules/istanbul-lib-instrument
4867 silly ADD node_modules/istanbul-lib-coverage
4868 silly ADD node_modules/isobject
4869 silly ADD node_modules/isexe
4870 silly ADD node_modules/isbinaryfile
4871 silly ADD node_modules/isarray
4872 silly ADD node_modules/is-yarn-global
4873 silly ADD node_modules/is-weakref
4874 silly ADD node_modules/is-typedarray
4875 silly ADD node_modules/is-typed-array
4876 silly ADD node_modules/is-symbol
4877 silly ADD node_modules/is-string
4878 silly ADD node_modules/is-stream
4879 silly ADD node_modules/is-shared-array-buffer
4880 silly ADD node_modules/is-regex
4881 silly ADD node_modules/is-promise
4882 silly ADD node_modules/is-plain-object
4883 silly ADD node_modules/is-path-inside
4884 silly ADD node_modules/is-obj
4885 silly ADD node_modules/is-number-object
4886 silly ADD node_modules/is-number
4887 silly ADD node_modules/is-npm
4888 silly ADD node_modules/is-negative-zero
4889 silly ADD node_modules/is-lambda
4890 silly ADD node_modules/is-installed-globally
4891 silly ADD node_modules/is-glob
4892 silly ADD node_modules/is-generator-fn
4893 silly ADD node_modules/is-fullwidth-code-point
4894 silly ADD node_modules/is-extglob
4895 silly ADD node_modules/is-expression
4896 silly ADD node_modules/is-expression/node_modules/acorn
4897 silly ADD node_modules/is-docker
4898 silly ADD node_modules/is-date-object
4899 silly ADD node_modules/is-data-view
4900 silly ADD node_modules/is-core-module
4901 silly ADD node_modules/is-ci
4902 silly ADD node_modules/is-callable
4903 silly ADD node_modules/is-boolean-object
4904 silly ADD node_modules/is-binary-path
4905 silly ADD node_modules/is-bigint
4906 silly ADD node_modules/is-arrayish
4907 silly ADD node_modules/is-array-buffer
4908 silly ADD node_modules/ipaddr.js
4909 silly ADD node_modules/ip
4910 silly ADD node_modules/interpret
4911 silly ADD node_modules/internal-slot
4912 silly ADD node_modules/ini
4913 silly ADD node_modules/inherits
4914 silly ADD node_modules/inflight
4915 silly ADD node_modules/inflection
4916 silly ADD node_modules/infer-owner
4917 silly ADD node_modules/indent-string
4918 silly ADD node_modules/imurmurhash
4919 silly ADD node_modules/import-local
4920 silly ADD node_modules/import-lazy
4921 silly ADD node_modules/import-fresh
4922 silly ADD node_modules/import-fresh/node_modules/resolve-from
4923 silly ADD node_modules/ignore-walk
4924 silly ADD node_modules/ignore-walk/node_modules/minimatch
4925 silly ADD node_modules/ignore-walk/node_modules/brace-expansion
4926 silly ADD node_modules/ignore
4927 silly ADD node_modules/ieee754
4928 silly ADD node_modules/icss-utils
4929 silly ADD node_modules/iconv-lite
4930 silly ADD node_modules/i18next
4931 silly ADD node_modules/humanize-ms
4932 silly ADD node_modules/human-signals
4933 silly ADD node_modules/https-proxy-agent
4934 silly ADD node_modules/http2-wrapper
4935 silly ADD node_modules/http-proxy-agent
4936 silly ADD node_modules/http-errors
4937 silly ADD node_modules/http-cache-semantics
4938 silly ADD node_modules/html-escaper
4939 silly ADD node_modules/hosted-git-info
4940 silly ADD node_modules/hosted-git-info/node_modules/lru-cache
4941 silly ADD node_modules/help-me
4942 silly ADD node_modules/help-me/node_modules/minimatch
4943 silly ADD node_modules/help-me/node_modules/glob
4944 silly ADD node_modules/help-me/node_modules/brace-expansion
4945 silly ADD node_modules/hasown
4946 silly ADD node_modules/hashlru
4947 silly ADD node_modules/has-yarn
4948 silly ADD node_modules/has-unicode
4949 silly ADD node_modules/has-tostringtag
4950 silly ADD node_modules/has-symbols
4951 silly ADD node_modules/has-proto
4952 silly ADD node_modules/has-property-descriptors
4953 silly ADD node_modules/has-flag
4954 silly ADD node_modules/has-bigints
4955 silly ADD node_modules/graphemer
4956 silly ADD node_modules/graceful-fs
4957 silly ADD node_modules/got
4958 silly ADD node_modules/gopd
4959 silly ADD node_modules/globby
4960 silly ADD node_modules/globalthis
4961 silly ADD node_modules/globals
4962 silly ADD node_modules/global-dirs
4963 silly ADD node_modules/glob-to-regexp
4964 silly ADD node_modules/glob-parent
4965 silly ADD node_modules/glob
4966 silly ADD node_modules/glob/node_modules/minipass
4967 silly ADD node_modules/glob/node_modules/minimatch
4968 silly ADD node_modules/glob/node_modules/brace-expansion
4969 silly ADD node_modules/github-from-package
4970 silly ADD node_modules/getopts
4971 silly ADD node_modules/get-symbol-description
4972 silly ADD node_modules/get-stream
4973 silly ADD node_modules/get-stdin
4974 silly ADD node_modules/get-package-type
4975 silly ADD node_modules/get-intrinsic
4976 silly ADD node_modules/get-caller-file
4977 silly ADD node_modules/gensync
4978 silly ADD node_modules/generify
4979 silly ADD node_modules/gauge
4980 silly ADD node_modules/functions-have-names
4981 silly ADD node_modules/function.prototype.name
4982 silly ADD node_modules/function-bind
4983 silly ADD
4984 silly ADD node_modules/fs.realpath
4985 silly ADD node_modules/fs-minipass
4986 silly ADD node_modules/fs-extra
4987 silly ADD node_modules/fs-constants
4988 silly ADD node_modules/fp-and-or
4989 silly ADD node_modules/forwarded
4990 silly ADD node_modules/form-data-encoder
4991 silly ADD node_modules/foreground-child
4992 silly ADD node_modules/foreground-child/node_modules/signal-exit
4993 silly ADD node_modules/for-each
4994 silly ADD node_modules/flatted
4995 silly ADD node_modules/flat-cache
4996 silly ADD node_modules/find-up
4997 silly ADD node_modules/find-my-way
4998 silly ADD node_modules/fill-range
4999 silly ADD node_modules/file-uri-to-path
5000 silly ADD node_modules/file-entry-cache
5001 silly ADD node_modules/fb-watchman
5002 silly ADD node_modules/fastq
5003 silly ADD node_modules/fastify-reverse-routes
5004 silly ADD node_modules/fastify-plugin
5005 silly ADD node_modules/fastify-objectionjs
5006 silly ADD node_modules/fastify-objectionjs/node_modules/pg-connection-string
5007 silly ADD node_modules/fastify-objectionjs/node_modules/knex
5008 silly ADD node_modules/fastify-objectionjs/node_modules/fastify-plugin
5009 silly ADD node_modules/fastify-method-override
5010 silly ADD node_modules/fastify-method-override/node_modules/fastify-plugin
5011 silly ADD node_modules/fastify-error-page
5012 silly ADD node_modules/fastify-error-page/node_modules/fastify-plugin
5013 silly ADD node_modules/fastify-cli
5014 silly ADD node_modules/fastify-cli/node_modules/readable-stream
5015 silly ADD node_modules/fastify-cli/node_modules/pino-pretty
5016 silly ADD node_modules/fastify-cli/node_modules/pino-pretty/node_modules/help-me
5017 silly ADD node_modules/fastify-cli/node_modules/fastify-plugin
5018 silly ADD node_modules/fastify-cli/node_modules/buffer
5019 silly ADD node_modules/fastify
5020 silly ADD node_modules/fastest-levenshtein
5021 silly ADD node_modules/fast-uri
5022 silly ADD node_modules/fast-safe-stringify
5023 silly ADD node_modules/fast-redact
5024 silly ADD node_modules/fast-querystring
5025 silly ADD node_modules/fast-memoize
5026 silly ADD node_modules/fast-levenshtein
5027 silly ADD node_modules/fast-json-stringify
5028 silly ADD node_modules/fast-json-stringify/node_modules/json-schema-traverse
5029 silly ADD node_modules/fast-json-stringify/node_modules/ajv-formats
5030 silly ADD node_modules/fast-json-stringify/node_modules/ajv
5031 silly ADD node_modules/fast-json-stable-stringify
5032 silly ADD node_modules/fast-glob
5033 silly ADD node_modules/fast-glob/node_modules/glob-parent
5034 silly ADD node_modules/fast-deep-equal
5035 silly ADD node_modules/fast-decode-uri-component
5036 silly ADD node_modules/fast-copy
5037 silly ADD node_modules/fast-content-type-parse
5038 silly ADD node_modules/ext
5039 silly ADD node_modules/exponential-backoff
5040 silly ADD node_modules/expect
5041 silly ADD node_modules/expand-template
5042 silly ADD node_modules/exit
5043 silly ADD node_modules/execa
5044 silly ADD node_modules/events
5045 silly ADD node_modules/event-target-shim
5046 silly ADD node_modules/event-emitter
5047 silly ADD node_modules/esutils
5048 silly ADD node_modules/estraverse
5049 silly ADD node_modules/esrecurse
5050 silly ADD node_modules/esquery
5051 silly ADD node_modules/esprima
5052 silly ADD node_modules/espree
5053 silly ADD node_modules/espree/node_modules/eslint-visitor-keys
5054 silly ADD node_modules/esniff
5055 silly ADD node_modules/esm
5056 silly ADD node_modules/eslint-visitor-keys
5057 silly ADD node_modules/eslint-scope
5058 silly ADD node_modules/eslint-plugin-import
5059 silly ADD node_modules/eslint-plugin-import/node_modules/semver
5060 silly ADD node_modules/eslint-plugin-import/node_modules/doctrine
5061 silly ADD node_modules/eslint-plugin-import/node_modules/debug
5062 silly ADD node_modules/eslint-module-utils
5063 silly ADD node_modules/eslint-module-utils/node_modules/debug
5064 silly ADD node_modules/eslint-import-resolver-node
5065 silly ADD node_modules/eslint-import-resolver-node/node_modules/debug
5066 silly ADD node_modules/eslint-config-airbnb-base
5067 silly ADD node_modules/eslint-config-airbnb-base/node_modules/semver
5068 silly ADD node_modules/eslint
5069 silly ADD node_modules/eslint/node_modules/globals
5070 silly ADD node_modules/eslint/node_modules/espree
5071 silly ADD node_modules/eslint/node_modules/escape-string-regexp
5072 silly ADD node_modules/eslint/node_modules/@eslint/js
5073 silly ADD node_modules/eslint/node_modules/@eslint/eslintrc
5074 silly ADD node_modules/escape-string-regexp
5075 silly ADD node_modules/escape-html
5076 silly ADD node_modules/escape-goat
5077 silly ADD node_modules/escalade
5078 silly ADD node_modules/es6-weak-map
5079 silly ADD node_modules/es6-symbol
5080 silly ADD node_modules/es6-iterator
5081 silly ADD node_modules/es5-ext
5082 silly ADD node_modules/es-to-primitive
5083 silly ADD node_modules/es-shim-unscopables
5084 silly ADD node_modules/es-set-tostringtag
5085 silly ADD node_modules/es-object-atoms
5086 silly ADD node_modules/es-module-lexer
5087 silly ADD node_modules/es-errors
5088 silly ADD node_modules/es-define-property
5089 silly ADD node_modules/es-abstract
5090 silly ADD node_modules/error-ex
5091 silly ADD node_modules/err-code
5092 silly ADD node_modules/envinfo
5093 silly ADD node_modules/env-paths
5094 silly ADD node_modules/entities
5095 silly ADD node_modules/enhanced-resolve
5096 silly ADD node_modules/end-of-stream
5097 silly ADD node_modules/encoding
5098 silly ADD node_modules/emoji-regex
5099 silly ADD node_modules/emittery
5100 silly ADD node_modules/electron-to-chromium
5101 silly ADD node_modules/editorconfig
5102 silly ADD node_modules/editorconfig/node_modules/minimatch
5103 silly ADD node_modules/editorconfig/node_modules/brace-expansion
5104 silly ADD node_modules/eastasianwidth
5105 silly ADD node_modules/dottie
5106 silly ADD node_modules/dotenv
5107 silly ADD node_modules/dot-prop
5108 silly ADD node_modules/doctypes
5109 silly ADD node_modules/doctrine
5110 silly ADD node_modules/dir-glob
5111 silly ADD node_modules/diff-sequences
5112 silly ADD node_modules/detect-newline
5113 silly ADD node_modules/detect-libc
5114 silly ADD node_modules/depd
5115 silly ADD node_modules/delegates
5116 silly ADD node_modules/define-properties
5117 silly ADD node_modules/define-data-property
5118 silly ADD node_modules/defer-to-connect
5119 silly ADD node_modules/deepmerge
5120 silly ADD node_modules/deep-is
5121 silly ADD node_modules/deep-extend
5122 silly ADD node_modules/dedent
5123 silly ADD node_modules/decompress-response
5124 silly ADD node_modules/decompress-response/node_modules/mimic-response
5125 silly ADD node_modules/debug
5126 silly ADD node_modules/debug/node_modules/ms
5127 silly ADD node_modules/db-errors
5128 silly ADD node_modules/dateformat
5129 silly ADD node_modules/date-fns
5130 silly ADD node_modules/data-view-byte-offset
5131 silly ADD node_modules/data-view-byte-length
5132 silly ADD node_modules/data-view-buffer
5133 silly ADD node_modules/d
5134 silly ADD node_modules/cssesc
5135 silly ADD node_modules/css-loader
5136 silly ADD node_modules/crypto-random-string
5137 silly ADD node_modules/crypto-random-string/node_modules/type-fest
5138 silly ADD node_modules/cross-spawn
5139 silly ADD node_modules/create-jest
5140 silly ADD node_modules/cookie-signature
5141 silly ADD node_modules/cookie
5142 silly ADD node_modules/convert-source-map
5143 silly ADD node_modules/content-disposition
5144 silly ADD node_modules/constantinople
5145 silly ADD node_modules/console-control-strings
5146 silly ADD node_modules/confusing-browser-globals
5147 silly ADD node_modules/configstore
5148 silly ADD node_modules/configstore/node_modules/write-file-atomic
5149 silly ADD node_modules/config-chain
5150 silly ADD node_modules/config-chain/node_modules/ini
5151 silly ADD node_modules/concurrently
5152 silly ADD node_modules/concurrently/node_modules/supports-color
5153 silly ADD node_modules/concat-map
5154 silly ADD node_modules/commist
5155 silly ADD node_modules/commander
5156 silly ADD node_modules/colorette
5157 silly ADD node_modules/color-support
5158 silly ADD node_modules/color-name
5159 silly ADD node_modules/color-convert
5160 silly ADD node_modules/collect-v8-coverage
5161 silly ADD node_modules/co
5162 silly ADD node_modules/close-with-grace
5163 silly ADD node_modules/clone-response
5164 silly ADD node_modules/clone-deep
5165 silly ADD node_modules/cliui
5166 silly ADD node_modules/cliui/node_modules/wrap-ansi
5167 silly ADD node_modules/cli-table3
5168 silly ADD node_modules/cli-color
5169 silly ADD node_modules/cli-boxes
5170 silly ADD node_modules/clean-stack
5171 silly ADD node_modules/cjs-module-lexer
5172 silly ADD node_modules/ci-info
5173 silly ADD node_modules/chrome-trace-event
5174 silly ADD node_modules/chownr
5175 silly ADD node_modules/chokidar
5176 silly ADD node_modules/chokidar/node_modules/glob-parent
5177 silly ADD node_modules/character-parser
5178 silly ADD node_modules/char-regex
5179 silly ADD node_modules/chalk
5180 silly ADD node_modules/caniuse-lite
5181 silly ADD node_modules/camelcase
5182 silly ADD node_modules/callsites
5183 silly ADD node_modules/call-bind
5184 silly ADD node_modules/cacheable-request
5185 silly ADD node_modules/cacheable-request/node_modules/lowercase-keys
5186 silly ADD node_modules/cacheable-request/node_modules/get-stream
5187 silly ADD node_modules/cacheable-lookup
5188 silly ADD node_modules/cacache
5189 silly ADD node_modules/cacache/node_modules/unique-slug
5190 silly ADD node_modules/cacache/node_modules/unique-filename
5191 silly ADD node_modules/cacache/node_modules/minipass
5192 silly ADD node_modules/cacache/node_modules/lru-cache
5193 silly ADD node_modules/cacache/node_modules/fs-minipass
5194 silly ADD node_modules/builtins
5195 silly ADD node_modules/buffer-from
5196 silly ADD node_modules/buffer
5197 silly ADD node_modules/bser
5198 silly ADD node_modules/browserslist
5199 silly ADD node_modules/braces
5200 silly ADD node_modules/brace-expansion
5201 silly ADD node_modules/boxen
5202 silly ADD node_modules/boxen/node_modules/type-fest
5203 silly ADD node_modules/boxen/node_modules/strip-ansi
5204 silly ADD node_modules/boxen/node_modules/string-width
5205 silly ADD node_modules/boxen/node_modules/emoji-regex
5206 silly ADD node_modules/boxen/node_modules/chalk
5207 silly ADD node_modules/boxen/node_modules/camelcase
5208 silly ADD node_modules/boxen/node_modules/ansi-regex
5209 silly ADD node_modules/bootstrap
5210 silly ADD node_modules/bluebird
5211 silly ADD node_modules/bl
5212 silly ADD node_modules/bindings
5213 silly ADD node_modules/binary-extensions
5214 silly ADD node_modules/better-sqlite3
5215 silly ADD node_modules/base64-js
5216 silly ADD node_modules/balanced-match
5217 silly ADD node_modules/babel-walk
5218 silly ADD node_modules/babel-preset-jest
5219 silly ADD node_modules/babel-preset-current-node-syntax
5220 silly ADD node_modules/babel-plugin-jest-hoist
5221 silly ADD node_modules/babel-plugin-istanbul
5222 silly ADD node_modules/babel-plugin-istanbul/node_modules/semver
5223 silly ADD node_modules/babel-plugin-istanbul/node_modules/istanbul-lib-instrument
5224 silly ADD node_modules/babel-jest
5225 silly ADD node_modules/avvio
5226 silly ADD node_modules/available-typed-arrays
5227 silly ADD node_modules/atomic-sleep
5228 silly ADD node_modules/at-least-node
5229 silly ADD node_modules/assert-never
5230 silly ADD node_modules/asap
5231 silly ADD node_modules/arraybuffer.prototype.slice
5232 silly ADD node_modules/array.prototype.flatmap
5233 silly ADD node_modules/array.prototype.flat
5234 silly ADD node_modules/array.prototype.findlastindex
5235 silly ADD node_modules/array-union
5236 silly ADD node_modules/array-includes
5237 silly ADD node_modules/array-buffer-byte-length
5238 silly ADD node_modules/argparse
5239 silly ADD node_modules/are-we-there-yet
5240 silly ADD node_modules/archy
5241 silly ADD node_modules/aproba
5242 silly ADD node_modules/anymatch
5243 silly ADD node_modules/ansi-styles
5244 silly ADD node_modules/ansi-regex
5245 silly ADD node_modules/ansi-escapes
5246 silly ADD node_modules/ansi-escapes/node_modules/type-fest
5247 silly ADD node_modules/ansi-align
5248 silly ADD node_modules/ajv-keywords
5249 silly ADD node_modules/ajv-formats
5250 silly ADD node_modules/ajv-formats/node_modules/json-schema-traverse
5251 silly ADD node_modules/ajv-formats/node_modules/ajv
5252 silly ADD node_modules/ajv
5253 silly ADD node_modules/aggregate-error
5254 silly ADD node_modules/agentkeepalive
5255 silly ADD node_modules/agentkeepalive/node_modules/depd
5256 silly ADD node_modules/agent-base
5257 silly ADD node_modules/acorn-jsx
5258 silly ADD node_modules/acorn-import-assertions
5259 silly ADD node_modules/acorn
5260 silly ADD node_modules/abstract-logging
5261 silly ADD node_modules/abort-controller
5262 silly ADD node_modules/abbrev
5263 silly ADD node_modules/@xtuc/long
5264 silly ADD node_modules/@xtuc/ieee754
5265 silly ADD node_modules/@webpack-cli/serve
5266 silly ADD node_modules/@webpack-cli/info
5267 silly ADD node_modules/@webpack-cli/configtest
5268 silly ADD node_modules/@webassemblyjs/wast-printer
5269 silly ADD node_modules/@webassemblyjs/wasm-parser
5270 silly ADD node_modules/@webassemblyjs/wasm-opt
5271 silly ADD node_modules/@webassemblyjs/wasm-gen
5272 silly ADD node_modules/@webassemblyjs/wasm-edit
5273 silly ADD node_modules/@webassemblyjs/utf8
5274 silly ADD node_modules/@webassemblyjs/leb128
5275 silly ADD node_modules/@webassemblyjs/ieee754
5276 silly ADD node_modules/@webassemblyjs/helper-wasm-section
5277 silly ADD node_modules/@webassemblyjs/helper-wasm-bytecode
5278 silly ADD node_modules/@webassemblyjs/helper-numbers
5279 silly ADD node_modules/@webassemblyjs/helper-buffer
5280 silly ADD node_modules/@webassemblyjs/helper-api-error
5281 silly ADD node_modules/@webassemblyjs/floating-point-hex-parser
5282 silly ADD node_modules/@webassemblyjs/ast
5283 silly ADD node_modules/@vscode/sqlite3
5284 silly ADD node_modules/@ungap/structured-clone
5285 silly ADD node_modules/@types/yargs-parser
5286 silly ADD node_modules/@types/yargs
5287 silly ADD node_modules/@types/validator
5288 silly ADD node_modules/@types/stack-utils
5289 silly ADD node_modules/@types/stack-trace
5290 silly ADD node_modules/@types/semver-utils
5291 silly ADD node_modules/@types/responselike
5292 silly ADD node_modules/@types/node
5293 silly ADD node_modules/@types/ms
5294 silly ADD node_modules/@types/keyv
5295 silly ADD node_modules/@types/json5
5296 silly ADD node_modules/@types/json-schema
5297 silly ADD node_modules/@types/jest
5298 silly ADD node_modules/@types/istanbul-reports
5299 silly ADD node_modules/@types/istanbul-lib-report
5300 silly ADD node_modules/@types/istanbul-lib-coverage
5301 silly ADD node_modules/@types/http-cache-semantics
5302 silly ADD node_modules/@types/graceful-fs
5303 silly ADD node_modules/@types/estree
5304 silly ADD node_modules/@types/eslint-scope
5305 silly ADD node_modules/@types/eslint
5306 silly ADD node_modules/@types/debug
5307 silly ADD node_modules/@types/cacheable-request
5308 silly ADD node_modules/@types/babel__traverse
5309 silly ADD node_modules/@types/babel__template
5310 silly ADD node_modules/@types/babel__generator
5311 silly ADD node_modules/@types/babel__core
5312 silly ADD node_modules/@tufjs/models
5313 silly ADD node_modules/@tufjs/models/node_modules/minimatch
5314 silly ADD node_modules/@tufjs/models/node_modules/brace-expansion
5315 silly ADD node_modules/@tufjs/canonical-json
5316 silly ADD node_modules/@tootallnate/once
5317 silly ADD node_modules/@szmarczak/http-timer
5318 silly ADD node_modules/@sinonjs/fake-timers
5319 silly ADD node_modules/@sinonjs/commons
5320 silly ADD node_modules/@sindresorhus/is
5321 silly ADD node_modules/@sinclair/typebox
5322 silly ADD node_modules/@sigstore/tuf
5323 silly ADD node_modules/@sigstore/sign
5324 silly ADD node_modules/@sigstore/protobuf-specs
5325 silly ADD node_modules/@sigstore/bundle
5326 silly ADD node_modules/@rails/ujs
5327 silly ADD node_modules/@popperjs/core
5328 silly ADD node_modules/@pnpm/npm-conf
5329 silly ADD node_modules/@pnpm/network.ca-file
5330 silly ADD node_modules/@pkgjs/parseargs
5331 silly ADD node_modules/@one-ini/wasm
5332 silly ADD node_modules/@npmcli/run-script
5333 silly ADD node_modules/@npmcli/run-script/node_modules/which
5334 silly ADD node_modules/@npmcli/promise-spawn
5335 silly ADD node_modules/@npmcli/promise-spawn/node_modules/which
5336 silly ADD node_modules/@npmcli/node-gyp
5337 silly ADD node_modules/@npmcli/move-file
5338 silly ADD node_modules/@npmcli/installed-package-contents
5339 silly ADD node_modules/@npmcli/git
5340 silly ADD node_modules/@npmcli/git/node_modules/which
5341 silly ADD node_modules/@npmcli/git/node_modules/lru-cache
5342 silly ADD node_modules/@npmcli/fs
5343 silly ADD node_modules/@nodelib/fs.walk
5344 silly ADD node_modules/@nodelib/fs.stat
5345 silly ADD node_modules/@nodelib/fs.scandir
5346 silly ADD node_modules/@lukeed/ms
5347 silly ADD node_modules/@jridgewell/trace-mapping
5348 silly ADD node_modules/@jridgewell/sourcemap-codec
5349 silly ADD node_modules/@jridgewell/source-map
5350 silly ADD node_modules/@jridgewell/set-array
5351 silly ADD node_modules/@jridgewell/resolve-uri
5352 silly ADD node_modules/@jridgewell/gen-mapping
5353 silly ADD node_modules/@jest/types
5354 silly ADD node_modules/@jest/transform
5355 silly ADD node_modules/@jest/test-sequencer
5356 silly ADD node_modules/@jest/test-result
5357 silly ADD node_modules/@jest/source-map
5358 silly ADD node_modules/@jest/schemas
5359 silly ADD node_modules/@jest/reporters
5360 silly ADD node_modules/@jest/reporters/node_modules/glob
5361 silly ADD node_modules/@jest/globals
5362 silly ADD node_modules/@jest/fake-timers
5363 silly ADD node_modules/@jest/expect-utils
5364 silly ADD node_modules/@jest/expect
5365 silly ADD node_modules/@jest/environment
5366 silly ADD node_modules/@jest/core
5367 silly ADD node_modules/@jest/console
5368 silly ADD node_modules/@istanbuljs/schema
5369 silly ADD node_modules/@istanbuljs/load-nyc-config
5370 silly ADD node_modules/@istanbuljs/load-nyc-config/node_modules/p-locate
5371 silly ADD node_modules/@istanbuljs/load-nyc-config/node_modules/p-limit
5372 silly ADD node_modules/@istanbuljs/load-nyc-config/node_modules/locate-path
5373 silly ADD node_modules/@istanbuljs/load-nyc-config/node_modules/js-yaml
5374 silly ADD node_modules/@istanbuljs/load-nyc-config/node_modules/find-up
5375 silly ADD node_modules/@istanbuljs/load-nyc-config/node_modules/argparse
5376 silly ADD node_modules/@isaacs/cliui
5377 silly ADD node_modules/@isaacs/cliui/node_modules/strip-ansi
5378 silly ADD node_modules/@isaacs/cliui/node_modules/string-width
5379 silly ADD node_modules/@isaacs/cliui/node_modules/emoji-regex
5380 silly ADD node_modules/@isaacs/cliui/node_modules/ansi-regex
5381 silly ADD node_modules/@humanwhocodes/object-schema
5382 silly ADD node_modules/@humanwhocodes/module-importer
5383 silly ADD node_modules/@humanwhocodes/config-array
5384 silly ADD node_modules/@gar/promisify
5385 silly ADD node_modules/@fastify/view
5386 silly ADD node_modules/@fastify/view/node_modules/fastify-plugin
5387 silly ADD node_modules/@fastify/static
5388 silly ADD node_modules/@fastify/static/node_modules/fastify-plugin
5389 silly ADD node_modules/@fastify/sensible
5390 silly ADD node_modules/@fastify/sensible/node_modules/fastify-plugin
5391 silly ADD node_modules/@fastify/send
5392 silly ADD node_modules/@fastify/secure-session
5393 silly ADD node_modules/@fastify/secure-session/node_modules/fastify-plugin
5394 silly ADD node_modules/@fastify/merge-json-schemas
5395 silly ADD node_modules/@fastify/formbody
5396 silly ADD node_modules/@fastify/formbody/node_modules/fastify-plugin
5397 silly ADD node_modules/@fastify/flash
5398 silly ADD node_modules/@fastify/flash/node_modules/fastify-plugin
5399 silly ADD node_modules/@fastify/fast-json-stringify-compiler
5400 silly ADD node_modules/@fastify/error
5401 silly ADD node_modules/@fastify/deepmerge
5402 silly ADD node_modules/@fastify/cookie
5403 silly ADD node_modules/@fastify/cookie/node_modules/fastify-plugin
5404 silly ADD node_modules/@fastify/ajv-compiler
5405 silly ADD node_modules/@fastify/ajv-compiler/node_modules/json-schema-traverse
5406 silly ADD node_modules/@fastify/ajv-compiler/node_modules/ajv
5407 silly ADD node_modules/@fastify/accept-negotiator
5408 silly ADD node_modules/@eslint/js
5409 silly ADD node_modules/@eslint/eslintrc
5410 silly ADD node_modules/@eslint/eslintrc/node_modules/globals
5411 silly ADD node_modules/@eslint-community/regexpp
5412 silly ADD node_modules/@eslint-community/eslint-utils
5413 silly ADD node_modules/@discoveryjs/json-ext
5414 silly ADD node_modules/@colors/colors
5415 silly ADD node_modules/@bcoe/v8-coverage
5416 silly ADD node_modules/@babel/types
5417 silly ADD node_modules/@babel/traverse
5418 silly ADD node_modules/@babel/traverse/node_modules/globals
5419 silly ADD node_modules/@babel/template
5420 silly ADD node_modules/@babel/runtime
5421 silly ADD node_modules/@babel/plugin-syntax-typescript
5422 silly ADD node_modules/@babel/plugin-syntax-top-level-await
5423 silly ADD node_modules/@babel/plugin-syntax-optional-chaining
5424 silly ADD node_modules/@babel/plugin-syntax-optional-catch-binding
5425 silly ADD node_modules/@babel/plugin-syntax-object-rest-spread
5426 silly ADD node_modules/@babel/plugin-syntax-numeric-separator
5427 silly ADD node_modules/@babel/plugin-syntax-nullish-coalescing-operator
5428 silly ADD node_modules/@babel/plugin-syntax-logical-assignment-operators
5429 silly ADD node_modules/@babel/plugin-syntax-jsx
5430 silly ADD node_modules/@babel/plugin-syntax-json-strings
5431 silly ADD node_modules/@babel/plugin-syntax-import-meta
5432 silly ADD node_modules/@babel/plugin-syntax-class-properties
5433 silly ADD node_modules/@babel/plugin-syntax-bigint
5434 silly ADD node_modules/@babel/plugin-syntax-async-generators
5435 silly ADD node_modules/@babel/parser
5436 silly ADD node_modules/@babel/highlight
5437 silly ADD node_modules/@babel/highlight/node_modules/supports-color
5438 silly ADD node_modules/@babel/highlight/node_modules/has-flag
5439 silly ADD node_modules/@babel/highlight/node_modules/color-name
5440 silly ADD node_modules/@babel/highlight/node_modules/color-convert
5441 silly ADD node_modules/@babel/highlight/node_modules/chalk
5442 silly ADD node_modules/@babel/highlight/node_modules/ansi-styles
5443 silly ADD node_modules/@babel/helpers
5444 silly ADD node_modules/@babel/helper-validator-option
5445 silly ADD node_modules/@babel/helper-validator-identifier
5446 silly ADD node_modules/@babel/helper-string-parser
5447 silly ADD node_modules/@babel/helper-split-export-declaration
5448 silly ADD node_modules/@babel/helper-simple-access
5449 silly ADD node_modules/@babel/helper-plugin-utils
5450 silly ADD node_modules/@babel/helper-module-transforms
5451 silly ADD node_modules/@babel/helper-module-imports
5452 silly ADD node_modules/@babel/helper-hoist-variables
5453 silly ADD node_modules/@babel/helper-function-name
5454 silly ADD node_modules/@babel/helper-environment-visitor
5455 silly ADD node_modules/@babel/helper-compilation-targets
5456 silly ADD node_modules/@babel/helper-compilation-targets/node_modules/semver
5457 silly ADD node_modules/@babel/generator
5458 silly ADD node_modules/@babel/core
5459 silly ADD node_modules/@babel/core/node_modules/semver
5460 silly ADD node_modules/@babel/compat-data
5461 silly ADD node_modules/@babel/code-frame
5462 silly ADD node_modules/@ampproject/remapping
5463 silly ADD node_modules/@aashutoshrathi/word-wrap
5464 timing command:install Completed in 220400ms
5465 notice
5465 notice New [31mmajor[39m version of npm available! [31m10.5.0[39m -> [32m11.11.1[39m
5465 notice Changelog: [36mhttps://github.com/npm/cli/releases/tag/v11.11.1[39m
5465 notice Run [32mnpm install -g npm@11.11.1[39m to update!
5465 notice
5466 verbose exit 0
5467 timing npm Completed in 220708ms
5468 info ok
